Year,CreditScore,Geography,Gender,Age,Tenure,Balance,NumOfProducts,HasCrCard,IsActiveMember,EstimatedSalary,BalanceSalaryRatio,ProductDensity,EngagementProductInteraction,AgeTenureInteraction,ActualExited,ChurnProbability,RiskScore,RiskCategory,PredictedExited
2025,585,France,Male,36,7,0.0,2,1,0,94283.09,0.0,0.25,0,252,0,0.02334518400123187,2.334518400123187,Low,0
2025,525,Germany,Male,33,4,131023.76,2,0,0,55072.93,2.3790523029680286,0.4,0,132,0,0.08498153578184983,8.498153578184983,Low,0
2025,557,Spain,Female,40,4,0.0,2,0,1,105433.53,0.0,0.4,2,160,0,0.0408345621892397,4.08345621892397,Low,0
2025,639,Spain,Male,34,5,139393.19,2,0,0,33950.08,4.105707093853862,0.3333333333333333,0,170,0,0.046705111779016845,4.670511177901685,Low,0
2025,640,Spain,Female,34,3,77826.8,1,1,1,168544.85,0.4617544721510497,0.25,1,102,0,0.11164716576794557,11.164716576794557,Low,0
2025,559,Spain,Male,34,0,0.0,1,1,0,182988.94,0.0,1.0,0,0,0,0.16946307836757396,16.946307836757395,Low,0
2025,595,Germany,Male,30,9,130682.11,2,1,1,57862.88,2.258440152993543,0.2,2,270,0,0.05876581532073243,5.876581532073243,Low,0
2025,706,Germany,Female,29,6,185544.36,1,1,0,171037.63,1.0848096713590374,0.1428571428571428,0,174,0,0.29644737169882673,29.644737169882674,Low,0
2025,505,France,Male,49,7,80001.23,1,0,0,135180.11,0.5918077607144963,0.125,0,343,0,0.5053152753606538,50.53152753606538,Moderate,1
2025,714,France,Female,40,0,0.0,2,1,0,62762.12,0.0,2.0,0,0,0,0.08211722763926738,8.211722763926737,Low,0
2025,699,Germany,Female,54,3,111009.32,1,1,1,155905.79,0.7120236392526585,0.25,1,162,1,0.6697859584121332,66.97859584121332,High,1
2025,625,France,Female,38,7,0.0,1,1,0,164804.02,0.0,0.125,0,266,0,0.3126554347047871,31.26554347047871,Moderate,0
2025,721,France,Male,35,10,0.0,2,1,0,71594.26,0.0,0.1818181818181818,0,350,0,0.022715207276589194,2.2715207276589195,Low,0
2025,727,Spain,Female,31,10,96997.09,2,0,0,76614.04,1.2660319697020324,0.1818181818181818,0,310,0,0.04418464617912385,4.4184646179123845,Low,0
2025,670,France,Male,38,10,89416.99,1,0,0,144275.39,0.6197617642082672,0.0909090909090909,0,380,0,0.11380376738279792,11.380376738279791,Low,0
2025,702,Spain,Male,30,2,0.0,2,1,1,145537.32,0.0,0.6666666666666666,2,60,0,0.014592541618559643,1.4592541618559642,Low,0
2025,633,France,Female,42,1,0.0,2,1,0,56865.62,0.0,1.0,0,42,0,0.06205348971597947,6.205348971597947,Low,0
2025,491,Spain,Female,61,8,0.0,2,0,1,139861.53,0.0,0.2222222222222222,2,488,0,0.1215138318733107,12.15138318733107,Low,0
2025,617,Germany,Female,58,3,119024.75,2,1,0,35199.24,3.38136188844167,0.5,0,174,1,0.8633768735427978,86.33768735427978,Very High,1
2025,572,Germany,Female,35,1,139979.07,1,1,0,185662.84,0.7539382466720499,0.5,0,35,0,0.33285874619501765,33.28587461950177,Moderate,0
2025,551,France,Male,52,1,0.0,1,0,0,63584.55,0.0,0.5,0,52,1,0.805296013615873,80.5296013615873,Very High,1
2025,471,Spain,Male,26,8,0.0,2,1,1,179655.87,0.0,0.2222222222222222,2,208,0,0.021612600413244993,2.1612600413244993,Low,0
2025,466,France,Male,26,3,156815.71,1,1,1,137476.09,1.1406679469284664,0.25,1,78,0,0.0608678768511209,6.08678768511209,Low,0
2025,588,France,Male,44,8,154409.74,1,1,0,49324.03,3.1304540514217627,0.1111111111111111,0,352,1,0.3083776961075014,30.837769610750136,Moderate,0
2025,778,France,Female,34,7,109564.1,1,0,1,113046.81,0.9691837462397548,0.125,1,238,0,0.07785409425494763,7.7854094254947634,Low,0
2025,729,France,Male,34,3,152303.8,1,1,0,12128.69,12.556281322935703,0.25,0,102,0,0.09030628542764298,9.030628542764298,Low,0
2025,776,France,Female,43,4,0.0,2,0,1,162137.5,0.0,0.4,2,172,0,0.07298010036823332,7.2980100368233325,Low,0
2025,664,Spain,Male,35,1,115024.5,1,0,1,169665.79,0.6779435150508829,0.5,1,35,0,0.07356772370845507,7.3567723708455075,Low,0
2025,523,France,Male,36,8,158351.02,2,1,0,155304.53,1.019609668760668,0.2222222222222222,0,288,0,0.04268785228727358,4.268785228727358,Low,0
2025,733,Germany,Male,39,5,91538.51,1,1,1,93783.0,0.9760567900708008,0.1666666666666666,1,195,0,0.24249362425009685,24.249362425009686,Low,0
2025,693,France,Female,30,6,127992.25,1,1,1,50457.2,2.536599601254108,0.1428571428571428,1,180,0,0.07377037409687733,7.377037409687732,Low,0
2025,614,France,Male,46,4,0.0,1,1,0,74379.57,0.0,0.2,0,184,1,0.5516000452652401,55.160004526524006,Moderate,1
2025,775,France,Male,45,8,0.0,1,1,0,130376.68,0.0,0.1111111111111111,0,360,0,0.5359991945867404,53.59991945867404,Moderate,1
2025,633,France,Male,43,5,0.0,2,1,1,48249.88,0.0,0.3333333333333333,2,215,0,0.03997253663835862,3.997253663835862,Low,0
2025,676,France,Female,43,2,0.0,1,1,1,55119.53,0.0,0.3333333333333333,1,86,0,0.3271997553602511,32.71997553602511,Moderate,0
2025,768,France,Female,26,5,51116.26,1,1,1,70454.79,0.7255082939244597,0.1666666666666666,1,130,1,0.08482997901629029,8.482997901629028,Low,0
2025,727,France,Female,29,1,146652.01,1,1,1,173486.39,0.8453179795949435,0.5,1,29,0,0.05233870480434663,5.233870480434663,Low,0
2025,629,France,Female,40,6,0.0,2,1,1,139356.3,0.0,0.2857142857142857,2,240,0,0.04945987714356644,4.945987714356645,Low,0
2025,702,Spain,Male,43,6,116121.67,1,1,0,61602.42,1.88498739193376,0.1428571428571428,0,258,0,0.3231636546644918,32.316365466449184,Moderate,0
2025,796,Germany,Female,52,9,167194.36,1,1,1,62808.93,2.661909669378711,0.1,1,468,1,0.4107876457555877,41.078764575558765,Moderate,0
2025,530,Spain,Female,41,4,0.0,2,0,1,147606.71,0.0,0.4,2,164,0,0.05470198118978187,5.470198118978187,Low,0
2025,510,France,Female,32,1,0.0,2,0,1,28515.17,0.0,1.0,2,32,0,0.024371010575150263,2.4371010575150263,Low,0
2025,709,France,Male,44,9,128601.98,1,1,0,117031.2,1.0988598009778503,0.1,0,396,0,0.30283601272818506,30.283601272818505,Moderate,0
2025,642,Germany,Female,40,6,129502.49,2,0,1,86099.23,1.504089942616878,0.2857142857142857,2,240,1,0.14105531782310704,14.105531782310704,Low,0
2025,655,Germany,Female,30,1,83173.98,2,1,1,184259.6,0.4513931898626184,1.0,2,30,0,0.023253228361099734,2.3253228361099736,Low,0
2025,464,France,Female,33,10,147493.7,2,1,0,100447.53,1.468351005236214,0.1818181818181818,0,330,0,0.03893824527948121,3.893824527948121,Low,0
2025,617,Spain,Male,61,3,113858.95,1,1,1,38129.22,2.98605541746153,0.25,1,183,0,0.20345034185864533,20.345034185864534,Low,0
2025,655,Germany,Female,46,7,137145.12,1,1,0,115146.4,1.1910396587330674,0.125,0,322,1,0.7232014984169488,72.32014984169489,High,1
2025,709,France,Male,26,6,156551.63,1,0,1,4410.77,35.48499355134107,0.1428571428571428,1,156,0,0.05818458179565595,5.818458179565595,Low,0
2025,642,France,Male,48,9,118317.27,4,0,0,78702.98,1.5033200354035463,0.4,0,432,1,0.9232396924353213,92.32396924353213,Very High,1
2025,741,Spain,Female,42,9,121056.63,2,1,0,39122.58,3.0942114704226964,0.2,0,378,0,0.10021311992950159,10.021311992950158,Low,0
2025,415,Spain,Male,53,5,167259.44,1,1,1,22357.25,7.480882448313262,0.1666666666666666,1,265,0,0.22405913333260427,22.405913333260425,Low,0
2025,684,France,Male,30,2,0.0,2,1,0,83473.82,0.0,0.6666666666666666,0,60,0,0.019110869513999536,1.9110869513999535,Low,0
2025,706,Spain,Male,29,2,0.0,2,1,1,18255.51,0.0,0.6666666666666666,2,58,0,0.015406106954648578,1.5406106954648577,Low,0
2025,634,France,Female,45,2,0.0,1,1,1,143458.31,0.0,0.3333333333333333,1,90,0,0.46307811278005817,46.307811278005815,Moderate,0
2025,813,France,Male,29,6,0.0,1,1,0,33953.87,0.0,0.1428571428571428,0,174,0,0.1445587518796552,14.45587518796552,Low,0
2025,775,Germany,Male,70,6,119684.88,2,1,1,74532.02,1.6057967327769624,0.2857142857142857,2,420,0,0.07944929745743876,7.944929745743876,Low,0
2025,445,France,Male,31,7,145056.59,1,1,1,175893.53,0.8246793689377379,0.125,1,217,0,0.06029044694235784,6.029044694235784,Low,0
2025,701,France,Male,37,8,107798.85,1,1,0,16966.73,6.353168632457023,0.1111111111111111,0,296,0,0.12425428543963382,12.425428543963383,Low,0
2025,752,France,Male,33,4,0.0,2,1,1,39570.78,0.0,0.4,2,132,0,0.014454948772953866,1.4454948772953866,Low,0
2025,723,France,Male,21,4,0.0,2,0,0,24847.02,0.0,0.4,0,84,0,0.018770682229615157,1.8770682229615157,Low,0
2025,806,France,Male,34,6,0.0,2,0,0,100809.99,0.0,0.2857142857142857,0,204,0,0.01854425649845854,1.854425649845854,Low,0
2025,625,France,Male,49,6,173434.9,1,1,0,165580.93,1.0474264915259774,0.1428571428571428,0,294,1,0.54593328299807,54.593328299807,Moderate,1
2025,712,Spain,Female,44,2,0.0,2,0,0,45738.94,0.0,0.6666666666666666,0,88,0,0.0981641187264519,9.816411872645189,Low,0
2025,571,Spain,Female,22,3,108117.1,1,0,1,53328.7,2.027333737110841,0.25,1,66,0,0.12026214190426036,12.026214190426037,Low,0
2025,639,France,Female,37,4,116121.84,2,0,1,181850.74,0.6385522624089272,0.4,2,148,0,0.06595053579697924,6.5950535796979235,Low,0
2025,627,France,Female,44,5,0.0,2,1,0,82969.61,0.0,0.3333333333333333,0,220,1,0.09440091202143451,9.440091202143451,Low,0
2025,630,Spain,Male,32,4,82034.0,1,0,0,146326.45,0.5606193506413184,0.2,0,128,0,0.09948404384476545,9.948404384476545,Low,0
2025,578,Spain,Male,23,8,0.0,2,1,0,112124.98,0.0,0.2222222222222222,0,184,0,0.021997233990074628,2.1997233990074627,Low,0
2025,679,Spain,Male,39,6,0.0,2,1,0,12266.06,0.0,0.2857142857142857,0,234,0,0.03136743273561583,3.1367432735615832,Low,0
2025,767,France,Female,35,6,115576.44,1,0,1,27922.45,4.139045855723415,0.1428571428571428,1,210,0,0.10318768825237164,10.318768825237164,Low,0
2025,762,Spain,Female,35,3,119349.69,3,1,1,47114.18,2.5331472786477733,0.75,3,105,1,0.8705240863321919,87.05240863321919,Very High,1
2025,734,Spain,Male,39,6,0.0,1,1,1,95135.27,0.0,0.1428571428571428,1,234,0,0.14684617404971692,14.684617404971693,Low,0
2025,659,Germany,Male,67,6,117411.6,1,1,1,45071.09,2.604973499121075,0.1428571428571428,1,402,1,0.2251693651346353,22.51693651346353,Low,0
2025,575,Germany,Male,49,7,121205.15,4,1,1,168080.53,0.7211092735769361,0.5,4,343,1,0.9718744863945883,97.18744863945884,Very High,1
2025,580,France,Female,35,1,102097.33,1,0,1,168285.85,0.606686321599103,0.5,1,35,0,0.12712276062349467,12.712276062349467,Low,0
2025,766,Spain,Male,41,0,0.0,2,0,1,34283.23,0.0,2.0,2,0,0,0.07458428202831156,7.458428202831156,Low,0
2025,850,Germany,Male,38,3,54901.01,1,1,1,140075.55,0.391935766550504,0.25,1,114,0,0.12731648134749626,12.731648134749626,Low,0
2025,749,France,Male,42,1,129776.72,2,0,1,143538.51,0.9041184549118216,1.0,2,42,0,0.04804947522515436,4.8049475225154366,Low,0
2025,746,France,Male,48,5,165282.42,1,1,0,153786.46,1.0747457562534684,0.1666666666666666,0,240,1,0.4789475960655299,47.89475960655299,Moderate,0
2025,718,France,Male,37,8,0.0,2,1,1,142.81,0.0,0.2222222222222222,2,296,0,0.035136877482562584,3.5136877482562583,Low,0
2025,642,Spain,Male,26,8,144238.7,1,1,1,184399.76,0.782202307626064,0.1111111111111111,1,208,0,0.08913512483641241,8.913512483641242,Low,0
2025,558,France,Male,33,0,108477.49,1,1,1,109096.71,0.9943150044121,1.0,1,0,1,0.05103520180255276,5.103520180255276,Low,0
2025,531,Germany,Female,64,2,175754.87,2,1,1,60721.4,2.8943992661686626,0.6666666666666666,2,128,0,0.08242680903290295,8.242680903290294,Low,0
2025,748,France,Female,41,2,91621.69,1,1,1,71139.31,1.2879011913217695,0.3333333333333333,1,82,0,0.15264556702198956,15.264556702198956,Low,0
2025,664,France,Male,36,1,0.0,2,1,1,95372.64,0.0,1.0,2,36,0,0.0173822036409675,1.73822036409675,Low,0
2025,511,Germany,Female,75,9,105609.17,1,0,1,105425.18,1.001735716877914,0.1,1,675,0,0.10811070092974148,10.811070092974148,Low,0
2025,635,France,Female,47,2,125724.95,2,1,0,63236.97,1.988124381601749,0.6666666666666666,0,94,0,0.3543023583739642,35.43023583739642,Moderate,0
2025,571,France,Male,34,1,99325.04,2,0,1,186052.15,0.5338530414561645,1.0,2,34,0,0.024302634550013854,2.4302634550013855,Low,0
2025,698,France,Male,57,6,136325.48,2,1,1,72549.27,1.879048554884772,0.2857142857142857,2,342,1,0.12652200574260739,12.652200574260739,Low,0
2025,636,Spain,Male,76,9,126534.6,1,1,1,39789.62,3.180010766356493,0.1,1,684,0,0.02045765767517774,2.045765767517774,Low,0
2025,538,France,Female,33,5,0.0,2,1,0,126962.41,0.0,0.3333333333333333,0,165,0,0.02599627980825231,2.5996279808252307,Low,0
2025,738,France,Female,67,1,130652.52,1,0,1,22762.23,5.739630096431833,0.5,1,67,0,0.1463419659045929,14.63419659045929,Low,0
2025,662,Spain,Male,20,9,104508.77,2,0,0,73107.53,1.429501728457678,0.2,0,180,0,0.043353287650722924,4.335328765072292,Low,0
2025,555,France,Female,44,3,105770.7,3,1,0,60533.96,1.74726637301817,0.75,0,132,1,0.9219794552308056,92.19794552308056,Very High,1
2025,531,Spain,Male,27,8,132576.25,1,0,0,7222.92,18.352397313370027,0.1111111111111111,0,216,0,0.11347249881344851,11.347249881344851,Low,0
2025,593,Germany,Female,32,9,134096.53,2,1,0,53931.05,2.4863977912947863,0.2,0,288,1,0.09992836462221541,9.992836462221542,Low,0
2025,579,Germany,Male,28,6,150329.15,1,1,0,145558.42,1.032768267419587,0.1428571428571428,0,168,0,0.1696503334835032,16.96503334835032,Low,0
2025,706,France,Male,32,6,94486.47,1,1,1,146949.74,0.6429805661407354,0.1428571428571428,1,192,0,0.055554606273194244,5.555460627319424,Low,0
2025,754,France,Male,28,8,0.0,2,1,1,52615.62,0.0,0.2222222222222222,2,224,0,0.014718093796431447,1.4718093796431446,Low,0
2025,653,Germany,Male,31,9,143321.97,1,1,0,83679.46,1.712729232128982,0.1,0,279,0,0.2245588441081712,22.45588441081712,Low,0
2025,558,Germany,Male,26,1,148853.29,2,1,1,24411.02,6.09754088354835,1.0,2,26,0,0.058729568312322455,5.872956831232246,Low,0
2025,589,France,Female,39,7,0.0,2,0,0,95985.64,0.0,0.25,0,273,0,0.044057109540007564,4.405710954000757,Low,0
2025,670,Spain,Female,65,1,0.0,1,1,1,177655.68,0.0,0.5,1,65,1,0.2827034655805911,28.27034655805911,Low,0
2025,714,Germany,Female,35,6,126077.43,2,1,1,53954.24,2.336704090279276,0.2857142857142857,2,210,0,0.09712333741070996,9.712333741070996,Low,0
2025,547,France,Female,51,1,0.0,2,1,1,56908.41,0.0,1.0,2,51,0,0.1624081670856689,16.24081670856689,Low,0
2025,761,Spain,Male,37,7,132730.17,1,1,0,199293.01,0.6660018030647283,0.125,0,259,0,0.11158209408315466,11.158209408315466,Low,0
2025,591,France,Male,24,6,147360.0,1,1,1,25310.82,5.821786027239448,0.1428571428571428,1,144,0,0.06387893137353859,6.387893137353859,Low,0
2025,714,France,Female,31,4,125169.26,1,1,1,106636.89,1.173778475924458,0.2,1,124,0,0.06519222143067016,6.519222143067016,Low,0
2025,629,Germany,Male,35,7,156847.29,2,1,0,31824.29,4.928385255876695,0.25,0,245,0,0.0754790563307108,7.547905633071079,Low,0
2025,643,France,Male,36,7,161064.64,2,0,1,84294.82,1.9107073162109345,0.25,2,252,0,0.03933633549208884,3.933633549208884,Low,0
2025,445,Germany,Female,38,6,119413.62,2,1,0,175756.36,0.6794231547401486,0.2857142857142857,0,228,0,0.19744667178076977,19.744667178076977,Low,0
2025,501,France,Female,34,3,107747.57,1,1,0,9249.36,11.647932621000695,0.25,0,102,0,0.11349262786550407,11.349262786550407,Low,0
2025,686,Germany,Female,43,5,154846.24,2,1,1,151903.6,1.01936504885303,0.3333333333333333,2,215,0,0.21002096065582548,21.00209606558255,Low,0
2025,500,Germany,Male,30,2,125495.64,2,1,1,68807.47,1.8238400010928888,0.6666666666666666,2,60,0,0.06387884405338878,6.387884405338879,Low,0
2025,703,Germany,Male,39,1,141559.5,1,1,1,31257.1,4.528730153144306,0.5,1,39,1,0.2369065454021173,23.69065454021173,Low,0
2025,730,France,Male,34,5,122453.37,2,1,0,138882.98,0.8816954266431591,0.3333333333333333,0,170,0,0.035786767036501806,3.5786767036501805,Low,0
2025,433,Spain,Male,27,2,0.0,2,1,1,153698.65,0.0,0.6666666666666666,2,54,0,0.015243498952176375,1.5243498952176375,Low,0
2025,521,Germany,Male,41,8,120586.54,1,0,1,20491.15,5.884523585860927,0.1111111111111111,1,328,0,0.3593885646391801,35.938856463918015,Moderate,0
2025,791,Germany,Female,33,10,130229.71,2,0,0,54019.93,2.410726916400736,0.1818181818181818,0,330,1,0.08850145763097499,8.8501457630975,Low,0
2025,757,France,Male,38,0,0.0,1,1,0,83263.06,0.0,1.0,0,0,0,0.18624156451629306,18.624156451629307,Low,0
2025,447,France,Female,44,5,89188.83,1,1,1,75408.24,1.182730790019897,0.1666666666666666,1,220,0,0.233446792658171,23.3446792658171,Low,0
2025,792,France,Male,30,1,127187.86,1,1,1,113553.42,1.1200608483579944,0.5,1,30,0,0.03644901419425052,3.644901419425052,Low,0
2025,817,France,Male,59,1,118962.58,1,1,1,120819.58,0.9846218251890532,0.5,1,59,0,0.19894333686164017,19.894333686164018,Low,0
2025,607,France,Female,33,8,91301.72,1,0,1,130824.57,0.6978889524425538,0.1111111111111111,1,264,0,0.08923527014392224,8.923527014392224,Low,0
2025,601,France,Male,41,1,123971.16,1,0,1,172814.99,0.7173593137996085,0.5,1,41,0,0.12040081913593892,12.040081913593891,Low,0
2025,536,France,Male,32,7,178011.5,2,1,0,22375.14,7.955415902832214,0.25,0,224,0,0.07102638373382796,7.102638373382796,Low,0
2025,554,Germany,Female,36,3,157780.93,2,1,0,6089.13,25.90764564960025,0.5,0,108,0,0.08341961042563183,8.341961042563183,Low,0
2025,577,France,Male,60,10,125389.7,2,1,1,178616.73,0.7020002997462793,0.1818181818181818,2,600,0,0.12167085547264327,12.167085547264326,Low,0
2025,608,France,Female,41,5,0.0,2,1,1,72462.25,0.0,0.3333333333333333,2,205,0,0.03870475970188348,3.870475970188348,Low,0
2025,732,Spain,Male,33,8,0.0,1,1,0,119882.7,0.0,0.1111111111111111,0,264,0,0.16731168794459708,16.73116879445971,Low,0
2025,789,France,Female,53,1,158271.74,1,1,1,5036.39,31.41939377336279,0.5,1,53,1,0.3866492880313654,38.66492880313654,Moderate,0
2025,552,France,Female,34,5,0.0,2,1,1,1351.41,0.0,0.3333333333333333,2,170,0,0.02181624615075659,2.181624615075659,Low,0
2025,621,France,Male,40,10,163823.37,1,0,0,89519.47,1.8300101641557511,0.0909090909090909,0,400,0,0.16353778306156144,16.353778306156144,Low,0
2025,766,France,Female,52,7,92510.9,2,0,1,66193.61,1.397559408537946,0.25,2,364,0,0.21393687327372274,21.393687327372273,Low,0
2025,685,Spain,Male,43,4,97392.18,2,1,0,43956.83,2.215582070361526,0.4,0,172,0,0.12160462242446446,12.160462242446446,Low,0
2025,649,Spain,Female,38,8,0.0,1,1,0,103760.53,0.0,0.1111111111111111,0,304,0,0.25524655659446444,25.524655659446445,Low,0
2025,493,France,Female,36,2,0.0,2,0,1,99770.3,0.0,0.6666666666666666,2,72,0,0.03311638946010392,3.311638946010392,Low,0
2025,633,France,Male,35,10,0.0,2,1,0,65675.47,0.0,0.1818181818181818,0,350,0,0.02334518400123187,2.334518400123187,Low,0
2025,742,Germany,Male,33,1,137937.95,1,1,1,51387.1,2.684239152644289,0.5,1,33,0,0.10637504683224147,10.637504683224147,Low,0
2025,604,Spain,Female,41,10,0.0,2,1,1,166224.39,0.0,0.1818181818181818,2,410,0,0.05524562951404188,5.524562951404189,Low,0
2025,759,France,Male,42,4,105420.18,1,0,1,121409.06,0.8682985577966109,0.2,1,168,0,0.13464998543401163,13.464998543401164,Low,0
2025,683,France,Female,35,6,187530.66,2,1,1,37976.36,4.937959352624827,0.2857142857142857,2,210,0,0.13626588329216985,13.626588329216984,Low,0
2025,678,France,Male,28,2,109137.12,1,1,1,58814.41,1.855587166696619,0.3333333333333333,1,56,0,0.043585037962127496,4.35850379621275,Low,0
2025,628,France,Male,31,0,88421.81,1,0,0,72350.47,1.2221149065803365,1.0,0,0,0,0.07840437867849916,7.840437867849916,Low,0
2025,850,France,Female,36,6,0.0,2,1,1,190194.95,0.0,0.2857142857142857,2,216,0,0.023023201886368777,2.3023201886368776,Low,0
2025,724,France,Female,34,2,0.0,2,1,1,118863.38,0.0,0.6666666666666666,2,68,0,0.02417338992580649,2.417338992580649,Low,0
2025,828,France,Male,31,9,0.0,1,0,1,164257.37,0.0,0.1,1,279,0,0.09985546851068292,9.98554685106829,Low,0
2025,569,Spain,Female,30,3,139528.23,1,1,1,33230.37,4.198690273678154,0.25,1,90,0,0.0975633691348097,9.75633691348097,Low,0
2025,677,France,Female,49,3,0.0,2,1,1,187811.71,0.0,0.5,2,147,0,0.14662728268657937,14.662728268657938,Low,0
2025,495,France,Female,38,2,63093.01,1,1,1,47089.72,1.3398183336334633,0.3333333333333333,1,76,0,0.12341833245624723,12.341833245624724,Low,0
2025,627,Germany,Female,33,4,83199.05,1,0,0,159334.93,0.5221612601752788,0.2,0,132,0,0.1858336750171056,18.58336750171056,Low,0
2025,597,France,Female,36,9,0.0,2,1,1,7156.09,0.0,0.2,2,324,0,0.029159424848322978,2.9159424848322977,Low,0
2025,762,France,Male,31,7,117687.35,1,1,1,159344.43,0.7385674631522222,0.125,1,217,0,0.055176909305999645,5.517690930599964,Low,0
2025,476,Spain,Female,69,1,105303.73,1,0,1,134260.34,0.7843190750218939,0.5,1,69,0,0.1700440724365534,17.00440724365534,Low,0
2025,499,France,Male,35,10,0.0,2,1,0,10722.54,0.0,0.1818181818181818,0,350,0,0.02380571185256409,2.380571185256409,Low,0
2025,642,France,Male,62,7,0.0,2,1,1,61120.75,0.0,0.25,2,434,0,0.05493065154457143,5.493065154457143,Low,0
2025,562,France,Male,62,3,0.0,2,1,0,105986.01,0.0,0.5,0,186,0,0.5451585582313947,54.51585582313947,Moderate,1
2025,542,France,Female,25,7,0.0,2,0,1,82393.08,0.0,0.25,2,175,0,0.02196656121793297,2.1966561217932967,Low,0
2025,451,France,Female,31,7,140931.82,1,0,1,20388.77,6.911888657890698,0.125,1,217,0,0.0822223965993189,8.22223965993189,Low,0
2025,712,France,Female,37,1,106881.5,2,0,0,169386.81,0.6309869641741044,1.0,0,37,0,0.08108933111783116,8.108933111783116,Low,0
2025,565,France,Male,34,6,0.0,1,1,1,63173.64,0.0,0.1428571428571428,1,204,0,0.10455906934744805,10.455906934744805,Low,0
2025,732,France,Female,36,9,0.0,1,0,0,3749.0,0.0,0.1,0,324,1,0.23757305230449746,23.757305230449745,Low,0
2025,771,Spain,Male,51,5,135506.58,3,1,1,152479.64,0.8886805564299833,0.5,3,255,1,0.9229055139123856,92.29055139123857,Very High,1
2025,655,France,Female,41,5,0.0,1,0,0,36548.0,0.0,0.1666666666666666,0,205,1,0.3633495570435453,36.334955704354535,Moderate,0
2025,683,Spain,Male,38,3,126152.84,1,0,0,15378.75,8.202528649685462,0.25,0,114,0,0.1284367727278972,12.84367727278972,Low,0
2025,764,Spain,Male,38,4,113607.47,1,1,0,91094.46,1.24712548792223,0.2,0,152,0,0.12712062033711347,12.712062033711346,Low,0
2025,438,France,Male,60,7,78391.17,1,0,1,49424.6,1.586043872001554,0.125,1,420,0,0.2076623504363162,20.76623504363162,Low,0
2025,762,Spain,Male,35,9,122929.42,2,0,0,149822.04,0.8204974348404624,0.2,0,315,0,0.04598679759699811,4.59867975969981,Low,0
2025,622,Spain,Male,39,9,0.0,2,0,1,100862.36,0.0,0.2,2,351,0,0.02544345915634978,2.544345915634978,Low,0
2025,660,Spain,Female,33,1,0.0,2,0,0,117834.91,0.0,1.0,0,33,0,0.030897033238634682,3.089703323863468,Low,0
2025,498,France,Female,30,1,0.0,2,0,0,135795.53,0.0,1.0,0,30,0,0.025553950781413228,2.5553950781413226,Low,0
2025,591,France,Male,29,6,0.0,2,1,1,108684.65,0.0,0.2857142857142857,2,174,0,0.015484097065809575,1.5484097065809574,Low,0
2025,554,Germany,Female,37,4,58629.97,1,0,0,182038.6,0.3220726149694901,0.2,0,148,0,0.3056364996569278,30.56364996569278,Moderate,0
2025,506,France,Female,34,4,90307.62,1,1,1,159235.29,0.567129641113844,0.2,1,136,0,0.09656033812513234,9.656033812513234,Low,0
2025,505,Germany,Female,25,5,114268.85,2,1,1,126728.27,0.9016768580770648,0.3333333333333333,2,125,0,0.07362056329227114,7.362056329227114,Low,0
2025,633,France,Female,30,6,0.0,2,0,0,41642.29,0.0,0.2857142857142857,0,180,0,0.024842912330242852,2.484291233024285,Low,0
2025,636,France,Female,24,9,0.0,2,0,1,38830.72,0.0,0.2,2,216,0,0.02199023191816313,2.199023191816313,Low,0
2025,768,France,Female,36,5,180169.44,2,1,0,17348.56,10.384669121291836,0.3333333333333333,0,180,0,0.15164495195809283,15.164495195809282,Low,0
2025,712,Germany,Male,43,1,141749.74,2,0,1,90905.26,1.559295696467988,1.0,2,43,0,0.14273299349497362,14.273299349497362,Low,0
2025,593,Germany,Male,74,5,161434.36,2,1,1,65532.17,2.46339922210386,0.3333333333333333,2,370,0,0.025545706807858136,2.5545706807858135,Low,0
2025,708,Spain,Male,38,8,99640.89,1,1,0,12429.22,8.016019829093935,0.1111111111111111,0,304,0,0.1199459068094477,11.99459068094477,Low,0
2025,529,France,Female,43,0,123815.86,1,1,1,78463.99,1.5779758590423576,1.0,1,0,1,0.2576979854855771,25.76979854855771,Low,0
2025,579,Germany,Male,42,0,144386.32,1,1,1,22497.1,6.417711717878399,1.0,1,0,1,0.34805879174846954,34.80587917484696,Moderate,0
2025,815,France,Male,24,7,171922.72,1,0,1,178028.96,0.9656954368803992,0.125,1,168,0,0.11315274584298439,11.31527458429844,Low,0
2025,606,Germany,Male,40,1,144757.97,2,1,1,166656.18,0.8685972605560709,1.0,2,40,0,0.09524647956520463,9.524647956520463,Low,0
2025,608,Spain,Female,63,3,139529.93,2,1,1,175696.16,0.7941501729453111,0.5,2,189,1,0.16049807490145887,16.049807490145888,Low,0
2025,648,Germany,Female,40,5,139973.65,1,1,1,667.66,209.33456465169144,0.1666666666666666,1,200,1,0.34719661975187727,34.71966197518773,Moderate,0
2025,482,France,Female,35,5,147813.05,2,0,0,109029.72,1.3557009437340228,0.3333333333333333,0,175,0,0.057548850816581745,5.754885081658174,Low,0
2025,625,France,Male,45,7,137555.44,1,0,0,124607.7,1.103899165949087,0.125,0,315,0,0.400341923201438,40.0341923201438,Moderate,0
2025,610,France,Female,27,2,0.0,2,1,0,14546.76,0.0,0.6666666666666666,0,54,0,0.027578797612351002,2.7578797612351003,Low,0
2025,548,France,Male,29,5,83442.98,1,0,1,177017.39,0.4713802899235497,0.1666666666666666,1,145,0,0.07318311942198642,7.318311942198642,Low,0
2025,850,France,Female,32,5,106290.64,1,1,0,121982.73,0.8713509580335017,0.1666666666666666,0,160,0,0.08057903752496241,8.057903752496241,Low,0
2025,580,France,Male,55,6,104305.74,1,0,1,175750.21,0.5934851885230265,0.1428571428571428,1,330,0,0.2615646477358935,26.15646477358935,Low,0
2025,652,France,Male,27,10,107303.72,2,0,0,44435.76,2.4147512104842925,0.1818181818181818,0,270,0,0.04020957336659214,4.0209573366592135,Low,0
2025,687,Spain,Female,29,7,93617.07,1,0,1,113050.92,0.8280891646953011,0.125,1,203,0,0.08968287593218982,8.968287593218982,Low,0
2025,539,France,Male,30,0,0.0,2,1,0,160979.66,0.0,2.0,0,0,0,0.01862600485469426,1.862600485469426,Low,0
2025,470,Germany,Male,39,5,117469.91,2,0,0,63705.9,1.843911883956055,0.3333333333333333,0,195,0,0.15118670886364596,15.118670886364596,Low,0
2025,514,France,Female,41,7,0.0,2,1,1,3756.65,0.0,0.25,2,287,0,0.0416771918176419,4.16771918176419,Low,0
2025,534,France,Male,24,1,0.0,1,1,1,169653.32,0.0,0.5,1,24,0,0.06966406514745042,6.966406514745042,Low,0
2025,661,Germany,Male,37,7,109908.06,2,1,0,115037.67,0.9554009968995644,0.25,0,259,1,0.12761698542537092,12.761698542537092,Low,0
2025,464,Germany,Male,37,4,155994.15,1,0,0,143665.44,1.0858078615994105,0.2,0,148,0,0.22137281186695765,22.137281186695766,Low,0
2025,627,Spain,Female,25,4,0.0,1,1,1,194313.93,0.0,0.2,1,100,0,0.18169406704632907,18.169406704632905,Low,0
2025,781,Germany,Male,35,7,92526.15,2,1,1,173837.54,0.5322533771855193,0.25,2,245,0,0.04866263418892578,4.866263418892578,Low,0
2025,555,Germany,Male,41,10,113270.2,2,1,1,185387.14,0.61098946243271,0.1818181818181818,2,410,0,0.1401138055580047,14.011380555800471,Low,0
2025,619,Germany,Male,23,5,132725.1,1,1,1,143913.33,0.9222507584894432,0.1666666666666666,1,115,0,0.13325709325381502,13.325709325381501,Low,0
2025,775,Germany,Female,38,6,179886.41,2,0,0,153122.58,1.174779286116482,0.2857142857142857,0,228,0,0.12114465045998019,12.114465045998019,Low,0
2025,671,Germany,Female,44,0,84745.03,2,0,1,34673.98,2.443982087372509,2.0,2,0,0,0.25317000051233424,25.317000051233425,Low,0
2025,735,Spain,Male,36,5,0.0,2,1,0,105152.17,0.0,0.3333333333333333,0,180,0,0.02540166667919274,2.540166667919274,Low,0
2025,724,France,Female,30,9,142475.87,1,1,1,107848.24,1.321065127579944,0.1,1,270,0,0.06496098784570693,6.496098784570694,Low,0
2025,662,France,Female,39,5,139562.05,2,1,0,61636.22,2.2642495881546894,0.3333333333333333,0,195,0,0.08221167710436465,8.221167710436465,Low,0
2025,657,France,Female,37,6,95845.6,1,1,0,122218.23,0.7842104716254554,0.1428571428571428,0,222,0,0.16408386878377756,16.408386878377755,Low,0
2025,809,Spain,Male,33,9,0.0,1,1,1,124045.65,0.0,0.1,1,297,0,0.10462618067308237,10.462618067308236,Low,0
2025,501,France,Male,35,6,99760.84,1,1,1,13591.52,7.339392548254481,0.1428571428571428,1,210,0,0.07582672769527712,7.582672769527712,Low,0
2025,564,France,Female,36,7,206329.65,1,1,1,46632.87,4.424459089498684,0.125,1,252,1,0.41948846598000006,41.948846598,Moderate,0
2025,635,France,Male,33,1,0.0,3,0,0,178067.33,0.0,1.5,0,33,1,0.5586685280754867,55.866852807548675,Moderate,1
2025,790,France,Female,33,10,135120.72,1,0,0,195204.99,0.6921955622365892,0.0909090909090909,0,330,0,0.09557607567905048,9.557607567905048,Low,0
2025,656,France,Male,37,7,112291.34,1,1,0,153157.97,0.7331685502977723,0.125,0,259,0,0.11476385758299996,11.476385758299996,Low,0
2025,679,France,Male,60,8,0.0,2,1,1,51380.9,0.0,0.2222222222222222,2,480,0,0.051530391874772985,5.153039187477298,Low,0
2025,692,France,Male,66,4,159732.02,1,1,1,118188.15,1.351494786111923,0.2,1,264,0,0.07186822376598109,7.186822376598109,Low,0
2025,710,France,Male,38,2,0.0,2,1,0,96.27,0.0,0.6666666666666666,0,76,0,0.04549040713132477,4.549040713132476,Low,0
2025,769,France,Female,26,7,0.0,2,1,0,176843.53,0.0,0.25,0,182,0,0.030132135290306252,3.013213529030625,Low,0
2025,666,France,Female,34,9,115897.12,1,1,1,25095.03,4.6181455792011725,0.1,1,306,0,0.07685522922388334,7.685522922388334,Low,0
2025,691,France,Male,52,3,0.0,1,1,0,175843.68,0.0,0.25,0,156,1,0.7817724399331605,78.17724399331605,High,1
2025,604,France,Male,36,6,116229.85,2,1,1,79633.38,1.459543604156898,0.2857142857142857,2,216,0,0.03781969627496166,3.781969627496166,Low,0
2025,544,France,Male,37,3,84496.71,1,0,0,79972.09,1.0565642768086116,0.25,0,111,0,0.132840430508172,13.284043050817202,Low,0
2025,609,France,Male,32,7,118520.41,1,0,0,3815.48,31.054901375089088,0.125,0,224,0,0.07661212444064824,7.661212444064825,Low,0
2025,597,Spain,Male,35,0,127510.99,1,1,1,155356.34,0.8207593538869808,1.0,1,0,0,0.07353912165311832,7.353912165311832,Low,0
2025,549,France,Female,25,5,0.0,2,0,0,190857.79,0.0,0.3333333333333333,0,125,0,0.033184792856629966,3.3184792856629968,Low,0
2025,722,France,Female,49,3,168197.66,1,1,0,140765.57,1.19486935001684,0.25,0,147,1,0.6874113735216935,68.74113735216935,High,1
2025,806,Spain,Male,18,3,0.0,2,1,1,86994.54,0.0,0.5,2,54,0,0.011399183621786744,1.1399183621786744,Low,0
2025,517,Germany,Male,53,0,109172.88,1,1,0,54676.1,1.9966838036399157,1.0,0,0,1,0.8861683626648628,88.61683626648627,Very High,1
2025,651,France,Male,56,2,0.0,1,1,0,114522.68,0.0,0.3333333333333333,0,112,1,0.8935518245476729,89.35518245476729,Very High,1
2025,803,France,Female,40,6,165526.71,1,1,0,12328.08,13.425714651863723,0.1428571428571428,0,240,0,0.24094069894532283,24.094069894532282,Low,0
2025,747,Spain,Male,37,1,0.0,2,0,1,180551.76,0.0,1.0,2,37,0,0.024639406207577888,2.4639406207577887,Low,0
2025,648,Germany,Male,33,5,138664.24,1,1,0,29076.27,4.768819081021017,0.1666666666666666,0,165,0,0.22424983400653958,22.424983400653957,Low,0
2025,438,France,Female,36,4,0.0,2,1,0,64420.5,0.0,0.4,0,144,0,0.034178258178324226,3.417825817832423,Low,0
2025,781,Spain,Female,29,6,98759.89,1,0,0,112202.64,0.8801843683502603,0.1428571428571428,0,174,0,0.12490020946751373,12.490020946751374,Low,0
2025,610,Germany,Male,57,6,106938.11,2,0,1,186612.47,0.5730460400313011,0.2857142857142857,2,342,0,0.3609363259069631,36.09363259069631,Moderate,0
2025,628,France,Male,39,6,0.0,2,0,0,134441.6,0.0,0.2857142857142857,0,234,0,0.029910769839101025,2.9910769839101023,Low,0
2025,601,Spain,Male,24,7,0.0,2,0,0,144660.42,0.0,0.25,0,168,0,0.020444363449200028,2.044436344920003,Low,0
2025,629,France,Female,31,6,0.0,1,1,1,16447.6,0.0,0.1428571428571428,1,186,1,0.1377251765138898,13.772517651388979,Low,0
2025,738,Germany,Male,62,10,83008.31,1,1,1,42766.03,1.9409416552891328,0.0909090909090909,1,620,0,0.24854476715541332,24.85447671554133,Low,0
2025,850,Germany,Male,30,5,123210.56,2,1,1,102180.27,1.205803764231938,0.3333333333333333,2,150,0,0.05440131374397655,5.440131374397654,Low,0
2025,587,Germany,Male,46,9,107850.82,1,1,0,139431.0,0.7735012048884045,0.1,0,414,1,0.7180813098137327,71.80813098137328,High,1
2025,574,France,Male,34,1,112572.39,1,0,0,165626.6,0.6796716851539236,0.5,0,34,0,0.057869816918038684,5.786981691803868,Low,0
2025,535,France,Female,45,2,0.0,2,0,1,170621.55,0.0,0.6666666666666666,2,90,0,0.1303430086921463,13.03430086921463,Low,0
2025,565,France,Male,32,9,0.0,2,1,0,5388.3,0.0,0.2,0,288,0,0.019142738138243832,1.9142738138243833,Low,0
2025,469,Germany,Female,52,8,139493.25,3,0,0,150093.32,0.9293706117593256,0.3333333333333333,0,416,1,0.9714519175694791,97.14519175694791,Very High,1
2025,566,France,Male,42,3,108010.78,1,1,1,157486.1,0.685838903630837,0.25,1,126,0,0.137020565468293,13.7020565468293,Low,0
2025,732,Spain,Female,33,8,111379.55,1,1,1,45098.62,2.4696338904851083,0.1111111111111111,1,264,0,0.08641691436529633,8.641691436529634,Low,0
2025,459,France,Male,26,4,149879.66,1,0,0,50016.17,2.996564179860636,0.2,0,104,0,0.09350364389809289,9.35036438980929,Low,0
2025,798,France,Male,37,8,0.0,3,0,0,110783.28,0.0,0.3333333333333333,0,296,0,0.4579935979304238,45.799359793042385,Moderate,0
2025,487,Germany,Female,61,5,110368.03,1,0,0,11384.45,9.693778462862689,0.1666666666666666,0,305,1,0.9475040832092824,94.75040832092823,Very High,1
2025,678,France,Female,38,2,0.0,2,0,0,115068.99,0.0,0.6666666666666666,0,76,0,0.04029974345609356,4.0299743456093555,Low,0
2025,850,France,Male,37,6,0.0,2,1,0,109291.22,0.0,0.2857142857142857,0,222,0,0.02580955317876217,2.5809553178762172,Low,0
2025,755,Germany,Female,33,6,90560.3,2,1,1,42607.69,2.125395077858531,0.2857142857142857,2,198,0,0.06208812084945778,6.2088120849457775,Low,0
2025,743,Germany,Female,32,6,140348.56,2,1,1,163254.39,0.8596871441733102,0.2857142857142857,2,192,0,0.07949642344913717,7.949642344913717,Low,0
2025,567,Germany,Female,46,1,68238.51,2,1,1,109572.58,0.6227642648894012,1.0,2,46,0,0.2239426909387933,22.39426909387933,Low,0
2025,814,France,Female,36,6,0.0,2,1,1,98657.01,0.0,0.2857142857142857,2,216,0,0.024582168673905495,2.4582168673905493,Low,0
2025,543,France,Male,42,4,89838.71,3,1,0,85983.54,1.0448239881262378,0.6,0,168,1,0.9023237485761646,90.23237485761646,Very High,1
2025,663,Germany,Male,44,2,117028.6,2,0,1,144680.18,0.8088723080638409,0.6666666666666666,2,88,0,0.1682161537711244,16.82161537711244,Low,0
2025,621,Germany,Male,51,4,109978.83,1,0,0,177740.58,0.6187569053903988,0.2,0,204,1,0.8819949583301369,88.19949583301369,Very High,1
2025,666,Germany,Male,38,6,99812.88,2,1,1,158357.97,0.630295082116283,0.2857142857142857,2,228,0,0.0808133879710332,8.081338797103319,Low,0
2025,600,Germany,Male,30,2,119755.0,1,1,1,21852.91,5.479797436705835,0.3333333333333333,1,60,0,0.16206059539452583,16.206059539452582,Low,0
2025,699,Germany,Female,41,1,200117.76,2,1,0,94142.35,2.125670692619288,1.0,0,41,0,0.12390265227689118,12.390265227689119,Low,0
2025,569,Germany,Male,30,6,106629.49,1,0,1,44114.88,2.41703191685171,0.1428571428571428,1,180,0,0.1638884896282619,16.38884896282619,Low,0
2025,702,Germany,Male,36,9,90560.48,2,1,0,174268.87,0.5196565533674868,0.2,0,324,0,0.05926020017290259,5.926020017290258,Low,0
2025,832,France,Female,29,5,0.0,2,1,0,178779.52,0.0,0.3333333333333333,0,145,0,0.03158741636515056,3.1587416365150562,Low,0
2025,616,France,Female,66,1,135842.41,1,1,0,183840.51,0.7389104343192133,0.5,0,66,1,0.8394413509094917,83.94413509094917,Very High,1
2025,638,France,Female,34,7,0.0,2,1,1,198969.78,0.0,0.25,2,238,0,0.031080171210983394,3.1080171210983396,Low,0
2025,582,France,Male,29,4,0.0,2,0,0,156153.27,0.0,0.4,0,116,0,0.018110413973615045,1.8110413973615045,Low,0
2025,627,France,Male,73,0,146329.73,1,0,1,43615.67,3.354903755834638,1.0,1,0,0,0.03888830866469735,3.888830866469735,Low,0
2025,722,France,Male,30,5,0.0,2,1,0,166376.54,0.0,0.3333333333333333,0,150,0,0.018110413973615045,1.8110413973615045,Low,0
2025,483,Germany,Male,41,1,118334.44,1,0,0,163147.99,0.7253151858310616,0.5,0,41,1,0.43436226355242424,43.436226355242425,Moderate,0
2025,644,France,Female,24,8,92760.55,1,1,0,35896.75,2.5840212826709195,0.1111111111111111,0,192,0,0.12147716603303226,12.147716603303225,Low,0
2025,684,Spain,Male,39,4,207034.96,2,0,0,157694.76,1.3128758820148363,0.4,0,156,1,0.10868201481558548,10.868201481558549,Low,0
2025,850,France,Male,34,6,0.0,1,0,1,52796.31,0.0,0.1428571428571428,1,204,0,0.10488929335041526,10.488929335041526,Low,0
2025,625,France,Female,39,3,130786.92,1,0,1,121316.07,1.0780586771507092,0.25,1,117,0,0.1691776973123987,16.917769731239872,Low,0
2025,814,France,Female,31,4,0.0,2,1,1,142029.17,0.0,0.4,2,124,0,0.022667664988344934,2.2667664988344933,Low,0
2025,490,Germany,Male,33,5,96341.0,2,0,0,108313.34,0.8894574808838793,0.3333333333333333,0,165,0,0.06958355518871154,6.958355518871154,Low,0
2025,469,Spain,Male,37,9,96776.49,1,1,1,119890.86,0.8071981700842743,0.1,1,333,0,0.08200652000375083,8.200652000375083,Low,0
2025,592,France,Male,39,7,0.0,2,1,0,83084.33,0.0,0.25,0,273,0,0.030650973207491144,3.0650973207491146,Low,0
2025,718,France,Male,27,2,0.0,2,0,0,26229.24,0.0,0.6666666666666666,0,54,0,0.017184474195983054,1.7184474195983055,Low,0
2025,545,France,Female,26,1,0.0,2,1,1,199638.56,0.0,1.0,2,26,0,0.0192169749771834,1.92169749771834,Low,0
2025,726,France,Female,53,1,113537.73,1,0,1,28367.21,4.002287419615126,0.5,1,53,0,0.4012809754562865,40.12809754562865,Moderate,0
2025,660,Germany,Male,39,9,134599.33,2,1,0,183095.87,0.735126329576251,0.2,0,351,0,0.1331108681349783,13.31108681349783,Low,0
2025,762,France,Male,32,10,191775.65,1,1,0,179657.83,1.0674434983240175,0.0909090909090909,0,320,0,0.22152038548029118,22.152038548029118,Low,0
2025,628,France,Male,33,6,0.0,2,0,0,184230.23,0.0,0.2857142857142857,0,198,0,0.023816994084121575,2.3816994084121577,Low,0
2025,563,France,Female,39,5,0.0,2,1,1,17603.81,0.0,0.3333333333333333,2,195,0,0.03888722984109862,3.8887229841098616,Low,0
2025,666,France,Female,32,10,112536.57,2,1,1,34350.54,3.2760269263037407,0.1818181818181818,2,320,0,0.034507522001912906,3.4507522001912907,Low,0
2025,636,France,Male,43,6,0.0,2,1,0,43128.95,0.0,0.2857142857142857,0,258,0,0.06674526364259777,6.674526364259776,Low,0
2025,850,Germany,Female,45,5,103909.86,1,1,0,60083.11,1.7294066600969873,0.1666666666666666,0,225,1,0.6872967136151994,68.72967136151993,High,1
2025,632,France,Male,60,2,0.0,2,0,1,2085.32,0.0,0.6666666666666666,2,120,0,0.06819862216652157,6.819862216652157,Low,0
2025,756,France,Male,27,8,0.0,2,1,1,157932.75,0.0,0.2222222222222222,2,216,0,0.013944331269834123,1.3944331269834123,Low,0
2025,659,France,Female,50,3,0.0,1,1,0,183399.12,0.0,0.25,0,150,1,0.7900557056065268,79.00557056065269,High,1
2025,733,France,Female,38,3,157658.36,1,0,0,19658.43,8.019477675598935,0.25,0,114,0,0.15861890703368484,15.861890703368484,Low,0
2025,651,Spain,Male,47,2,0.0,2,1,1,119808.64,0.0,0.6666666666666666,2,94,0,0.08281152828912329,8.28115282891233,Low,0
2025,630,France,Female,40,7,0.0,2,1,1,34453.17,0.0,0.25,2,280,0,0.040447713575494974,4.0447713575494975,Low,0
2025,711,France,Female,32,1,0.0,2,1,0,126188.42,0.0,1.0,0,32,0,0.025302879396851826,2.5302879396851825,Low,0
2025,593,Spain,Female,45,6,79259.75,1,1,0,55347.28,1.43201830300779,0.1428571428571428,0,270,0,0.5250822852035685,52.508228520356845,Moderate,1
2025,560,France,Male,50,3,0.0,2,1,0,84531.79,0.0,0.5,0,150,0,0.19469866864192165,19.469866864192163,Low,0
2025,704,Germany,Female,24,7,113034.22,1,1,0,162503.48,0.6955760235040904,0.125,0,168,1,0.2852997893604724,28.52997893604724,Low,0
2025,598,Germany,Male,38,1,101487.18,1,1,1,75959.1,1.3360590625868052,0.5,1,38,1,0.2260997027461488,22.60997027461488,Low,0
2025,829,Germany,Male,36,4,81795.74,2,1,0,90106.94,0.9077528572953728,0.4,0,144,0,0.06190625422319457,6.190625422319457,Low,0
2025,592,France,Female,37,7,0.0,2,1,1,126726.33,0.0,0.25,2,259,0,0.03276529270411855,3.276529270411855,Low,0
2025,516,Spain,Female,31,7,0.0,1,1,0,47018.75,0.0,0.125,0,217,0,0.20844004195470672,20.84400419547067,Low,0
2025,603,France,Female,48,5,0.0,1,1,0,100478.6,0.0,0.1666666666666666,0,240,1,0.7239948190182907,72.39948190182906,High,1
2025,657,Spain,Female,22,6,0.0,3,0,1,168412.07,0.0,0.4285714285714285,3,132,1,0.5208392286072884,52.08392286072884,Moderate,1
2025,847,Germany,Female,41,3,101543.51,4,1,0,16025.17,6.336105881817053,1.0,0,123,1,0.960380231615138,96.03802316151379,Very High,1
2025,481,France,Female,34,5,0.0,2,1,1,125253.46,0.0,0.3333333333333333,2,170,0,0.021386033970090014,2.1386033970090015,Low,0
2025,711,France,Male,38,10,0.0,2,0,0,53311.78,0.0,0.1818181818181818,0,380,0,0.02659214000592932,2.659214000592932,Low,0
2025,678,France,Female,32,5,0.0,2,1,0,90284.47,0.0,0.3333333333333333,0,160,0,0.024816248867161477,2.4816248867161477,Low,0
2025,617,Spain,Female,46,3,106521.49,1,0,1,86587.37,1.230205511433002,0.25,1,138,0,0.2701922180473188,27.01922180473188,Low,0
2025,756,France,Female,26,5,101641.14,2,0,1,154460.68,0.65803466594433,0.3333333333333333,2,130,0,0.047016556270854534,4.7016556270854535,Low,0
2025,808,France,Male,32,1,0.0,2,1,1,46200.71,0.0,1.0,2,32,0,0.012515095661729314,1.2515095661729314,Low,0
2025,574,France,Male,33,8,100267.03,1,1,0,103006.27,0.9733976058194728,0.1111111111111111,0,264,0,0.08627157676504282,8.627157676504282,Low,0
2025,688,France,Female,39,0,0.0,2,1,0,53222.15,0.0,2.0,0,0,1,0.05613156914939618,5.613156914939618,Low,0
2025,671,Germany,Female,48,9,116711.06,2,0,0,76373.38,1.5281441237231643,0.2,0,432,0,0.5284972670533731,52.84972670533731,Moderate,1
2025,582,France,Female,32,4,0.0,2,1,0,59668.81,0.0,0.4,0,128,0,0.025290312233835235,2.5290312233835235,Low,0
2025,670,France,Female,45,9,104930.38,1,1,0,155921.81,0.6729636286057185,0.1,0,405,1,0.6007763268137661,60.07763268137661,High,1
2025,795,France,Female,36,1,151844.64,1,1,1,135388.89,1.121536031974027,0.5,1,36,0,0.11334533652181014,11.334533652181014,Low,0
2025,554,France,Female,30,9,0.0,2,1,1,40320.3,0.0,0.2,2,270,0,0.020015648784025977,2.0015648784025974,Low,0
2025,484,France,Female,50,2,90408.16,2,0,0,48170.57,1.8767949643326969,0.6666666666666666,0,100,0,0.41590981276399386,41.59098127639938,Moderate,0
2025,603,France,Male,51,8,186825.57,1,1,0,93739.71,1.99300357336743,0.1111111111111111,0,408,1,0.7554777213487013,75.54777213487013,High,1
2025,778,France,Male,33,1,0.0,2,1,0,85439.73,0.0,1.0,0,33,0,0.015629696880173762,1.5629696880173762,Low,0
2025,661,Spain,Female,42,9,75361.44,1,1,0,27608.12,2.7295850066934406,0.1,0,378,1,0.32049090883703407,32.04909088370341,Moderate,0
2025,667,France,Male,44,8,122277.87,1,1,1,91810.71,1.331833052668336,0.1111111111111111,1,352,0,0.14462515511947507,14.462515511947508,Low,0
2025,675,France,Female,21,8,98373.26,1,1,0,18203.0,5.403936497473082,0.1111111111111111,0,168,0,0.11349262786550407,11.349262786550407,Low,0
2025,715,Spain,Male,42,6,0.0,2,1,1,128745.69,0.0,0.2857142857142857,2,252,0,0.02458269595761928,2.4582695957619283,Low,0
2025,495,France,Female,40,1,140197.71,2,1,0,150720.39,0.9301779263049524,1.0,0,40,0,0.10737842313541206,10.737842313541206,Low,0
2025,680,France,Female,30,8,141441.75,1,1,1,16278.97,8.688084191801337,0.1111111111111111,1,240,0,0.07669381417360342,7.669381417360342,Low,0
2025,711,Germany,Female,52,8,145262.54,1,0,1,131473.31,1.1048739483782042,0.1111111111111111,1,416,0,0.5788246112794626,57.88246112794626,Moderate,1
2025,563,France,Female,34,6,0.0,2,0,0,36536.93,0.0,0.2857142857142857,0,204,0,0.024842912330242852,2.484291233024285,Low,0
2025,655,Germany,Female,37,4,108862.76,1,1,0,79555.08,1.3683776274547463,0.2,0,148,1,0.3442974707094749,34.42974707094749,Moderate,0
2025,834,France,Female,49,2,131394.56,1,0,0,194365.76,0.6760135323550178,0.3333333333333333,0,98,1,0.579985223536992,57.9985223536992,Moderate,1
2025,503,France,Female,28,5,0.0,2,1,0,125918.17,0.0,0.3333333333333333,0,140,0,0.02599627980825231,2.5996279808252307,Low,0
2025,668,Spain,Female,30,8,0.0,2,1,0,138465.7,0.0,0.2222222222222222,0,240,0,0.029528484029283267,2.9528484029283266,Low,0
2025,834,Germany,Female,57,8,112281.6,3,1,0,140225.14,0.8007180401599873,0.3333333333333333,0,456,1,0.9891815456080831,98.91815456080832,Very High,1
2025,526,France,Female,36,0,0.0,2,1,0,97767.63,0.0,2.0,0,0,0,0.04362154961007214,4.362154961007214,Low,0
2025,576,Spain,Male,19,6,0.0,2,0,0,72306.07,0.0,0.2857142857142857,0,114,0,0.021997233990074628,2.1997233990074627,Low,0
2025,480,Germany,Female,25,3,174330.35,2,0,0,181647.13,0.9597145316056928,0.5,0,75,0,0.10268104163158022,10.268104163158021,Low,0
2025,670,France,Female,50,8,138340.06,1,0,1,3159.15,43.77642200528456,0.1111111111111111,1,400,0,0.32567541375458514,32.56754137545851,Moderate,0
2025,660,France,Male,30,7,146301.31,1,0,0,96847.91,1.510613903656737,0.125,0,210,0,0.08813399097354885,8.813399097354885,Low,0
2025,651,Germany,Female,45,6,86714.06,1,1,0,85869.89,1.009819043449998,0.1428571428571428,0,270,1,0.5815731774569302,58.157317745693014,Moderate,1
2025,844,Spain,Male,56,5,99529.7,1,0,1,157230.06,0.6330155123294341,0.1666666666666666,1,280,1,0.23823492984081565,23.823492984081565,Low,0
2025,680,France,Male,36,3,116275.12,1,1,1,63795.8,1.822585458831791,0.25,1,108,0,0.07099233765569439,7.099233765569439,Low,0
2025,850,Spain,Female,53,7,65407.16,2,0,0,182633.63,0.3581312043614073,0.25,0,371,1,0.4110926928762384,41.10926928762384,Moderate,0
2025,644,Germany,Female,44,8,106022.73,2,0,0,148727.42,0.7128612675371659,0.2222222222222222,0,352,0,0.3551711559314537,35.51711559314537,Moderate,0
2025,535,France,Female,29,2,112367.34,1,1,0,185630.76,0.6053238950058977,0.3333333333333333,0,58,0,0.09612760070623698,9.612760070623699,Low,0
2025,655,Spain,Female,29,9,0.0,2,0,1,85736.26,0.0,0.2,2,261,0,0.021850449661448647,2.1850449661448645,Low,0
2025,609,France,Female,39,8,141675.23,1,0,1,175664.25,0.8065068646189273,0.1111111111111111,1,312,0,0.1836429464685662,18.364294646856617,Low,0
2025,633,Spain,Male,42,10,0.0,1,0,1,79408.17,0.0,0.0909090909090909,1,420,0,0.22161585333771772,22.16158533377177,Low,0
2025,550,Germany,Male,33,4,118400.91,1,0,1,13999.64,8.456821259599561,0.2,1,132,1,0.16269862327198845,16.269862327198844,Low,0
2025,665,Germany,Female,27,2,147435.96,1,0,0,187508.06,0.7862871266060424,0.3333333333333333,0,54,0,0.208022324662639,20.802232466263902,Low,0
2025,640,France,Male,40,8,110340.68,1,1,1,157886.6,0.6988558949531185,0.1111111111111111,1,320,0,0.090042717777735,9.0042717777735,Low,0
2025,625,France,Female,36,3,0.0,2,1,0,41295.1,0.0,0.5,0,108,1,0.034178258178324226,3.417825817832423,Low,0
2025,633,Germany,Male,40,5,86172.81,2,1,1,117279.49,0.7347582705358751,0.3333333333333333,2,200,0,0.0577355133971443,5.77355133971443,Low,0
2025,745,Spain,Male,40,3,88466.82,1,0,0,116331.42,0.7604657411923521,0.25,0,120,0,0.18854084535889887,18.854084535889886,Low,0
2025,777,France,Female,30,4,0.0,2,0,1,115611.97,0.0,0.4,2,120,0,0.02145351764834453,2.145351764834453,Low,0
2025,755,France,Male,36,8,0.0,2,1,0,176809.87,0.0,0.2222222222222222,0,288,0,0.021746008642310306,2.1746008642310306,Low,0
2025,705,France,Male,30,1,0.0,1,1,1,181300.32,0.0,0.5,1,30,0,0.07274501941066878,7.2745019410668785,Low,0
2025,786,France,Female,29,4,0.0,2,1,0,103372.79,0.0,0.4,0,116,0,0.02407522325873094,2.407522325873094,Low,0
2025,758,Germany,Male,68,6,112595.85,1,1,0,35865.44,3.139309337642654,0.1428571428571428,0,408,1,0.8577802961868003,85.77802961868002,Very High,1
2025,604,Spain,Male,27,9,101352.78,1,0,0,30252.3,3.3501396541864854,0.1,0,243,0,0.09973072762508843,9.973072762508844,Low,0
2025,797,France,Male,30,10,69413.44,1,1,1,74637.57,0.9299942375637688,0.0909090909090909,1,300,0,0.05495507169115871,5.495507169115871,Low,0
2025,489,France,Female,31,7,139395.08,1,0,1,6120.84,22.77012793539197,0.125,1,217,0,0.07924926748326126,7.9249267483261265,Low,0
2025,621,Spain,Male,41,5,104631.67,1,1,1,95551.22,1.0950208168894453,0.1666666666666666,1,205,0,0.11389415391237682,11.389415391237682,Low,0
2025,608,Germany,Male,26,1,106648.98,1,0,1,7063.6,15.096251733997676,0.5,1,26,0,0.12671560449839794,12.671560449839795,Low,0
2025,480,France,Female,42,1,152160.21,2,1,0,101778.9,1.4949927244966836,1.0,0,42,0,0.10537016637781092,10.537016637781091,Low,0
2025,504,Germany,Male,42,7,131287.36,2,1,1,149697.78,0.8770102201233704,0.25,2,294,0,0.10837784134827258,10.837784134827258,Low,0
2025,663,Spain,Female,22,9,0.0,1,1,0,29135.89,0.0,0.1,0,198,1,0.21217836078048558,21.217836078048556,Low,0
2025,632,Spain,Female,32,1,0.0,2,1,0,19525.65,0.0,1.0,0,32,0,0.03283951996864752,3.283951996864752,Low,0
2025,845,France,Male,33,8,164385.53,1,1,0,150664.97,1.0910594475978883,0.1111111111111111,0,264,0,0.08372890122904952,8.372890122904952,Low,0
2025,587,Germany,Female,39,6,101851.8,2,1,0,7103.71,14.335813847433604,0.2857142857142857,0,234,0,0.1788672185981264,17.886721859812642,Low,0
2025,568,Germany,Male,46,8,150836.92,1,0,0,64516.8,2.337911708086761,0.1111111111111111,0,368,1,0.6218224853422141,62.18224853422141,High,1
2025,766,Germany,Female,28,4,90696.78,1,0,1,21597.2,4.199274939578298,0.2,1,112,0,0.155189957902452,15.5189957902452,Low,0
2025,633,France,Male,59,2,103996.74,1,1,1,103159.11,1.008110014617084,0.3333333333333333,1,118,0,0.19486479811632787,19.486479811632787,Low,0
2025,746,France,Female,37,4,0.0,2,0,1,171039.56,0.0,0.4,2,148,0,0.038188935086939796,3.8188935086939795,Low,0
2025,768,France,Male,25,6,0.0,2,1,1,21215.67,0.0,0.2857142857142857,2,150,0,0.015439942789831025,1.5439942789831025,Low,0
2025,635,Spain,Male,38,0,103257.14,1,0,0,158344.63,0.6520997137717031,1.0,0,0,0,0.11093504261139499,11.093504261139499,Low,0
2025,529,France,Female,27,1,0.0,2,1,1,37769.98,0.0,1.0,2,27,0,0.022648996708502536,2.2648996708502533,Low,0
2025,625,France,Male,39,2,0.0,2,1,0,100403.05,0.0,0.6666666666666666,0,78,0,0.030650973207491144,3.0650973207491146,Low,0
2025,697,France,Female,42,10,0.0,2,1,0,61312.15,0.0,0.1818181818181818,0,420,0,0.058157880773735314,5.815788077373531,Low,0
2025,673,Germany,Female,25,3,108244.82,2,1,1,103573.96,1.0450867661450218,0.5,2,75,0,0.06614576112541067,6.614576112541067,Low,0
2025,708,Germany,Male,42,9,176702.36,2,1,1,104804.74,1.685998877542394,0.2,2,378,0,0.05003299528291628,5.0032995282916275,Low,0
2025,697,France,Female,33,1,87347.7,1,1,0,172524.51,0.5062886062472732,0.5,0,33,0,0.09130290282667243,9.130290282667243,Low,0
2025,573,France,Male,26,8,86270.93,2,1,1,90177.3,0.956670618097702,0.2222222222222222,2,208,0,0.03210159503159626,3.2101595031596255,Low,0
2025,682,Spain,Male,46,7,128029.72,1,1,1,62615.35,2.0446691638845125,0.125,1,322,0,0.18119525977503093,18.11952597750309,Low,0
2025,647,Germany,Male,44,4,93960.35,1,1,0,36579.53,2.568589082771628,0.2,0,176,1,0.5828526670990307,58.28526670990307,Moderate,1
2025,797,Germany,Female,33,10,83555.58,1,0,0,69767.14,1.1976179958359217,0.0909090909090909,0,330,0,0.1294423842071722,12.94423842071722,Low,0
2025,651,Germany,Male,37,9,114453.58,1,0,1,175820.91,0.6509631251304232,0.1,1,333,0,0.21843773787938184,21.843773787938183,Low,0
2025,501,Spain,Male,43,6,104533.24,1,0,0,81123.59,1.2885518435285777,0.1428571428571428,0,258,1,0.33070532605327985,33.07053260532798,Moderate,0
2025,727,France,Female,26,9,121508.28,1,1,1,146785.44,0.8277895424127732,0.1,1,234,0,0.0852867318692484,8.52867318692484,Low,0
2025,683,Spain,Male,56,7,50911.21,3,0,0,97629.31,0.5214693059972871,0.375,0,392,1,0.9711420164407387,97.11420164407387,Very High,1
2025,770,France,Female,33,6,0.0,2,1,1,126131.9,0.0,0.2857142857142857,2,198,0,0.019933437009181865,1.9933437009181865,Low,0
2025,568,Spain,Female,26,6,0.0,2,0,0,166495.2,0.0,0.2857142857142857,0,156,0,0.034295209248375785,3.4295209248375786,Low,0
2025,577,Spain,Male,48,6,179852.26,1,1,0,193580.32,0.9290785908475052,0.1428571428571428,0,288,0,0.638707689520174,63.8707689520174,High,1
2025,608,Germany,Male,34,3,106288.54,1,1,1,36639.25,2.9008683073941905,0.25,1,102,0,0.148940862589548,14.8940862589548,Low,0
2025,679,Spain,Female,28,9,0.0,2,0,1,61761.77,0.0,0.2,2,252,0,0.02226915131381618,2.226915131381618,Low,0
2025,544,France,Female,45,6,0.0,2,0,1,151401.33,0.0,0.2857142857142857,2,270,0,0.12300924874442762,12.300924874442762,Low,0
2025,620,Spain,Male,29,9,0.0,2,1,0,13133.88,0.0,0.2,0,261,0,0.021187886527041937,2.1187886527041937,Low,0
2025,588,Germany,Female,30,0,110148.49,1,1,0,5790.9,19.017678136708163,1.0,0,0,1,0.28920551337751255,28.920551337751256,Low,0
2025,757,Germany,Male,31,1,127320.36,3,1,0,163170.32,0.7802863885638726,1.5,0,31,0,0.8257772496015452,82.57772496015451,Very High,1
2025,775,Spain,Male,30,4,0.0,2,0,1,57461.13,0.0,0.4,2,120,0,0.01684462882019609,1.6844628820196088,Low,0
2025,718,France,Female,44,1,133866.22,1,0,1,139049.24,0.9627183671168064,0.5,1,44,0,0.24599011043374958,24.599011043374958,Low,0
2025,690,France,Male,35,6,112689.95,1,1,0,176962.31,0.636798384930752,0.1428571428571428,0,210,0,0.10025992072029646,10.025992072029647,Low,0
2025,613,France,Female,21,7,105627.95,1,1,1,36560.51,2.8890477991745964,0.125,1,147,0,0.0775191285558538,7.75191285558538,Low,0
2025,699,France,Female,43,3,80764.03,1,1,0,199378.58,0.405076738550658,0.25,0,129,1,0.4688716563122961,46.88716563122961,Moderate,0
2025,727,Spain,Male,43,2,97403.18,1,1,1,107415.02,0.9067844814954044,0.3333333333333333,1,86,1,0.1466698103510693,14.666981035106929,Low,0
2025,850,France,Male,66,4,0.0,2,0,1,64350.8,0.0,0.4,2,264,0,0.027758376596524862,2.775837659652486,Low,0
2025,581,France,Male,31,3,0.0,2,0,0,89040.61,0.0,0.5,0,93,0,0.019489534385170787,1.9489534385170786,Low,0
2025,513,Spain,Female,42,10,0.0,2,0,1,73151.25,0.0,0.1818181818181818,2,420,0,0.051339223878617585,5.133922387861759,Low,0
2025,620,France,Male,61,5,0.0,1,0,0,31641.52,0.0,0.1666666666666666,0,305,1,0.8878056062686301,88.78056062686301,Very High,1
2025,726,France,Female,38,5,126875.62,1,1,0,128052.29,0.9908032819773706,0.1666666666666666,0,190,0,0.16839868537785,16.839868537784998,Low,0
2025,709,France,Female,34,2,111669.68,1,1,0,57029.66,1.958063960683604,0.3333333333333333,0,68,0,0.1370448701840306,13.70448701840306,Low,0
2025,804,France,Male,24,3,0.0,2,1,0,173195.33,0.0,0.5,0,72,0,0.017749789215444862,1.7749789215444862,Low,0
2025,850,France,Female,28,9,0.0,2,1,0,185821.41,0.0,0.2,0,252,0,0.02284842821170045,2.284842821170045,Low,0
2025,670,France,Female,31,2,57530.06,1,1,1,181893.31,0.3162829007680339,0.3333333333333333,1,62,1,0.11566977182066494,11.566977182066495,Low,0
2025,841,France,Female,31,3,162701.65,2,1,1,126794.56,1.2831809725829515,0.5,2,93,0,0.03544797795109388,3.544797795109388,Low,0
2025,628,Germany,Female,45,6,53667.44,1,1,0,115022.94,0.466576262298092,0.1428571428571428,0,270,0,0.6587793809079976,65.87793809079976,High,1
2025,675,France,Male,49,8,135133.39,1,0,1,179521.24,0.7527389921159631,0.1111111111111111,1,392,1,0.2661167968815913,26.61167968815913,Low,0
2025,567,Germany,Male,40,7,122265.24,1,1,0,138552.74,0.8824391171252397,0.125,0,280,0,0.43346522533157966,43.346522533157966,Moderate,0
2025,672,France,Female,40,3,0.0,1,1,0,113171.61,0.0,0.25,0,120,1,0.38066576118619305,38.0665761186193,Moderate,0
2025,581,Spain,Female,46,1,0.0,2,1,0,104272.04,0.0,1.0,0,46,0,0.18933515810602675,18.933515810602675,Low,0
2025,584,Spain,Female,29,4,0.0,2,1,0,88866.92,0.0,0.4,0,116,0,0.027989766660785398,2.7989766660785396,Low,0
2025,644,Spain,Male,28,0,0.0,2,1,0,119419.37,0.0,2.0,0,0,0,0.022655643084975537,2.2655643084975536,Low,0
2025,661,France,Female,27,3,0.0,2,1,1,76889.79,0.0,0.5,2,81,0,0.01910423916146034,1.910423916146034,Low,0
2025,667,France,Female,24,4,0.0,2,0,1,34335.55,0.0,0.4,2,96,0,0.0205846031034247,2.05846031034247,Low,0
2025,630,Spain,Male,30,3,0.0,2,0,1,10486.69,0.0,0.5,2,90,0,0.017808810663874422,1.7808810663874421,Low,0
2025,656,France,Male,43,7,134919.85,1,1,0,194691.95,0.6929878560060855,0.125,0,301,0,0.2701502674143303,27.01502674143303,Low,0
2025,686,France,Female,31,1,0.0,2,1,0,4802.25,0.0,1.0,0,31,0,0.026903427116321772,2.6903427116321774,Low,0
2025,730,Germany,Male,38,0,38848.19,2,0,0,94003.11,0.4132605478632796,2.0,0,0,0,0.06276887664665963,6.276887664665963,Low,0
2025,664,France,Male,58,5,98668.18,1,1,1,60887.58,1.6204710308566892,0.1666666666666666,1,290,0,0.1670692014747906,16.70692014747906,Low,0
2025,616,Germany,Female,41,1,103560.57,1,1,0,236.45,436.136323436513,0.5,0,41,1,0.4905599362809473,49.05599362809473,Moderate,0
2025,718,Germany,Male,63,7,123204.88,1,1,1,100538.8,1.2254339077658798,0.125,1,441,0,0.36665922322225014,36.665922322225015,Moderate,0
2025,717,France,Male,53,6,0.0,2,0,1,97614.87,0.0,0.2857142857142857,2,318,0,0.08226579188088076,8.226579188088076,Low,0
2025,656,France,Male,35,6,0.0,2,1,0,1485.27,0.0,0.2857142857142857,0,210,0,0.022715207276589194,2.2715207276589195,Low,0
2025,687,France,Female,31,2,0.0,2,0,1,145411.39,0.0,0.6666666666666666,2,62,0,0.024743252232355198,2.4743252232355197,Low,0
2025,649,France,Female,52,8,49113.75,1,1,0,41858.43,1.1733019298160534,0.1111111111111111,0,416,0,0.7727450698027702,77.27450698027702,High,1
2025,697,France,Female,45,1,0.0,2,1,0,46807.62,0.0,1.0,0,45,1,0.1819693755722064,18.19693755722064,Low,0
2025,659,Germany,Male,36,2,76190.48,2,1,1,149066.14,0.5111151927916507,0.6666666666666666,2,72,0,0.026707415578154235,2.6707415578154237,Low,0
2025,587,France,Male,33,8,148163.57,1,0,0,122925.4,1.2053030919314325,0.1111111111111111,0,264,0,0.08596921067322198,8.596921067322198,Low,0
2025,613,France,Male,44,3,0.0,2,0,1,136491.72,0.0,0.5,2,132,0,0.04192932342045166,4.192932342045165,Low,0
2025,733,France,Male,33,3,0.0,1,1,1,7666.73,0.0,0.25,1,99,0,0.10243371366663398,10.243371366663398,Low,0
2025,517,Spain,Male,46,4,0.0,1,1,0,22372.78,0.0,0.2,0,184,0,0.5792992596494208,57.92992596494207,Moderate,1
2025,584,France,Female,66,5,0.0,1,1,0,49553.38,0.0,0.1666666666666666,0,330,1,0.8773683013187962,87.73683013187961,Very High,1
2025,728,Spain,Female,43,5,0.0,1,1,1,120088.17,0.0,0.1666666666666666,1,215,0,0.34733640825272266,34.73364082527227,Moderate,0
2025,777,Germany,Female,34,5,96693.66,1,1,1,172618.52,0.5601548422797145,0.1666666666666666,1,170,0,0.16573587467485407,16.573587467485407,Low,0
2025,619,Spain,Female,44,6,52831.13,1,1,1,112649.22,0.4689838155664498,0.1428571428571428,1,264,1,0.28960310524813004,28.960310524813003,Low,0
2025,733,Spain,Male,36,1,0.0,2,0,1,108377.82,0.0,1.0,2,36,0,0.020021028116024152,2.0021028116024153,Low,0
2025,430,France,Male,31,5,0.0,1,1,0,95655.16,0.0,0.1666666666666666,0,155,0,0.14936157590474014,14.936157590474014,Low,0
2025,580,Germany,Male,45,8,103741.14,1,1,0,47428.73,2.1872597630220536,0.1111111111111111,0,360,1,0.7040977217208005,70.40977217208005,High,1
2025,665,Germany,Male,32,1,132178.67,1,0,0,11865.76,11.13856435960616,0.5,0,32,0,0.17844292869737519,17.84429286973752,Low,0
2025,502,France,Male,45,0,0.0,1,0,0,84663.21,0.0,1.0,0,0,0,0.5335578895680849,53.35578895680849,Moderate,1
2025,585,France,Male,56,4,138227.19,2,1,1,55287.84,2.500092061978512,0.4,2,224,0,0.1586105375443948,15.86105375443948,Low,0
2025,626,France,Male,44,10,0.0,2,0,0,164287.86,0.0,0.1818181818181818,0,440,0,0.06510186289236801,6.510186289236801,Low,0
2025,753,Germany,Female,47,1,131160.85,1,1,0,197444.69,0.6642882404776727,0.5,0,47,0,0.7958691477265655,79.58691477265654,High,1
2025,535,France,Female,49,3,0.0,1,0,0,61820.41,0.0,0.25,0,147,1,0.7429223624888984,74.29223624888984,High,1
2025,751,Spain,Male,52,8,0.0,2,0,1,179291.85,0.0,0.2222222222222222,2,416,0,0.09593676790643905,9.593676790643906,Low,0
2025,478,Spain,Female,36,3,92363.3,2,1,0,44912.7,2.056461614162272,0.5,0,108,0,0.07902714892083679,7.9027148920836785,Low,0
2025,643,France,Female,45,4,45144.43,1,1,0,60917.24,0.7410658942215008,0.2,0,180,1,0.6096229931804378,60.962299318043776,High,1
2025,743,Germany,Male,59,5,108585.35,1,1,1,192127.22,0.5651712694782682,0.1666666666666666,1,295,1,0.5119798828243795,51.19798828243795,Moderate,1
2025,699,France,Male,53,4,0.0,2,0,1,111307.98,0.0,0.4,2,212,0,0.08986830423335357,8.986830423335357,Low,0
2025,668,France,Male,46,0,0.0,2,0,0,29388.02,0.0,2.0,0,0,0,0.12136090604180631,12.136090604180632,Low,0
2025,500,Spain,Male,38,7,0.0,2,0,0,192013.23,0.0,0.25,0,266,0,0.03572390851011185,3.5723908510111846,Low,0
2025,555,Germany,Female,62,10,114822.64,1,0,1,8444.5,13.5957184299331,0.0909090909090909,1,620,0,0.5476109843937561,54.76109843937561,Moderate,1
2025,581,Germany,Male,50,2,143829.2,2,1,0,181224.24,0.7936488316969535,0.6666666666666666,0,100,1,0.5047560482108122,50.47560482108122,Moderate,1
2025,559,France,Female,42,7,0.0,2,1,1,190040.29,0.0,0.25,2,294,0,0.05462099900009158,5.462099900009158,Low,0
2025,514,France,Male,45,1,178827.79,1,1,0,60375.18,2.96189308432564,0.5,0,45,0,0.5926432184115565,59.264321841155656,Moderate,1
2025,521,France,Female,32,2,136555.01,2,1,1,129353.21,1.05566730298148,0.6666666666666666,2,64,0,0.05083448945135991,5.083448945135991,Low,0
2025,737,Spain,Female,39,7,130051.66,2,0,0,55356.39,2.3493098211458308,0.25,0,273,1,0.08697503273557013,8.697503273557013,Low,0
2025,699,Spain,Male,31,8,125927.51,2,1,0,147661.47,0.8528064714073927,0.2222222222222222,0,248,0,0.04227378982465029,4.227378982465029,Low,0
2025,737,France,Female,32,7,128551.36,2,0,1,189402.71,0.6787161666474221,0.25,2,224,0,0.05097979848367525,5.097979848367525,Low,0
2025,603,Spain,Male,24,1,165149.13,2,1,0,21858.28,7.55510382775645,1.0,0,24,0,0.047013592762554436,4.7013592762554435,Low,0
2025,752,Germany,Male,30,4,81523.38,1,1,1,36885.85,2.210093298831427,0.2,1,120,0,0.07145846027989217,7.145846027989217,Low,0
2025,524,France,Female,28,7,0.0,2,0,1,147100.72,0.0,0.25,2,196,0,0.026952740853212257,2.6952740853212256,Low,0
2025,608,Spain,Female,38,9,102406.76,1,0,1,57600.66,1.777843902415312,0.1,1,342,0,0.12156617895428563,12.156617895428564,Low,0
2025,603,France,Male,35,6,128993.76,2,1,0,130483.56,0.988574893458659,0.2857142857142857,0,210,0,0.043080815067789574,4.308081506778957,Low,0
2025,720,France,Male,52,7,0.0,1,1,1,14781.12,0.0,0.125,1,364,0,0.36965307332351993,36.96530733235199,Moderate,0
2025,633,Germany,Male,29,6,117412.35,1,0,0,30338.94,3.869893941781032,0.1428571428571428,0,174,0,0.23442987080344682,23.442987080344682,Low,0
2025,660,Spain,Female,28,3,128929.88,1,1,1,198069.71,0.650928549708334,0.25,1,84,0,0.0937498775475083,9.37498775475083,Low,0
2025,526,Spain,Female,36,5,91132.18,1,0,0,58111.71,1.5681970432974128,0.1666666666666666,0,180,0,0.1611930377125781,16.119303771257808,Low,0
2025,691,France,Female,34,7,0.0,2,0,1,161559.12,0.0,0.25,2,238,0,0.024743252232355198,2.4743252232355197,Low,0
2025,705,Germany,Female,56,2,143249.67,1,1,0,88428.41,1.6199324410283864,0.3333333333333333,0,112,1,0.9356865361597675,93.56865361597674,Very High,1
2025,586,Spain,Female,33,10,66948.67,2,1,1,140759.03,0.4756227318223788,0.1818181818181818,2,330,0,0.02948326522417916,2.948326522417916,Low,0
2025,465,France,Female,51,8,122522.32,1,0,0,181297.65,0.6758038187267252,0.1111111111111111,0,408,1,0.7648497058171116,76.48497058171117,High,1
2025,597,France,Male,67,2,0.0,2,0,1,108645.85,0.0,0.6666666666666666,2,134,0,0.03111645221775,3.1116452217750004,Low,0
2025,683,Germany,Female,43,4,115888.04,1,1,1,117349.19,0.9875402843404002,0.2,1,172,1,0.49125344844268315,49.12534484426831,Moderate,0
2025,794,Spain,Male,31,0,144880.34,2,0,1,175643.44,0.8248501347381106,2.0,2,0,0,0.05024180607414651,5.0241806074146504,Low,0
2025,569,France,Male,41,4,120243.49,1,1,0,163150.03,0.7370072380174371,0.2,0,164,1,0.1763395665956173,17.63395665956173,Low,0
2025,565,Germany,Male,31,2,89558.39,2,1,1,4441.54,20.1592759997659,0.6666666666666666,2,62,0,0.05203609986115311,5.203609986115311,Low,0
2025,674,France,Female,26,10,0.0,2,1,1,138423.1,0.0,0.1818181818181818,2,260,0,0.01975271529954051,1.975271529954051,Low,0
2025,850,Germany,Female,40,7,104449.8,1,1,1,747.88,139.4746821920735,0.125,1,280,0,0.35401604032576445,35.401604032576444,Moderate,0
2025,660,Germany,Male,35,8,58641.43,1,0,1,198674.08,0.2951624833874485,0.1111111111111111,1,280,0,0.15052887083551708,15.052887083551708,Low,0
2025,677,Spain,Male,56,5,123959.97,1,1,1,60590.72,2.04582358777734,0.1666666666666666,1,280,1,0.22856784102488223,22.856784102488223,Low,0
2025,690,Germany,Male,32,0,106683.52,2,1,1,137916.49,0.7735314788573951,2.0,2,0,0,0.05524156512940468,5.524156512940468,Low,0
2025,755,France,Male,42,2,119919.12,1,1,0,156868.21,0.7644528840299508,0.3333333333333333,0,84,0,0.1988065097071659,19.88065097071659,Low,0
2025,670,France,Male,33,2,141204.65,2,1,0,76257.46,1.8516588192313348,0.6666666666666666,0,66,0,0.039140032595299405,3.9140032595299403,Low,0
2025,713,France,Female,52,0,185891.54,1,1,1,46369.57,4.008825856572391,1.0,1,0,1,0.5250060101533625,52.500601015336244,Moderate,1
2025,628,Germany,Female,28,3,153538.13,2,1,0,110776.01,1.3860107796735082,0.5,0,84,0,0.07482463415468604,7.4824634154686045,Low,0
2025,738,Germany,Male,58,2,133745.44,4,1,0,28373.86,4.713518938948069,1.3333333333333333,0,116,1,0.9937188155234158,99.37188155234158,Very High,1
2025,813,Germany,Male,59,2,135078.41,1,1,0,187636.06,0.7198919552459413,0.3333333333333333,0,118,1,0.9353973518474603,93.53973518474604,Very High,1
2025,560,France,Female,38,5,83714.41,1,1,1,33245.97,2.51795607238795,0.1666666666666666,1,190,0,0.13126165267820908,13.126165267820907,Low,0
2025,718,France,Female,37,7,0.0,2,1,1,55100.09,0.0,0.25,2,259,0,0.026996357917822934,2.6996357917822933,Low,0
2025,687,Germany,Male,44,8,95368.14,2,1,1,1787.85,53.3125415769908,0.2222222222222222,2,352,0,0.15909418160462235,15.909418160462236,Low,0
2025,576,France,Female,55,6,44582.07,3,0,1,67539.85,0.6600756431107988,0.4285714285714285,3,330,1,0.9200565604328637,92.00565604328636,Very High,1
2025,528,France,Male,37,6,103772.45,1,1,0,197111.99,0.5264617517090071,0.1428571428571428,0,222,0,0.16222900952809902,16.2229009528099,Low,0
2025,560,France,Female,44,5,143244.97,1,1,0,98661.27,1.451871824964092,0.1666666666666666,0,220,0,0.38073844542953855,38.07384454295386,Moderate,0
2025,628,France,Male,37,0,0.0,2,1,1,171707.93,0.0,2.0,2,0,0,0.0257622213802416,2.57622213802416,Low,0
2025,831,France,Male,30,2,0.0,2,0,1,3430.38,0.0,0.6666666666666666,2,60,0,0.015100817819906442,1.5100817819906442,Low,0
2025,641,Spain,Male,31,3,153316.14,1,1,0,59927.99,2.558296744196757,0.25,0,93,0,0.11330173107993184,11.330173107993184,Low,0
2025,521,Germany,Female,49,2,127948.57,1,1,1,182765.14,0.7000671459166342,0.3333333333333333,1,98,0,0.699296813679275,69.9296813679275,High,1
2025,566,Germany,Female,40,2,97001.36,2,1,0,154486.01,0.6278933096057719,0.6666666666666666,0,80,0,0.20428922798521798,20.428922798521796,Low,0
2025,673,Spain,Female,37,8,0.0,2,1,1,183318.79,0.0,0.2222222222222222,2,296,0,0.03427871555200266,3.427871555200266,Low,0
2025,580,France,Female,35,8,0.0,2,0,1,10357.03,0.0,0.2222222222222222,2,280,0,0.029996931431531045,2.9996931431531046,Low,0
2025,655,France,Male,27,10,0.0,2,1,0,51620.94,0.0,0.1818181818181818,0,270,0,0.019110869513999536,1.9110869513999535,Low,0
2025,565,Germany,Female,32,9,68067.24,1,1,0,143287.58,0.4750360426490374,0.1,0,288,0,0.19921701107663947,19.921701107663946,Low,0
2025,523,Germany,Male,63,6,116227.27,1,1,1,119404.63,0.9733818246258572,0.1428571428571428,1,378,0,0.4048696483556103,40.48696483556103,Moderate,0
2025,688,France,Female,32,5,0.0,2,0,1,177607.77,0.0,0.3333333333333333,2,160,0,0.0269983197845432,2.69983197845432,Low,0
2025,664,France,Female,41,5,0.0,1,1,1,152054.33,0.0,0.1666666666666666,1,205,0,0.28725078433081436,28.725078433081435,Low,0
2025,690,Spain,Male,49,8,116622.73,1,0,1,51011.29,2.286169274110219,0.1111111111111111,1,392,0,0.25216808061344326,25.216808061344327,Low,0
2025,538,Germany,Male,25,5,62482.95,1,1,1,102758.43,0.6080507647813929,0.1666666666666666,1,125,0,0.08189106010960745,8.189106010960746,Low,0
2025,566,Germany,Female,44,5,141428.99,2,0,0,68408.74,2.067380902193167,0.3333333333333333,0,220,0,0.2810735619157667,28.10735619157667,Low,0
2025,684,France,Male,45,6,148071.39,1,1,0,183575.01,0.8065944455378457,0.1428571428571428,0,270,0,0.4265076822957656,42.650768229576556,Moderate,0
2025,609,France,Female,53,6,0.0,2,1,1,124218.27,0.0,0.2857142857142857,2,318,0,0.12835342812765368,12.835342812765369,Low,0
2025,668,Germany,Male,47,7,106854.21,1,0,1,157959.02,0.676463639343677,0.125,1,329,1,0.5322187394837322,53.22187394837322,Moderate,1
2025,624,France,Female,62,7,125163.62,2,1,1,151411.5,0.8266399405597292,0.25,2,434,0,0.18901452248496614,18.901452248496614,Low,0
2025,623,France,Male,45,0,0.0,1,1,0,196533.72,0.0,1.0,0,0,1,0.5500938803006526,55.00938803006527,Moderate,1
2025,595,France,Male,29,6,150685.79,1,1,0,87771.06,1.7167853870582508,0.1428571428571428,0,174,0,0.08813399097354885,8.813399097354885,Low,0
2025,665,Spain,Female,32,10,0.0,1,1,1,22487.45,0.0,0.0909090909090909,1,320,0,0.12441055972461874,12.441055972461875,Low,0
2025,700,France,Female,37,7,0.0,2,1,0,17040.82,0.0,0.25,0,259,0,0.03752835079514651,3.7528350795146515,Low,0
2025,594,France,Female,53,4,0.0,1,1,0,5408.74,0.0,0.2,0,212,1,0.8536046522984434,85.36046522984434,Very High,1
2025,795,Germany,Male,38,7,125903.22,2,1,1,127068.92,0.990818440745064,0.25,2,266,0,0.08924016990609497,8.924016990609497,Low,0
2025,484,France,Female,32,3,0.0,2,1,1,139390.99,0.0,0.5,2,96,0,0.0250529906916892,2.50529906916892,Low,0
2025,742,Germany,Female,36,2,129748.54,2,0,0,47271.61,2.7446874627823594,0.6666666666666666,0,72,1,0.14935448411647606,14.935448411647606,Low,0
2025,499,Germany,Female,55,4,126817.65,2,1,0,123269.71,1.028773582954134,0.4,0,220,0,0.8549436766345753,85.49436766345752,Very High,1
2025,669,France,Male,45,7,149364.58,1,0,1,173454.07,0.8611139472602327,0.125,1,315,0,0.17816731743647315,17.816731743647317,Low,0
2025,560,Spain,Female,33,9,0.0,1,0,1,183358.21,0.0,0.1,1,297,0,0.19943941188724804,19.943941188724803,Low,0
2025,650,Spain,Female,23,5,0.0,1,1,1,180622.43,0.0,0.1666666666666666,1,115,0,0.1683132172418512,16.83132172418512,Low,0
2025,619,Spain,Male,52,8,0.0,2,1,1,123242.11,0.0,0.2222222222222222,2,416,0,0.08295334484985509,8.295334484985508,Low,0
2025,652,Spain,Male,71,4,0.0,1,1,1,120107.1,0.0,0.2,1,284,0,0.09899951523599118,9.899951523599118,Low,0
2025,705,Spain,Female,24,5,177799.83,2,0,0,79886.06,2.2256399221601093,0.3333333333333333,0,120,0,0.10931665237465708,10.931665237465708,Low,0
2025,778,Spain,Female,47,6,127299.34,2,1,0,124694.99,1.0208775759348796,0.2857142857142857,0,282,0,0.36377189974035645,36.377189974035645,Moderate,0
2025,629,Germany,Male,28,8,108601.0,1,1,1,119647.7,0.907665524155298,0.1111111111111111,1,224,0,0.14678193203084722,14.67819320308472,Low,0
2025,596,France,Female,39,10,86546.29,1,0,1,131768.98,0.6567982327993067,0.0909090909090909,1,390,0,0.19297955107420367,19.297955107420368,Low,0
2025,754,France,Male,37,6,0.0,1,1,1,116141.72,0.0,0.1428571428571428,1,222,0,0.1284934900973337,12.849349009733372,Low,0
2025,776,Spain,Male,30,6,0.0,2,0,1,63908.86,0.0,0.2857142857142857,2,180,0,0.01684462882019609,1.6844628820196088,Low,0
2025,615,Germany,Female,44,9,126104.98,2,0,1,110718.02,1.1389640190095611,0.2,2,396,0,0.267997877488311,26.7997877488311,Low,0
2025,684,Germany,Female,44,2,133776.86,2,0,1,49865.04,2.6827247561667216,0.6666666666666666,2,88,0,0.19615181035222545,19.615181035222545,Low,0
2025,513,Germany,Female,49,5,171601.27,1,1,0,126223.84,1.3594889088391793,0.1666666666666666,0,245,0,0.6688811336136067,66.88811336136067,High,1
2025,705,Spain,Female,46,5,89364.91,1,0,1,139162.15,0.6421592928875209,0.1666666666666666,1,230,0,0.3263913705672669,32.63913705672669,Moderate,0
2025,489,Spain,Male,58,4,0.0,2,1,1,191419.32,0.0,0.4,2,232,0,0.08139981725692137,8.139981725692138,Low,0
2025,721,France,Male,40,3,0.0,1,1,1,144874.67,0.0,0.25,1,120,0,0.16529124888925162,16.52912488892516,Low,0
2025,690,France,Male,36,7,101583.11,2,1,0,123775.15,0.820700191434295,0.25,0,252,0,0.0425876122737499,4.25876122737499,Low,0
2025,683,France,Male,36,5,115350.63,1,1,1,122305.91,0.943124390927708,0.1666666666666666,1,180,0,0.06807852562258666,6.807852562258667,Low,0
2025,465,France,Male,33,5,0.0,2,0,1,78698.09,0.0,0.3333333333333333,2,165,0,0.01700180424330127,1.700180424330127,Low,0
2025,850,France,Male,27,6,96654.72,2,0,0,152740.16,0.6328007460464488,0.2857142857142857,0,162,0,0.03309897979111776,3.3098979791117764,Low,0
2025,627,Germany,Female,39,5,124586.93,1,1,0,93132.61,1.3377225472093264,0.1666666666666666,0,195,1,0.42677821530999527,42.67782153099952,Moderate,0
2025,669,France,Female,47,9,61196.54,1,1,0,58170.24,1.052006799236186,0.1,0,423,0,0.6226011527680624,62.26011527680624,High,1
2025,762,France,Male,36,5,119547.46,1,1,1,42693.65,2.800057150017625,0.1666666666666666,1,180,0,0.07205334504657182,7.205334504657182,Low,0
2025,448,France,Female,36,6,83947.12,2,1,0,81999.53,1.0237387490056469,0.2857142857142857,0,216,0,0.06890977296787335,6.890977296787335,Low,0
2025,813,Germany,Female,25,5,123616.43,1,0,1,132959.33,0.9297241515570848,0.1666666666666666,1,125,0,0.1769003250896248,17.69003250896248,Low,0
2025,601,Germany,Male,42,1,98495.72,1,1,0,40014.76,2.4614231992594915,0.5,0,42,1,0.44826561727606246,44.82656172760625,Moderate,0
2025,723,France,Male,28,4,0.0,2,1,1,123885.88,0.0,0.4,2,112,0,0.014718093796431447,1.4718093796431446,Low,0
2025,850,Germany,Female,35,7,114285.2,1,0,1,129660.59,0.8814113724812414,0.125,1,245,0,0.18097744617749886,18.097744617749886,Low,0
2025,601,France,Male,47,1,64430.06,2,0,1,96517.97,0.6675377907576096,1.0,2,47,0,0.1861861562895695,18.61861562895695,Low,0
2025,707,France,Female,35,9,0.0,2,1,1,70403.65,0.0,0.2,2,315,0,0.0248969676151839,2.48969676151839,Low,0
2025,461,France,Female,35,5,0.0,1,1,1,54209.02,0.0,0.1666666666666666,1,175,0,0.17043922373498074,17.043922373498074,Low,0
2025,596,Spain,Male,67,6,0.0,2,1,1,138350.74,0.0,0.2857142857142857,2,402,0,0.026048889968314237,2.6048889968314235,Low,0
2025,730,Spain,Male,26,6,0.0,2,1,1,185808.7,0.0,0.2857142857142857,2,156,0,0.019515723978866126,1.9515723978866126,Low,0
2025,540,Spain,Male,28,8,0.0,2,0,0,197588.32,0.0,0.2222222222222222,0,224,0,0.0315745454542969,3.1574545454296903,Low,0
2025,631,Spain,Male,27,10,134169.62,1,1,1,176730.02,0.7591741393220047,0.0909090909090909,1,270,0,0.06279794317864923,6.279794317864923,Low,0
2025,817,Germany,Male,45,9,101207.75,1,0,0,88211.12,1.1473224994479216,0.1,0,405,1,0.7064601502099829,70.64601502099829,High,1
2025,583,France,Male,40,3,0.0,2,1,0,47728.0,0.0,0.5,0,120,0,0.033546309798500304,3.3546309798500302,Low,0
2025,683,Germany,Female,32,0,138171.1,2,1,1,188203.58,0.7341537597012784,2.0,2,0,0,0.07100642386994056,7.100642386994056,Low,0
2025,662,France,Female,41,4,0.0,2,1,0,126551.48,0.0,0.4,0,164,0,0.05078189451730843,5.078189451730843,Low,0
2025,559,France,Male,33,9,111060.05,2,1,0,110371.84,1.006226260011068,0.2,0,297,0,0.03859450778053633,3.859450778053633,Low,0
2025,538,Germany,Female,28,6,164365.44,1,0,1,5698.97,28.8361938747046,0.1428571428571428,1,168,0,0.1355590602276433,13.55590602276433,Low,0
2025,670,France,Female,38,4,119624.54,2,1,1,110472.12,1.082838431647445,0.4,2,152,0,0.05304529879292087,5.304529879292088,Low,0
2025,638,France,Male,36,6,188455.19,1,0,0,47031.4,4.006922674581777,0.1428571428571428,0,216,1,0.2514707509403736,25.14707509403736,Low,0
2025,702,France,Female,29,10,88378.6,1,1,0,88550.28,0.9980499434903708,0.0909090909090909,0,290,0,0.12131705655215065,12.131705655215065,Low,0
2025,742,Germany,Female,21,1,114292.48,1,1,0,31520.4,3.625869409353645,0.5,0,21,0,0.2454716562926686,24.54716562926686,Low,0
2025,731,France,Male,43,2,0.0,1,1,1,170034.95,0.0,0.3333333333333333,1,86,1,0.2341288716632022,23.41288716632022,Low,0
2025,559,France,Female,43,1,0.0,1,0,1,86634.3,0.0,0.5,1,43,0,0.42354957980691554,42.35495798069155,Moderate,0
2025,607,Germany,Male,36,10,106702.94,2,0,0,198313.69,0.5380485933745,0.1818181818181818,0,360,0,0.09130700456846143,9.130700456846142,Low,0
2025,547,Germany,Male,55,4,111362.76,3,1,0,16922.28,6.580447761899585,0.6,0,220,1,0.9803035277136141,98.03035277136141,Very High,1
2025,652,Spain,Female,36,1,0.0,2,1,1,19302.78,0.0,1.0,2,36,0,0.034568824978510417,3.4568824978510415,Low,0
2025,604,France,Female,34,7,0.0,2,1,0,193021.49,0.0,0.25,0,238,0,0.03230561093109876,3.230561093109876,Low,0
2025,735,France,Female,38,1,0.0,3,0,0,92220.12,0.0,1.5,0,38,1,0.6389708155057441,63.897081550574406,High,1
2025,545,Germany,Male,45,6,93796.42,2,1,1,162321.26,0.5778407718078838,0.2857142857142857,2,270,0,0.2298248375028699,22.98248375028699,Low,0
2025,506,Germany,Male,28,8,53053.76,1,0,1,24577.34,2.158557494118805,0.1111111111111111,1,224,0,0.08843045889243015,8.843045889243015,Low,0
2025,525,Germany,Female,30,0,157989.21,2,1,1,100687.67,1.5690862735598752,2.0,2,0,0,0.05692260951169763,5.692260951169763,Low,0
2025,620,France,Female,33,9,127638.35,1,1,1,192717.57,0.6623043643381124,0.1,1,297,0,0.09797162526026865,9.797162526026865,Low,0
2025,658,France,Female,43,7,140260.36,2,1,0,2748.72,51.008960912383806,0.25,0,301,0,0.14510694560194934,14.510694560194933,Low,0
2025,526,Germany,Female,32,6,131938.92,2,1,1,1795.93,73.42462978524483,0.2857142857142857,2,192,0,0.07369074908829706,7.369074908829706,Low,0
2025,665,France,Female,34,1,96645.54,2,0,0,171413.66,0.5638114032953774,1.0,0,34,0,0.04372923548488097,4.372923548488097,Low,0
2025,529,France,Male,28,9,0.0,2,1,1,52545.24,0.0,0.2,2,252,0,0.01579205761623025,1.5792057616230248,Low,0
2025,543,France,Female,31,2,147674.26,1,1,1,16658.76,8.864128895014096,0.3333333333333333,1,62,0,0.09974847719954717,9.974847719954717,Low,0
2025,635,France,Female,48,8,130796.33,2,1,1,43250.3,3.024101703301404,0.2222222222222222,2,384,0,0.20225428812072094,20.225428812072092,Low,0
2025,631,Spain,Male,38,7,0.0,2,1,0,181605.85,0.0,0.25,0,266,0,0.03371977480327249,3.3719774803272493,Low,0
2025,625,France,Male,22,9,0.0,2,1,0,157072.91,0.0,0.2,0,198,0,0.018110413973615045,1.8110413973615045,Low,0
2025,764,France,Male,30,5,0.0,2,0,1,105155.66,0.0,0.3333333333333333,2,150,0,0.015846894348071103,1.5846894348071103,Low,0
2025,569,France,Male,36,1,67087.69,1,1,0,154775.7,0.4334482515779184,0.5,0,36,0,0.12082689587291909,12.08268958729191,Low,0
2025,667,Spain,Male,31,5,0.0,2,1,1,20346.69,0.0,0.3333333333333333,2,155,0,0.016156538351903338,1.6156538351903338,Low,0
2025,643,Germany,Female,34,7,160426.07,1,0,1,188533.11,0.8509127075201406,0.125,1,238,0,0.18711315704602438,18.711315704602438,Low,0
2025,683,France,Male,38,7,109346.13,2,1,0,102665.92,1.0650570797292838,0.25,0,266,0,0.05228828144713508,5.228828144713508,Low,0
2025,722,France,Male,34,8,0.0,2,1,1,133447.49,0.0,0.2222222222222222,2,272,0,0.014061991665760252,1.4061991665760252,Low,0
2025,512,France,Male,36,4,152169.12,2,0,0,38629.3,3.939113079629202,0.4,0,144,1,0.04695896288307117,4.695896288307117,Low,0
2025,422,France,Male,54,3,140014.42,1,0,1,86350.97,1.621438630757353,0.25,1,162,0,0.29222068086659336,29.222068086659338,Low,0
2025,619,Germany,Female,33,3,100488.92,2,0,1,36446.74,2.7570686138564424,0.5,2,99,0,0.07323050252981086,7.323050252981086,Low,0
2025,679,France,Male,45,3,146758.24,1,1,0,48466.89,3.027947781510604,0.25,0,135,0,0.4021100054974626,40.21100054974626,Moderate,0
2025,581,Spain,Male,46,2,79385.21,2,0,0,188492.82,0.4211555052574137,0.6666666666666666,0,92,0,0.17205053692338396,17.205053692338396,Low,0
2025,586,France,Female,60,3,47020.65,2,0,1,63241.21,0.7435010572843676,0.5,2,180,1,0.17983257502967162,17.983257502967163,Low,0
2025,643,Germany,Male,28,9,160858.13,2,1,0,27149.27,5.924734081834177,0.2,0,252,0,0.06616374333093311,6.616374333093312,Low,0
2025,351,Germany,Female,57,4,163146.46,1,1,0,169621.69,0.9618197895576353,0.2,0,228,1,0.9693292274312785,96.93292274312785,Very High,1
2025,670,France,Female,33,7,0.0,2,1,1,88187.81,0.0,0.25,2,231,0,0.01910423916146034,1.910423916146034,Low,0
2025,599,Spain,Male,33,4,51690.89,1,1,0,111622.76,0.4630814263916571,0.2,0,132,1,0.12348960322976867,12.348960322976867,Low,0
2025,700,France,Male,46,5,95872.86,1,1,0,98273.01,0.9755667851550984,0.1666666666666666,0,230,1,0.3891323962801536,38.91323962801536,Moderate,0
2025,797,France,Male,45,8,0.0,1,0,0,125110.02,0.0,0.1111111111111111,0,360,0,0.5422627892223734,54.226278922237334,Moderate,1
2025,699,France,Male,29,3,125689.29,1,1,1,151623.71,0.8289499119239865,0.25,1,87,0,0.05266692632421859,5.266692632421859,Low,0
2025,680,Germany,Male,32,7,175454.0,1,0,1,77349.92,2.268285884641062,0.125,1,224,0,0.14717329556676287,14.717329556676287,Low,0
2025,678,Spain,Female,27,5,87099.85,2,1,0,149550.95,0.5824053113316142,0.3333333333333333,0,135,0,0.06710381830802321,6.710381830802321,Low,0
2025,601,France,Female,43,2,0.0,1,1,0,49713.87,0.0,0.3333333333333333,0,86,1,0.5436965005229192,54.36965005229192,Moderate,1
2025,701,Spain,Female,39,9,0.0,2,1,1,110043.88,0.0,0.2,2,351,0,0.03364480730611212,3.364480730611212,Low,0
2025,652,Spain,Female,40,7,100471.34,1,1,1,124550.88,0.8066625730579097,0.125,1,280,0,0.15287107617151635,15.287107617151635,Low,0
2025,622,France,Male,43,8,0.0,2,1,0,100618.17,0.0,0.2222222222222222,0,344,0,0.06674526364259777,6.674526364259776,Low,0
2025,709,France,Male,42,9,118546.71,1,0,1,77142.85,1.53669683325372,0.1,1,378,0,0.13390849628878063,13.390849628878062,Low,0
2025,710,Germany,Female,41,9,149155.53,2,1,0,42131.26,3.540173966457057,0.2,0,369,1,0.11988216417130793,11.988216417130793,Low,0
2025,541,France,Male,34,3,128743.55,1,1,0,134851.12,0.9547017132544896,0.25,0,102,0,0.08556127478787984,8.556127478787984,Low,0
2025,767,Spain,Female,24,5,0.0,2,1,1,67445.85,0.0,0.3333333333333333,2,120,0,0.02101876693068198,2.1018766930681982,Low,0
2025,691,France,Male,37,9,149405.18,1,1,1,146411.6,1.0204393610932392,0.1,1,333,0,0.06804746903576472,6.804746903576472,Low,0
2025,756,Germany,Male,32,0,109528.16,2,1,1,56176.31,1.94968680415634,2.0,2,0,0,0.0810419544546493,8.10419544546493,Low,0
2025,718,France,Male,52,8,79475.3,3,1,1,32421.32,2.45125271726391,0.3333333333333333,3,416,1,0.9003824177755416,90.03824177755416,Very High,1
2025,502,Germany,Female,32,1,173340.83,1,0,1,122763.95,1.4119732871638035,0.5,1,32,0,0.11564171185183716,11.564171185183717,Low,0
2025,732,Germany,Male,42,9,108748.08,2,1,1,65323.11,1.6647464466029465,0.2,2,378,0,0.10907276307108092,10.907276307108091,Low,0
2025,798,France,Male,22,8,0.0,2,1,0,107615.43,0.0,0.2222222222222222,0,176,0,0.01854425649845854,1.854425649845854,Low,0
2025,724,Spain,Male,45,5,83888.54,1,0,1,34121.81,2.458430006204061,0.1666666666666666,1,225,0,0.19573612232529067,19.573612232529065,Low,0
2025,491,France,Female,72,6,91285.22,1,1,1,7032.95,12.977803367951152,0.1428571428571428,1,432,0,0.07831426358321303,7.831426358321303,Low,0
2025,749,France,Female,60,6,0.0,1,1,0,17978.68,0.0,0.1428571428571428,0,360,1,0.9200368745055371,92.00368745055371,Very High,1
2025,587,Germany,Female,38,0,132122.42,2,0,0,31730.32,4.163785811620822,2.0,0,0,0,0.18427975425375934,18.427975425375934,Low,0
2025,559,Spain,Female,31,1,139183.06,1,0,1,143360.56,0.9708534142625124,0.5,1,31,0,0.07715537421740659,7.71553742174066,Low,0
2025,765,Spain,Female,32,9,178095.55,1,0,0,47247.56,3.7693328643243302,0.1,0,288,0,0.2625250999245766,26.25250999245766,Low,0
2025,849,France,Male,35,4,110837.73,1,0,0,126419.8,0.8767365022211534,0.2,0,140,0,0.10435512244619732,10.435512244619732,Low,0
2025,641,France,Male,37,7,0.0,2,1,0,75248.3,0.0,0.25,0,259,0,0.025371503281654332,2.537150328165433,Low,0
2025,475,France,Male,39,6,0.0,1,1,1,56999.9,0.0,0.1428571428571428,1,234,1,0.16532544595021398,16.5325445950214,Low,0
2025,509,France,Male,18,7,102983.91,1,1,0,171770.58,0.5995398656751019,0.125,0,126,0,0.08282040495265926,8.282040495265926,Low,0
2025,505,Spain,Female,45,9,131355.3,3,1,0,195395.33,0.6722505995890506,0.3,0,405,1,0.9290718312761964,92.90718312761965,Very High,1
2025,541,France,Male,29,7,127504.57,1,0,0,86173.92,1.4796018377504732,0.125,0,203,0,0.0971370120331643,9.71370120331643,Low,0
2025,646,France,Male,38,7,0.0,2,1,0,1528.4,0.0,0.25,0,266,0,0.02659214000592932,2.659214000592932,Low,0
2025,666,France,Male,39,10,0.0,2,1,0,102999.33,0.0,0.1818181818181818,0,390,0,0.03739919314203463,3.7399193142034632,Low,0
2025,850,France,Female,24,6,0.0,2,1,1,13159.9,0.0,0.2857142857142857,2,144,0,0.014513002849635947,1.4513002849635948,Low,0
2025,597,France,Female,24,1,103219.47,1,1,0,60420.07,1.7083356848860836,0.5,0,24,0,0.09712522245954877,9.712522245954878,Low,0
2025,529,Spain,Male,38,7,99842.5,2,1,0,90256.06,1.1062015536513157,0.25,0,266,1,0.05728782750860386,5.728782750860386,Low,0
2025,655,Spain,Male,38,3,250898.09,3,0,1,81054.0,3.095405465424712,0.75,3,114,1,0.9704382398532886,97.04382398532886,Very High,1
2025,734,Germany,Male,33,5,121898.58,1,1,0,61829.89,1.9714835092944645,0.1666666666666666,0,165,0,0.23773158116112225,23.773158116112224,Low,0
2025,613,Germany,Male,28,7,76656.4,2,1,1,185483.24,0.4132771603668322,0.25,2,196,0,0.02639977311937741,2.639977311937741,Low,0
2025,669,Spain,Female,33,8,0.0,2,0,1,128538.05,0.0,0.2222222222222222,2,264,0,0.022442852005297914,2.2442852005297915,Low,0
2025,627,Spain,Female,35,7,0.0,1,1,0,187718.26,0.0,0.125,0,245,0,0.3105239398735773,31.05239398735773,Moderate,0
2025,615,Spain,Male,41,1,126773.43,1,1,1,55551.26,2.2820571116278616,0.5,1,41,0,0.11849899115914789,11.84989911591479,Low,0
2025,622,France,Male,41,2,127087.06,1,1,0,102402.91,1.2410371830528737,0.3333333333333333,0,82,1,0.17656490737510983,17.656490737510982,Low,0
2025,624,France,Male,36,6,0.0,2,0,0,84749.96,0.0,0.2857142857142857,0,216,0,0.02334518400123187,2.334518400123187,Low,0
2025,663,France,Male,24,7,0.0,2,1,1,166310.82,0.0,0.25,2,168,0,0.013726339502611838,1.3726339502611837,Low,0
2025,601,Germany,Female,47,1,142802.02,1,1,1,57553.02,2.481182374402344,0.5,1,47,0,0.639917962526421,63.9917962526421,High,1
2025,644,Germany,Male,35,5,161591.11,3,1,1,63795.62,2.532910207468672,0.5,3,175,0,0.8323610813044588,83.23610813044588,Very High,1
2025,563,Spain,Female,42,6,99056.22,2,1,0,154347.95,0.6417680198018839,0.2857142857142857,0,252,1,0.12846391871642449,12.84639187164245,Low,0
2025,750,France,Female,35,3,0.0,1,1,0,191520.5,0.0,0.25,0,105,0,0.31831382153959076,31.831382153959076,Moderate,0
2025,629,France,Female,49,4,0.0,2,1,1,196335.48,0.0,0.4,2,196,0,0.16011757914905816,16.011757914905818,Low,0
2025,570,Germany,Male,38,1,127201.58,1,1,0,147168.28,0.8643215486275396,0.5,0,38,1,0.30789127084625895,30.789127084625896,Moderate,0
2025,850,Germany,Male,27,1,101278.25,2,1,1,26265.18,3.855842379820743,1.0,2,27,0,0.049554340872065776,4.955434087206577,Low,0
2025,633,Germany,Male,50,7,88302.65,1,1,1,195937.16,0.4506659141843528,0.125,1,350,0,0.57587619006929,57.587619006929,Moderate,1
2025,762,Spain,Male,29,10,115545.33,2,1,0,148256.43,0.779356083536589,0.1818181818181818,0,290,0,0.043639914890059306,4.36399148900593,Low,0
2025,445,France,Female,30,3,0.0,2,1,1,127939.19,0.0,0.5,2,90,0,0.021882077210132883,2.1882077210132884,Low,0
2025,614,France,Female,41,3,123475.04,1,1,1,179227.52,0.688925177756308,0.25,1,123,0,0.2041043115091481,20.41043115091481,Low,0
2025,658,France,Male,44,2,168396.34,1,1,1,14178.73,11.875849540153444,0.3333333333333333,1,88,0,0.15410632236261762,15.410632236261762,Low,0
2025,549,France,Female,34,4,0.0,2,0,0,139463.57,0.0,0.4,0,136,0,0.030429152636006446,3.0429152636006447,Low,0
2025,594,France,Female,34,7,141525.55,1,0,0,9443.15,14.985525431086968,0.125,0,238,0,0.11304670777230263,11.304670777230264,Low,0
2025,742,Germany,Female,44,8,107926.02,1,0,1,17375.27,6.211115504075385,0.1111111111111111,1,352,1,0.49896879442307734,49.896879442307736,Moderate,0
2025,411,France,Female,36,10,0.0,1,0,0,120694.35,0.0,0.0909090909090909,0,360,0,0.3047039633599616,30.47039633599616,Moderate,0
2025,746,Spain,Male,24,10,68781.82,1,0,1,47997.39,1.4330026486305063,0.0909090909090909,1,240,0,0.0708667476919856,7.08667476919856,Low,0
2025,706,Spain,Male,42,9,0.0,2,1,1,28714.34,0.0,0.2,2,378,0,0.025706710925912063,2.570671092591206,Low,0
2025,607,France,Female,27,2,0.0,2,1,0,63495.86,0.0,0.6666666666666666,0,54,0,0.027578797612351002,2.7578797612351003,Low,0
2025,615,France,Male,32,1,0.0,2,0,0,2139.25,0.0,1.0,0,32,0,0.01675926081147414,1.675926081147414,Low,0
2025,488,Germany,Female,33,4,140002.35,1,1,0,123613.81,1.1325693903505576,0.2,0,132,0,0.24488555647088966,24.488555647088965,Low,0
2025,764,Germany,Male,34,6,108760.27,2,1,0,166324.79,0.6538990134963435,0.2857142857142857,0,204,1,0.07827758544882284,7.8277585448822835,Low,0
2025,622,Spain,Female,47,6,142319.03,1,0,0,100183.05,1.4205757303682571,0.1428571428571428,0,282,0,0.551518306245633,55.1518306245633,Moderate,1
2025,709,France,Female,32,7,0.0,2,1,1,199418.02,0.0,0.25,2,224,0,0.02820132231098464,2.820132231098464,Low,0
2025,540,Germany,Female,35,7,128369.75,2,1,0,198256.15,0.647491149751724,0.25,0,245,0,0.12875462607594437,12.875462607594438,Low,0
2025,544,France,Female,26,6,0.0,1,1,0,100200.4,0.0,0.1428571428571428,0,156,1,0.1765845795593274,17.65845795593274,Low,0
2025,850,Germany,Female,25,8,69385.17,2,1,0,87834.24,0.7899468368276786,0.2222222222222222,0,200,0,0.03788131307327281,3.7881313073272813,Low,0
2025,582,France,Female,32,1,116409.55,1,0,1,152790.92,0.7618828927602977,0.5,1,32,0,0.06014029001214667,6.014029001214667,Low,0
2025,537,Germany,Female,47,6,103163.35,1,1,0,16259.64,6.344359754597606,0.1428571428571428,0,282,1,0.8006892710118492,80.06892710118491,Very High,1
2025,613,Spain,Male,44,9,100524.69,1,1,1,47298.95,2.125259963276917,0.1,1,396,0,0.1537781796737556,15.37781796737556,Low,0
2025,562,France,Male,36,6,0.0,2,1,0,32845.32,0.0,0.2857142857142857,0,216,0,0.02380571185256409,2.380571185256409,Low,0
2025,754,France,Male,39,3,74896.33,1,0,0,34430.16,2.175248524882693,0.25,0,117,0,0.1456971772580796,14.56971772580796,Low,0
2025,470,Spain,Female,31,2,101675.22,2,1,0,45033.75,2.2577058826794865,0.6666666666666666,0,62,0,0.0685290660643046,6.8529066064304605,Low,0
2025,672,France,Female,34,1,142151.75,2,1,1,168753.34,0.8423590765132322,1.0,2,34,0,0.03390337556424513,3.390337556424513,Low,0
2025,663,France,Male,22,6,0.0,2,0,1,131827.15,0.0,0.2857142857142857,2,132,0,0.015217202182644624,1.5217202182644625,Low,0
2025,573,Spain,Male,44,9,0.0,2,1,0,107124.17,0.0,0.2,0,396,0,0.07390741335897177,7.390741335897177,Low,0
2025,698,Spain,Female,40,0,92053.44,1,1,1,143681.83,0.6406711226386619,1.0,1,0,0,0.16597697304040596,16.597697304040597,Low,0
2025,519,France,Male,34,5,0.0,1,1,0,68479.6,0.0,0.1666666666666666,0,170,0,0.14936157590474014,14.936157590474014,Low,0
2025,584,Spain,Male,32,5,0.0,2,1,0,10956.82,0.0,0.3333333333333333,0,160,0,0.021187886527041937,2.1187886527041937,Low,0
2025,850,France,Female,32,7,0.0,2,0,0,155227.0,0.0,0.25,0,224,0,0.02093252834846895,2.093252834846895,Low,0
2025,774,France,Male,49,1,142767.39,1,1,1,8214.41,17.3779993938221,0.5,1,49,0,0.2589243310674486,25.89243310674486,Low,0
2025,594,Germany,Female,23,4,104753.84,2,1,0,56756.52,1.845638075800352,0.4,0,92,1,0.0950937699971791,9.50937699971791,Low,0
2025,701,Germany,Male,38,3,125385.49,2,0,1,52044.66,2.409144009317972,0.5,2,114,0,0.10274330626854251,10.274330626854251,Low,0
2025,597,Germany,Female,40,9,106756.01,2,1,0,151167.94,0.7062033378020643,0.2,0,360,0,0.21519564549790401,21.519564549790402,Low,0
2025,695,France,Male,46,4,0.0,2,1,1,137537.22,0.0,0.4,2,184,0,0.05457913641273939,5.457913641273939,Low,0
2025,574,Spain,Male,36,4,77967.5,1,1,0,167066.95,0.4666813712624114,0.2,0,144,1,0.12677662298557757,12.677662298557756,Low,0
2025,634,France,Male,45,9,0.0,2,0,0,17622.82,0.0,0.2,0,405,0,0.11602464376445186,11.602464376445186,Low,0
2025,650,France,Male,32,2,84906.45,1,1,0,163216.48,0.5202043923236653,0.3333333333333333,0,64,0,0.09374319193535521,9.374319193535522,Low,0
2025,685,France,Male,40,2,168001.34,2,1,1,167400.29,1.003584500453969,0.6666666666666666,2,80,0,0.04101055671808191,4.101055671808191,Low,0
2025,682,France,Female,58,1,0.0,1,1,1,706.5,0.0,0.5,1,58,0,0.47004104452714535,47.004104452714536,Moderate,0
2025,669,France,Male,37,4,0.0,1,1,0,132540.33,0.0,0.2,0,148,0,0.19049175930668175,19.049175930668174,Low,0
2025,839,Spain,Female,33,10,75592.43,1,1,0,62674.42,1.2060937126548177,0.0909090909090909,0,330,0,0.11788118980896165,11.788118980896165,Low,0
2025,450,France,Male,29,7,117199.8,1,1,1,43480.63,2.695386534497442,0.125,1,203,0,0.06482139732215683,6.482139732215683,Low,0
2025,850,Germany,Male,42,6,84445.68,3,0,1,60021.34,1.4069041626834276,0.4285714285714285,3,252,1,0.8278273218199043,82.78273218199043,Very High,1
2025,527,France,Male,31,4,0.0,1,1,0,169361.89,0.0,0.2,0,124,0,0.1437837259664255,14.37837259664255,Low,0
2025,792,France,Male,34,1,0.0,1,0,1,86330.32,0.0,0.5,1,34,0,0.07089621302317936,7.089621302317936,Low,0
2025,531,France,Female,42,2,0.0,2,0,1,90537.47,0.0,0.6666666666666666,2,84,0,0.045201937832399994,4.520193783239999,Low,0
2025,535,Spain,Male,37,3,175534.78,2,1,1,9241.52,18.992090901615576,0.5,2,111,0,0.06281062554740857,6.281062554740857,Low,0
2025,751,France,Male,29,1,135536.5,1,1,0,66825.33,2.028190086153167,0.5,0,29,0,0.06685217073086937,6.685217073086937,Low,0
2025,556,France,Female,51,8,61354.14,1,1,0,198810.65,0.3086043498959945,0.1111111111111111,0,408,1,0.8186146801312105,81.86146801312105,Very High,1
2025,584,Germany,Female,37,10,134171.8,4,1,1,70927.11,1.891659033350811,0.3636363636363636,4,370,1,0.9648967617072199,96.48967617072199,Very High,1
2025,763,France,Female,35,7,115651.6,2,1,1,104706.29,1.1045229038016362,0.25,2,245,0,0.0441986944018699,4.41986944018699,Low,0
2025,652,Germany,Male,36,9,150956.71,1,0,0,72350.17,2.0864446283315115,0.1,0,324,0,0.20385375489462765,20.385375489462763,Low,0
2025,436,Spain,Male,43,5,0.0,2,1,1,35687.43,0.0,0.3333333333333333,2,215,0,0.04198557428899583,4.1985574288995835,Low,0
2025,646,France,Male,52,8,59669.43,1,0,0,172495.81,0.3459161360723135,0.1111111111111111,0,416,1,0.7035478963766955,70.35478963766954,High,1
2025,694,Germany,Male,31,4,141989.27,2,1,0,26116.82,5.436490105223177,0.4,0,124,0,0.08204921436045043,8.204921436045042,Low,0
2025,608,Spain,Male,45,4,0.0,2,0,0,36697.48,0.0,0.4,0,180,1,0.11949729501352604,11.949729501352605,Low,0
2025,558,France,Male,27,1,152283.39,1,1,0,183271.15,0.8309139713808127,0.5,0,27,0,0.06573829567046506,6.573829567046506,Low,0
2025,679,France,Male,40,1,0.0,1,1,1,16897.19,0.0,0.5,1,40,0,0.18039984846804655,18.039984846804654,Low,0
2025,577,France,Female,35,10,0.0,2,1,1,25161.61,0.0,0.1818181818181818,2,350,0,0.029159424848322978,2.9159424848322977,Low,0
2025,683,France,Female,32,9,0.0,2,1,1,24991.92,0.0,0.2,2,288,0,0.02000446675886108,2.000446675886108,Low,0
2025,591,Spain,Male,29,1,97541.24,1,1,1,196356.17,0.4967541546865846,0.5,1,29,0,0.05702143587082601,5.702143587082601,Low,0
2025,636,Spain,Male,45,3,0.0,2,1,1,159463.8,0.0,0.5,2,135,0,0.05750068016307225,5.750068016307225,Low,0
2025,708,Spain,Female,64,5,0.0,3,0,1,112520.07,0.0,0.5,3,320,1,0.735612804715709,73.5612804715709,High,1
2025,699,Germany,Male,34,4,185173.81,2,1,0,120834.48,1.5324456856545776,0.4,0,136,0,0.06193178709963689,6.193178709963689,Low,0
2025,707,France,Female,31,2,82787.93,2,0,0,91423.69,0.9055314270138624,0.6666666666666666,0,62,0,0.06020936679078954,6.020936679078954,Low,0
2025,597,France,Female,33,6,135703.59,2,0,0,74850.84,1.8129626472776088,0.2857142857142857,0,198,0,0.04954096935321757,4.954096935321757,Low,0
2025,609,France,Male,26,7,0.0,2,1,0,98463.99,0.0,0.25,0,182,0,0.019110869513999536,1.9110869513999535,Low,0
2025,522,Germany,Female,25,5,94049.92,2,1,0,103269.0,0.9107186985571802,0.3333333333333333,0,125,0,0.07983716740486159,7.983716740486159,Low,0
2025,596,France,Male,39,9,0.0,1,1,0,48963.59,0.0,0.1,0,351,0,0.24108522595658596,24.108522595658595,Low,0
2025,591,France,Female,56,9,128882.49,1,1,1,196241.94,0.6567496899506295,0.1,1,504,1,0.3373394592954936,33.73394592954936,Moderate,0
2025,654,Spain,Female,36,5,0.0,2,0,0,157238.05,0.0,0.3333333333333333,0,180,0,0.04658745775009854,4.658745775009853,Low,0
2025,649,Spain,Male,20,5,0.0,2,1,1,58309.54,0.0,0.3333333333333333,2,100,0,0.015401711130984245,1.5401711130984244,Low,0
2025,640,France,Female,29,4,0.0,2,1,0,44904.26,0.0,0.4,0,116,0,0.025290312233835235,2.5290312233835235,Low,0
2025,600,France,Female,39,5,0.0,2,0,0,118272.07,0.0,0.3333333333333333,0,195,0,0.04910880669585104,4.910880669585104,Low,0
2025,631,France,Male,32,10,0.0,2,0,1,196342.66,0.0,0.1818181818181818,2,320,0,0.018316332302259885,1.8316332302259886,Low,0
2025,850,Germany,Male,44,2,112755.34,2,0,0,158171.36,0.712863739277836,0.6666666666666666,0,88,0,0.24192387909839122,24.192387909839123,Low,0
2025,556,France,Female,43,6,0.0,3,0,0,125154.57,0.0,0.4285714285714285,0,258,1,0.8605808482810761,86.05808482810761,Very High,1
2025,717,Spain,Female,49,1,110864.38,2,1,1,124532.9,0.8902345465772774,1.0,2,49,1,0.25406474897688774,25.406474897688774,Low,0
2025,758,Spain,Male,61,2,0.0,2,1,1,43982.41,0.0,0.6666666666666666,2,122,0,0.05943580182458576,5.943580182458576,Low,0
2025,515,Spain,Male,40,10,121355.99,1,1,0,138360.29,0.8770949591464491,0.0909090909090909,0,400,0,0.1926011481517785,19.26011481517785,Low,0
2025,649,Germany,Female,37,8,114737.26,1,1,1,106655.88,1.075760513527116,0.1111111111111111,1,296,1,0.25369473587729297,25.369473587729296,Low,0
2025,566,France,Male,36,1,142120.91,1,1,0,79616.37,1.785049041434049,0.5,0,36,0,0.10897110797576248,10.897110797576248,Low,0
2025,760,Germany,Female,34,6,58003.41,1,1,0,90346.1,0.64200632892478,0.1428571428571428,0,204,0,0.15049586042809932,15.049586042809931,Low,0
2025,662,Spain,Male,37,5,94901.09,1,1,1,48233.75,1.9674838161284136,0.1666666666666666,1,185,0,0.07683501036171961,7.683501036171961,Low,0
2025,559,Spain,Female,27,1,0.0,1,0,1,1050.33,0.0,0.5,1,27,0,0.14222229126921876,14.222229126921876,Low,0
2025,605,Germany,Male,19,8,166133.28,1,1,1,107994.99,1.5383282286684905,0.1111111111111111,1,152,0,0.10579780029682408,10.579780029682407,Low,0
2025,646,Spain,Male,32,1,0.0,2,1,0,183289.22,0.0,1.0,0,32,0,0.022059124112696657,2.2059124112696655,Low,0
2025,753,France,Female,38,6,142263.45,1,0,1,33730.43,4.217533914215911,0.1428571428571428,1,228,0,0.10772383813250516,10.772383813250515,Low,0
2025,696,Spain,Female,36,3,0.0,3,1,0,65039.9,0.0,0.75,0,108,0,0.45050788549199905,45.05078854919991,Moderate,0
2025,521,France,Male,22,5,0.0,2,1,1,99828.45,0.0,0.3333333333333333,2,110,0,0.01579205761623025,1.5792057616230248,Low,0
2025,632,France,Male,27,4,193125.85,1,1,1,152665.85,1.265014965593382,0.2,1,108,0,0.14053624624856803,14.053624624856804,Low,0
2025,706,France,Male,18,2,176139.5,2,1,0,129654.22,1.358522240755135,0.6666666666666666,0,36,0,0.05857272905145373,5.857272905145373,Low,0
2025,821,Spain,Female,38,8,0.0,2,0,1,126241.4,0.0,0.2222222222222222,2,304,1,0.03139677080428875,3.139677080428875,Low,0
2025,620,Spain,Male,44,8,0.0,2,1,1,15627.51,0.0,0.2222222222222222,2,352,0,0.041770100386735357,4.177010038673536,Low,0
2025,648,Germany,Female,37,7,138503.51,2,1,0,57215.85,2.4206769509331605,0.25,0,259,0,0.13507049992780037,13.507049992780038,Low,0
2025,428,France,Female,62,1,107735.93,1,0,1,58381.77,1.8453377597534344,0.5,1,62,0,0.33288530191119714,33.28853019111971,Moderate,0
2025,542,France,Female,59,2,68892.77,2,1,0,7905.06,8.713919449131426,0.6666666666666666,0,118,1,0.7792505546304944,77.92505546304945,High,1
2025,504,Spain,Male,40,5,0.0,2,0,0,146703.36,0.0,0.3333333333333333,0,200,0,0.03547743868415572,3.547743868415572,Low,0
2025,817,France,Male,44,8,0.0,1,0,0,65501.91,0.0,0.1111111111111111,0,352,1,0.4306351434302273,43.06351434302273,Moderate,0
2025,696,Germany,Female,66,7,119499.42,2,1,1,174027.3,0.6866665938815699,0.25,2,462,0,0.16928405366613034,16.928405366613035,Low,0
2025,529,France,Male,32,9,147493.89,1,1,0,33656.35,4.382219336935321,0.1,0,288,0,0.09437192352400067,9.437192352400068,Low,0
2025,540,France,Male,25,5,116160.23,1,1,0,13411.67,8.660485197950893,0.1666666666666666,0,125,0,0.095157942259012,9.5157942259012,Low,0
2025,616,France,Male,23,8,73112.95,1,1,1,62733.05,1.165442849616755,0.1111111111111111,1,184,0,0.06233026426030402,6.233026426030402,Low,0
2025,696,Germany,Female,31,8,122021.92,2,1,0,33828.64,3.606952956046828,0.2222222222222222,0,248,0,0.10047521168086354,10.047521168086353,Low,0
2025,596,Spain,Male,36,2,0.0,2,0,1,125557.95,0.0,0.6666666666666666,2,72,0,0.022143983532788587,2.2143983532788587,Low,0
2025,632,France,Female,27,3,107375.82,1,1,1,62703.38,1.7124133912176471,0.25,1,81,0,0.07728368524991387,7.728368524991387,Low,0
2025,814,Germany,Male,29,8,97086.4,2,1,1,197276.13,0.4921320580849893,0.2222222222222222,2,232,0,0.042349445504325865,4.234944550432586,Low,0
2025,750,Spain,Female,34,9,112822.26,1,0,0,150401.53,0.750135386685317,0.1,0,306,1,0.15913530815019486,15.913530815019486,Low,0
2025,595,France,Female,53,7,0.0,2,1,0,41371.68,0.0,0.25,0,371,1,0.37606509157720425,37.606509157720424,Moderate,0
2025,646,France,Female,45,3,47134.75,1,1,1,57236.44,0.823495075950287,0.25,1,135,0,0.3576092149980863,35.76092149980863,Moderate,0
2025,747,Germany,Female,32,5,67495.04,2,0,1,77370.37,0.8723516205025191,0.3333333333333333,2,160,0,0.04157921933052845,4.157921933052846,Low,0
2025,646,France,Male,26,4,139848.17,1,1,0,164696.27,0.8491225750129314,0.2,0,104,0,0.08176045588405947,8.176045588405948,Low,0
2025,678,Germany,Male,36,3,145747.67,2,0,1,89566.74,1.6272339795555857,0.5,2,108,0,0.0645507532859137,6.45507532859137,Low,0
2025,554,Spain,Male,26,8,149134.46,1,1,1,177966.24,0.837988272448345,0.1111111111111111,1,208,0,0.0907728597389112,9.077285973891119,Low,0
2025,655,France,Male,24,9,107065.31,1,1,1,51959.82,2.0605007773164474,0.1,1,216,0,0.05917831420162961,5.917831420162961,Low,0
2025,794,Spain,Male,38,9,179581.31,1,1,0,23596.24,7.610267556714259,0.1,0,342,0,0.260476882282145,26.0476882282145,Low,0
2025,727,Germany,Male,59,5,152581.06,1,1,0,71830.1,2.124164324366465,0.1666666666666666,0,295,1,0.8952062024604566,89.52062024604565,Very High,1
2025,677,France,Female,58,1,90022.85,1,0,1,2988.28,30.11522841620725,0.5,1,58,0,0.3418251877787758,34.18251877787758,Moderate,0
2025,616,Germany,Male,29,8,149318.55,1,1,0,140746.13,1.0608994300629788,0.1111111111111111,0,232,0,0.17100327611981075,17.100327611981076,Low,0
2025,595,Germany,Female,32,0,92466.21,1,1,0,4721.3,19.58075725811575,1.0,0,0,0,0.2521100557949522,25.21100557949522,Low,0
2025,723,Germany,Female,28,5,91938.31,1,1,0,143481.85,0.6407616659412605,0.1666666666666666,0,140,0,0.25608770446705914,25.608770446705915,Low,0
2025,815,Germany,Male,37,2,110777.26,2,1,0,2383.59,46.455474526019145,0.6666666666666666,0,74,0,0.110580089593296,11.0580089593296,Low,0
2025,790,France,Female,26,4,141581.71,2,0,0,98309.27,1.4401517766149965,0.4,0,104,0,0.04561038578851328,4.561038578851328,Low,0
2025,663,Germany,Female,37,8,155303.71,1,1,0,118716.63,1.3081773111542068,0.1111111111111111,0,296,0,0.26868665220070176,26.868665220070177,Low,0
2025,542,France,Female,42,1,0.0,1,1,1,178256.58,0.0,0.5,1,42,1,0.3637486915557029,36.37486915557029,Moderate,0
2025,712,Spain,Male,45,6,112994.65,1,0,0,198398.68,0.5695304044845233,0.1428571428571428,0,270,0,0.4717173101743164,47.17173101743164,Moderate,0
2025,787,Germany,Female,42,2,74483.97,2,0,1,44273.91,1.6823065252984135,0.6666666666666666,2,84,0,0.07398422725092091,7.398422725092091,Low,0
2025,850,Spain,Male,62,5,0.0,2,1,1,180243.56,0.0,0.3333333333333333,2,310,0,0.05871171579244181,5.871171579244181,Low,0
2025,483,France,Female,50,9,0.0,2,1,1,111020.24,0.0,0.2,2,450,0,0.1380409292813299,13.804092928132992,Low,0
2025,704,Spain,Male,36,8,127397.34,1,1,0,151335.24,0.8418164743619903,0.1111111111111111,0,288,0,0.10685908528774578,10.685908528774577,Low,0
2025,716,France,Female,29,10,87946.39,1,1,1,182531.74,0.4818115917177379,0.0909090909090909,1,290,0,0.10395564669404436,10.395564669404436,Low,0
2025,597,France,Female,26,8,149989.39,1,1,0,42330.58,3.5432032066839936,0.1111111111111111,0,208,0,0.11489542548049883,11.489542548049883,Low,0
2025,748,France,Male,44,2,92911.52,1,0,1,85495.24,1.086732235242158,0.3333333333333333,1,88,0,0.1667435480777919,16.67435480777919,Low,0
2025,850,France,Male,33,10,0.0,1,1,0,4861.72,0.0,0.0909090909090909,0,330,1,0.13437744289130166,13.437744289130165,Low,0
2025,648,Spain,Male,55,1,81370.07,1,0,1,181534.04,0.4482334099246074,0.5,1,55,0,0.3405569381874973,34.05569381874973,Moderate,0
2025,578,France,Male,50,5,151215.34,2,1,0,169804.4,0.8905213850678483,0.3333333333333333,0,250,0,0.29302128774607744,29.302128774607745,Low,0
2025,607,Germany,Female,37,4,135927.06,1,0,0,180890.4,0.7514290894978977,0.2,0,148,0,0.38434675072821584,38.434675072821584,Moderate,0
2025,850,Spain,Male,41,8,132838.07,1,1,1,175347.28,0.7575669975205916,0.1111111111111111,1,328,0,0.09609241170208252,9.609241170208252,Low,0
2025,509,France,Male,35,8,0.0,2,0,1,67431.28,0.0,0.2222222222222222,2,280,0,0.020954339921453336,2.0954339921453338,Low,0
2025,465,France,Male,41,9,117221.15,1,1,0,168280.95,0.6965758953946041,0.1,0,369,0,0.18518413336014408,18.518413336014408,Low,0
2025,710,France,Male,40,5,0.0,2,0,0,162878.96,0.0,0.3333333333333333,0,200,0,0.03067421932351037,3.067421932351037,Low,0
2025,591,Spain,Female,39,3,0.0,3,1,0,140469.38,0.0,0.75,0,117,1,0.7143980479048252,71.43980479048253,High,1
2025,728,France,Female,46,2,109705.52,1,1,0,20276.87,5.410110627990021,0.3333333333333333,0,92,1,0.5027398428154299,50.273984281542994,Moderate,1
2025,492,Germany,Male,45,9,170295.04,2,0,0,164741.81,1.0337024116560838,0.2,0,405,0,0.20816495429989482,20.81649542998948,Low,0
2025,616,Germany,Female,36,10,78249.53,1,1,0,136934.91,0.5714317741781538,0.0909090909090909,0,360,0,0.23711386774565385,23.711386774565383,Low,0
2025,646,France,Male,24,8,0.0,2,0,0,92612.88,0.0,0.2222222222222222,0,192,0,0.019110869513999536,1.9110869513999535,Low,0
2025,779,France,Male,71,3,0.0,2,1,1,146895.36,0.0,0.5,2,213,1,0.01962267490355579,1.9622674903555788,Low,0
2025,683,Germany,Female,39,2,100062.16,2,1,0,109201.43,0.9162997563332612,0.6666666666666666,0,78,0,0.16012259320485392,16.01225932048539,Low,0
2025,463,Spain,Female,35,2,0.0,2,1,1,1950.93,0.0,0.6666666666666666,2,70,0,0.038765279837830846,3.8765279837830846,Low,0
2025,736,France,Female,63,10,0.0,2,0,1,502.7,0.0,0.1818181818181818,2,630,0,0.06923874952501746,6.9238749525017464,Low,0
2025,640,France,Male,63,2,68432.45,2,1,1,112503.24,0.6082655195928615,0.6666666666666666,2,126,1,0.08686934559947335,8.686934559947336,Low,0
2025,670,Germany,Female,33,9,84521.48,2,0,1,198017.05,0.4268372504425733,0.2,2,297,0,0.03493708470778885,3.493708470778885,Low,0
2025,549,France,Male,31,4,0.0,2,0,1,25684.85,0.0,0.4,2,124,0,0.016698520719587714,1.6698520719587713,Low,0
2025,579,France,Male,39,5,0.0,2,0,1,39891.84,0.0,0.3333333333333333,2,195,0,0.025944279881908495,2.5944279881908496,Low,0
2025,594,France,Female,49,4,0.0,2,1,1,23631.55,0.0,0.4,2,196,0,0.13879320759175454,13.879320759175453,Low,0
2025,515,France,Female,25,7,79543.59,1,0,1,38772.82,2.0514767438441712,0.125,1,175,0,0.08911705321936447,8.911705321936447,Low,0
2025,593,Spain,Female,46,2,76597.79,1,1,1,54453.72,1.4066327032808177,0.3333333333333333,1,92,0,0.2791246067520767,27.91246067520767,Low,0
2025,750,France,Female,26,1,151510.17,2,1,1,19921.72,7.604893809680606,1.0,2,26,0,0.0452518492996965,4.52518492996965,Low,0
2025,526,Spain,Male,30,8,0.0,1,1,0,36251.0,0.0,0.1111111111111111,0,240,0,0.16754847736214995,16.754847736214995,Low,0
2025,506,Germany,Male,59,8,119152.1,2,1,1,170679.74,0.6980992700172264,0.2222222222222222,2,472,0,0.23766886001858048,23.766886001858047,Low,0
2025,607,Spain,Male,34,9,132439.99,1,1,0,177747.72,0.7450967298104875,0.1,0,306,0,0.14330750021527314,14.330750021527313,Low,0
2025,708,France,Female,67,1,0.0,2,0,1,3837.08,0.0,1.0,2,67,0,0.04973763827754353,4.973763827754353,Low,0
2025,683,Spain,Male,34,9,114609.55,2,0,1,25339.29,4.522819194255472,0.2,2,306,0,0.03648279884639829,3.648279884639829,Low,0
2025,730,France,Female,41,4,167545.32,1,1,0,128246.81,1.3064185657439298,0.2,0,164,0,0.23863303638190486,23.863303638190487,Low,0
2025,551,France,Female,45,6,0.0,2,1,1,51143.43,0.0,0.2857142857142857,2,270,0,0.08974208103177399,8.974208103177398,Low,0
2025,530,France,Male,37,8,0.0,2,1,1,287.99,0.0,0.2222222222222222,2,296,0,0.09792010138730571,9.792010138730571,Low,0
2025,786,France,Female,33,0,83036.05,1,0,1,154990.58,0.5357455546940034,1.0,1,0,1,0.0791043349962761,7.91043349962761,Low,0
2025,574,Spain,Male,30,5,120355.0,1,1,0,137793.35,0.8734392955879541,0.1666666666666666,0,150,0,0.10936314467760745,10.936314467760745,Low,0
2025,723,France,Female,40,7,142856.95,2,0,0,38019.74,3.7573427029563344,0.25,0,280,0,0.08952768213800746,8.952768213800747,Low,0
2025,543,Spain,Male,37,3,0.0,2,1,1,78915.68,0.0,0.5,2,111,0,0.022783252054818973,2.2783252054818974,Low,0
2025,807,Germany,Female,31,1,141069.18,3,1,1,194257.11,0.7261945460089156,1.5,3,31,0,0.8334772904114334,83.34772904114334,Very High,1
2025,598,Spain,Male,27,8,90721.52,2,1,0,109296.18,0.8300444714127118,0.2222222222222222,0,216,0,0.04358438551838605,4.3584385518386055,Low,0
2025,604,Spain,Female,28,6,0.0,2,1,1,69056.26,0.0,0.2857142857142857,2,168,0,0.02210533173645701,2.210533173645701,Low,0
2025,780,France,Female,26,3,140356.7,1,1,0,117144.15,1.198143499752231,0.25,0,78,0,0.10454000774362869,10.45400077436287,Low,0
2025,453,Germany,Female,28,3,139986.65,1,1,0,136846.75,1.022937169226385,0.25,0,84,0,0.26395359115592537,26.395359115592537,Low,0
2025,569,Germany,Female,42,9,146100.75,1,1,0,32574.01,4.485056182638163,0.1,0,378,1,0.5079043873167957,50.790438731679565,Moderate,1
2025,768,France,Female,36,3,141334.95,1,0,1,125870.5,1.1228510822545217,0.25,1,108,0,0.10257035546366981,10.257035546366982,Low,0
2025,723,France,Male,34,5,0.0,2,0,1,12092.03,0.0,0.3333333333333333,2,170,0,0.015563886282340378,1.5563886282340378,Low,0
2025,604,France,Female,53,2,121389.78,1,1,1,48201.64,2.518322232973132,0.3333333333333333,1,106,1,0.35422549701738926,35.42254970173892,Moderate,0
2025,594,Germany,Male,28,0,142574.71,2,1,0,129084.82,1.104495520886802,2.0,0,0,0,0.07156410657293323,7.156410657293323,Low,0
2025,675,France,Female,61,5,62055.17,3,1,0,166305.16,0.3731381327065696,0.5,0,305,1,0.9811897769146593,98.11897769146593,Very High,1
2025,654,Germany,Male,37,2,145610.07,2,0,0,186300.59,0.7815825404388659,0.6666666666666666,0,74,0,0.11544304327763669,11.544304327763669,Low,0
2025,566,Spain,Male,63,2,120787.18,2,1,1,52198.84,2.313937743870479,0.6666666666666666,2,126,0,0.10629637046025595,10.629637046025595,Low,0
2025,596,France,Male,37,2,0.0,1,0,1,121175.86,0.0,0.3333333333333333,1,74,0,0.15101399084262626,15.101399084262626,Low,0
2025,616,Spain,Male,30,2,0.0,2,1,0,199099.51,0.0,0.6666666666666666,0,60,0,0.030968495202873942,3.0968495202873942,Low,0
2025,731,Spain,Male,33,1,0.0,1,1,0,130726.96,0.0,0.5,0,33,0,0.11879121806825083,11.879121806825083,Low,0
2025,727,Germany,Male,46,3,115248.11,4,1,0,130752.01,0.8814184086469596,1.0,0,138,1,0.9462258247228136,94.62258247228135,Very High,1
2025,561,Spain,Female,28,3,0.0,2,1,0,191387.76,0.0,0.5,0,84,0,0.037387456108104095,3.7387456108104096,Low,0
2025,651,France,Female,25,8,0.0,2,1,1,126761.2,0.0,0.2222222222222222,2,200,0,0.019623680838992356,1.9623680838992357,Low,0
2025,599,France,Female,41,2,91328.71,1,1,0,115724.78,0.7891820647050295,0.3333333333333333,0,82,0,0.274459688433933,27.4459688433933,Low,0
2025,587,Spain,Male,41,8,85109.21,1,1,0,1557.82,54.59848475128624,0.1111111111111111,0,328,0,0.16641050096557589,16.64105009655759,Low,0
2025,686,Germany,Female,38,2,93569.86,3,0,0,10137.34,9.229307756496626,1.0,0,76,1,0.9384206522933762,93.84206522933762,Very High,1
2025,724,Germany,Male,34,6,118235.7,2,0,0,157137.23,0.752431155677393,0.2857142857142857,0,204,0,0.07827758544882284,7.8277585448822835,Low,0
2025,720,Spain,Male,21,2,123200.78,1,1,1,180712.28,0.6817472407119167,0.3333333333333333,1,42,0,0.05781417299871188,5.781417299871188,Low,0
2025,806,France,Male,48,4,164701.68,1,1,1,21439.49,7.681805779625371,0.2,1,192,0,0.2589243310674486,25.89243310674486,Low,0
2025,769,France,Male,29,4,145471.37,1,1,0,188382.77,0.772207552699471,0.2,0,116,0,0.10537081877251928,10.537081877251927,Low,0
2025,613,France,Male,37,9,108286.5,1,1,1,114153.44,0.9485964803471508,0.1,1,333,0,0.08220278234198389,8.220278234198389,Low,0
2025,591,France,Female,38,2,142289.28,1,0,1,119638.85,1.1893134269225512,0.3333333333333333,1,76,0,0.12238918313630637,12.238918313630636,Low,0
2025,807,France,Male,35,3,174790.15,1,1,1,600.36,290.65809165890647,0.25,1,105,0,0.10006887603324789,10.00688760332479,Low,0
2025,655,Germany,Female,61,2,183997.7,2,1,1,161217.18,1.14129622354005,0.6666666666666666,2,122,0,0.2098383530130794,20.98383530130794,Low,0
2025,553,Spain,Female,39,1,142876.98,2,1,0,44363.42,3.2205307766899693,1.0,0,39,0,0.11055893562361449,11.05589356236145,Low,0
2025,669,France,Male,50,4,149713.61,3,1,1,124872.42,1.1989229573435245,0.6,3,200,1,0.9023985618061562,90.23985618061562,Very High,1
2025,635,France,Male,41,4,103544.88,2,1,0,193746.55,0.5344319450749184,0.4,0,164,0,0.05235324236742271,5.235324236742271,Low,0
2025,749,France,Male,37,7,0.0,2,1,0,20306.79,0.0,0.25,0,259,0,0.02659214000592932,2.659214000592932,Low,0
2025,691,France,Male,26,9,136623.19,1,1,0,153228.0,0.8916274987110795,0.1,0,234,0,0.08392649288882702,8.392649288882701,Low,0
2025,589,France,Female,21,3,0.0,2,0,1,55601.44,0.0,0.5,2,63,0,0.02776052172645587,2.776052172645587,Low,0
2025,778,France,Female,33,9,151772.63,2,0,0,180249.94,0.8420074258697348,0.2,0,297,1,0.06022280212066955,6.0222802120669545,Low,0
2025,541,France,Female,32,4,0.0,1,1,1,114951.42,0.0,0.2,1,128,0,0.1353254747551691,13.53254747551691,Low,0
2025,758,France,Female,50,2,95813.76,3,1,1,67944.09,1.410164590259576,1.0,3,100,1,0.9243064407307616,92.43064407307617,Very High,1
2025,559,France,Female,29,3,79715.36,1,1,0,82252.28,0.9691450602334644,0.25,0,87,0,0.11385387817152268,11.385387817152267,Low,0
2025,690,France,Female,42,5,0.0,2,0,1,120512.08,0.0,0.3333333333333333,2,210,0,0.042425455139307025,4.242545513930702,Low,0
2025,846,France,Female,34,10,142388.61,2,0,1,68393.64,2.0818679650920013,0.1818181818181818,2,340,1,0.03523998449561146,3.523998449561146,Low,0
2025,567,Spain,Male,40,4,118628.8,1,0,0,91973.63,1.289799154397251,0.2,0,160,0,0.19587342300155353,19.587342300155353,Low,0
2025,486,Germany,Female,40,9,71340.09,1,1,0,76192.21,0.9363050854531524,0.1,0,360,0,0.312428690716256,31.242869071625602,Moderate,0
2025,707,Germany,Female,48,7,105086.74,1,1,1,180344.69,0.5826961542579698,0.125,1,336,1,0.6432389531085957,64.32389531085957,High,1
2025,581,France,Female,47,1,122949.14,1,0,0,180251.68,0.6820932704024151,0.5,0,47,1,0.6461072839211565,64.61072839211565,High,1
2025,460,Germany,Female,40,6,119507.58,2,1,0,91560.63,1.3052146406742648,0.2857142857142857,0,240,1,0.16679967716687058,16.67996771668706,Low,0
2025,607,Spain,Male,40,1,112544.45,1,1,1,19842.22,5.671682821638826,0.5,1,40,0,0.12936686962744764,12.936686962744764,Low,0
2025,701,Spain,Female,35,9,0.0,2,0,0,170996.86,0.0,0.2,0,315,0,0.04704234060752893,4.704234060752893,Low,0
2025,600,France,Female,32,7,98877.95,1,1,0,132973.21,0.743587421951971,0.125,0,224,0,0.11368991349618675,11.368991349618675,Low,0
2025,426,France,Male,34,9,0.0,2,1,0,107876.91,0.0,0.2,0,306,0,0.020282292156303196,2.0282292156303194,Low,0
2025,787,Spain,Female,39,7,171646.76,1,0,1,100791.36,1.7029739158801322,0.125,1,273,0,0.1774700143901371,17.747001439013708,Low,0
2025,666,Germany,Female,59,8,152614.51,2,1,1,188782.3,0.8084110723776945,0.2222222222222222,2,472,0,0.22043477943710812,22.043477943710812,Low,0
2025,735,France,Male,44,9,120681.63,1,1,0,74836.34,1.6125857760310562,0.1,0,396,0,0.3123339577550732,31.233395775507322,Moderate,0
2025,711,Spain,Male,32,5,0.0,2,1,1,147720.27,0.0,0.3333333333333333,2,160,0,0.014592541618559643,1.4592541618559642,Low,0
2025,709,Germany,Female,39,9,124723.92,1,1,0,73641.86,1.6936322136321158,0.1,0,351,0,0.4323023328381135,43.230233283811344,Moderate,0
2025,746,France,Female,24,4,0.0,1,0,1,94105.0,0.0,0.2,1,96,0,0.13252592331857563,13.252592331857564,Low,0
2025,809,Germany,Male,33,8,148055.74,1,0,0,199203.21,0.7432359988777345,0.1111111111111111,0,264,0,0.22836850094165514,22.836850094165513,Low,0
2025,596,Spain,Male,20,3,187294.46,1,1,0,103456.47,1.810352215262948,0.25,0,60,0,0.2008211021746027,20.08211021746027,Low,0
2025,605,France,Female,36,6,0.0,1,0,1,690.84,0.0,0.1428571428571428,1,216,0,0.18131324779814567,18.131324779814566,Low,0
2025,614,France,Male,50,4,137104.47,1,1,0,127166.49,1.0781408833342547,0.2,0,200,1,0.5256812599478813,52.568125994788126,Moderate,1
2025,741,France,Male,52,1,171236.3,2,0,0,21834.4,7.842141659873415,1.0,0,52,1,0.5426935126455925,54.26935126455925,Moderate,1
2025,635,Spain,Male,41,1,0.0,2,1,0,175611.5,0.0,1.0,0,41,0,0.034099607404785556,3.4099607404785557,Low,0
2025,769,Germany,Male,43,4,110182.54,2,1,1,87537.32,1.2586777996196408,0.4,2,172,0,0.1676188236384173,16.76188236384173,Low,0
2025,636,Spain,Male,37,1,115137.26,1,1,0,52484.01,2.193717025108693,0.5,0,37,0,0.13658631936519264,13.658631936519264,Low,0
2025,738,France,Male,54,4,0.0,1,0,1,55725.04,0.0,0.2,1,216,1,0.4036049311388604,40.360493113886044,Moderate,0
2025,577,Spain,Male,43,6,0.0,2,1,1,149457.81,0.0,0.2857142857142857,2,258,0,0.03788382502049315,3.7883825020493154,Low,0
2025,688,France,Male,26,1,0.0,2,1,1,104435.94,0.0,1.0,2,26,0,0.011838900836837689,1.183890083683769,Low,0
2025,586,Germany,Female,56,9,100781.75,2,1,1,54448.41,1.8509245554726852,0.2,2,504,0,0.38034472852397694,38.03447285239769,Moderate,0
2025,637,France,Male,33,2,145731.83,1,0,1,109219.43,1.3342909380598482,0.3333333333333333,1,66,0,0.06416802204852666,6.416802204852666,Low,0
2025,527,France,Female,25,6,0.0,2,0,1,96758.58,0.0,0.2857142857142857,2,150,0,0.02196656121793297,2.1966561217932967,Low,0
2025,797,France,Male,37,4,75263.7,1,1,0,85801.77,0.8771709817759962,0.2,0,148,0,0.12292813374082635,12.292813374082636,Low,0
2025,605,France,Male,27,9,0.0,2,1,0,198091.81,0.0,0.2,0,243,0,0.027466788660843296,2.7466788660843298,Low,0
2025,530,France,Male,25,9,162560.32,1,1,0,64129.03,2.534854887795936,0.1,0,225,0,0.09822176885237471,9.822176885237472,Low,0
2025,540,Spain,Female,31,10,118158.74,1,1,1,158027.57,0.747704924495615,0.0909090909090909,1,310,0,0.0925186854329135,9.25186854329135,Low,0
2025,743,Spain,Male,45,7,157332.26,1,1,0,125424.42,1.2543889428474708,0.125,0,315,0,0.4060797512702408,40.60797512702408,Moderate,0
2025,622,Germany,Female,58,7,116922.25,1,1,0,120415.61,0.9709810797696432,0.125,0,406,1,0.9554399550432361,95.5439955043236,Very High,1
2025,759,France,Female,45,8,0.0,2,1,1,99251.24,0.0,0.2222222222222222,2,360,0,0.07895585761407083,7.895585761407083,Low,0
2025,669,France,Male,57,5,0.0,2,1,1,56875.76,0.0,0.3333333333333333,2,285,0,0.07094722827294868,7.094722827294868,Low,0
2025,693,France,Male,31,2,0.0,2,1,1,107759.31,0.0,0.6666666666666666,2,62,0,0.014488183528366614,1.4488183528366614,Low,0
2025,583,France,Male,59,7,127450.14,1,0,1,67552.71,1.8866490086184755,0.125,1,413,0,0.2312349064494847,23.12349064494847,Low,0
2025,581,France,Male,71,4,0.0,2,1,1,197562.08,0.0,0.4,2,284,0,0.02883341810593185,2.883341810593185,Low,0
2025,601,France,Male,38,4,60013.81,1,1,1,38020.05,1.5784364187732849,0.2,1,152,0,0.09039226439005667,9.039226439005667,Low,0
2025,607,France,Female,48,4,112070.86,3,1,0,173568.3,0.6456836548859736,0.6,0,192,1,0.9294267855764146,92.94267855764146,Very High,1
2025,741,France,Male,32,5,0.0,1,1,1,64839.23,0.0,0.1666666666666666,1,160,0,0.09804976302306412,9.804976302306411,Low,0
2025,558,Germany,Male,32,4,108235.91,1,1,1,143783.28,0.7527659491009727,0.2,1,128,0,0.14247910292331667,14.247910292331667,Low,0
2025,386,Spain,Female,53,1,131955.07,1,1,1,62514.65,2.110752587552077,0.5,1,53,1,0.46675039719772704,46.675039719772705,Moderate,0
2025,491,Germany,Male,26,4,102251.14,1,1,1,145900.89,0.7008212162296183,0.2,1,104,0,0.12697133384477946,12.697133384477945,Low,0
2025,443,Germany,Male,50,3,117206.3,1,1,0,42840.18,2.73583267314299,0.25,0,150,1,0.805444504815205,80.5444504815205,Very High,1
2025,586,Germany,Male,38,2,136858.42,1,0,1,189143.94,0.7235637390035389,0.3333333333333333,1,76,0,0.24069178217562326,24.069178217562325,Low,0
2025,616,Spain,Female,43,3,120867.18,1,1,0,18761.92,6.441810762930291,0.25,0,129,1,0.41616251521332764,41.616251521332764,Moderate,0
2025,615,France,Male,59,8,0.0,2,1,1,165576.55,0.0,0.2222222222222222,2,472,0,0.0540492821750325,5.40492821750325,Low,0
2025,597,France,Male,45,7,0.0,2,0,0,167756.45,0.0,0.25,0,315,0,0.10779005007743431,10.77900500774343,Low,0
2025,515,France,Male,41,8,0.0,2,1,1,185054.14,0.0,0.2222222222222222,2,328,0,0.031711428672161375,3.1711428672161377,Low,0
2025,696,Spain,Female,30,0,0.0,2,1,1,9002.8,0.0,2.0,2,0,0,0.24126405178180993,24.126405178180992,Low,0
2025,540,France,Male,48,2,109349.29,1,1,0,88703.04,1.2327430633373633,0.3333333333333333,0,96,1,0.5299591251410521,52.995912514105214,Moderate,1
2025,691,France,Female,31,5,40915.55,1,1,0,126213.84,0.3241738451674938,0.1666666666666666,0,155,1,0.18524179945106906,18.524179945106905,Low,0
2025,706,France,Female,23,5,0.0,1,0,0,164128.41,0.0,0.1666666666666666,0,115,1,0.21094807138327978,21.09480713832798,Low,0
2025,802,Spain,Male,40,5,0.0,2,1,1,175043.69,0.0,0.3333333333333333,2,200,0,0.022057928691385953,2.2057928691385955,Low,0
2025,685,Spain,Male,23,5,164902.43,1,0,0,141152.28,1.1682507838287568,0.1666666666666666,0,115,0,0.10630950120571099,10.630950120571098,Low,0
2025,601,France,Female,41,1,0.0,2,0,1,160607.06,0.0,1.0,2,41,0,0.05040108560838898,5.040108560838898,Low,0
2025,850,Spain,Female,29,1,0.0,2,1,1,197996.65,0.0,1.0,2,29,0,0.01636739562417934,1.636739562417934,Low,0
2025,655,Spain,Female,27,9,0.0,2,0,0,108008.05,0.0,0.2,0,243,0,0.02715661714923159,2.7156617149231588,Low,0
2025,642,Germany,Male,18,5,111183.53,2,0,1,10063.75,11.046824809359398,0.3333333333333333,2,90,0,0.06819220262794891,6.819220262794891,Low,0
2025,536,France,Female,35,8,0.0,1,1,0,171840.24,0.0,0.1111111111111111,0,280,1,0.2865490776724696,28.65490776724696,Low,0
2025,667,Germany,Female,33,4,127076.68,2,1,0,69011.66,1.8413531662161693,0.4,0,132,0,0.10214201622361217,10.214201622361218,Low,0
2025,680,Germany,Female,48,8,115115.38,1,1,0,139558.6,0.824847448688589,0.1111111111111111,0,384,1,0.8377482546049124,83.77482546049124,Very High,1
2025,627,Germany,Male,62,3,143426.34,2,1,1,143104.3,1.0022433830193571,0.5,2,186,0,0.20106613566320472,20.106613566320473,Low,0
2025,836,Spain,Female,41,7,150302.84,1,1,1,156036.19,0.963250107234051,0.125,1,287,0,0.1757567231842467,17.57567231842467,Low,0
2025,777,France,Male,43,1,0.0,2,1,0,21785.91,0.0,1.0,0,43,0,0.06443600430239027,6.443600430239027,Low,0
2025,595,Spain,Male,36,6,85768.42,1,1,1,24802.77,3.4578783789722287,0.1428571428571428,1,216,0,0.08390662682683288,8.390662682683288,Low,0
2025,621,Spain,Female,43,8,0.0,1,0,0,102806.6,0.0,0.1111111111111111,0,344,0,0.5464348866528247,54.64348866528247,Moderate,1
2025,649,Germany,Female,41,4,115897.73,1,1,0,143544.48,0.8073937960289658,0.2,0,164,0,0.5525656269967134,55.25656269967134,Moderate,1
2025,531,Germany,Female,32,0,109570.21,2,1,1,172049.84,0.6368478642708167,2.0,2,0,0,0.07807902559850112,7.807902559850112,Low,0
2025,705,Germany,Female,37,3,109974.22,1,1,1,36320.87,3.0277686693994554,0.25,1,111,1,0.25580336661071357,25.580336661071357,Low,0
2025,812,France,Male,34,5,103818.43,1,1,1,166038.27,0.6252643124725855,0.1666666666666666,1,170,0,0.052436558055079775,5.243655805507977,Low,0
2025,416,France,Male,32,0,0.0,2,0,1,878.87,0.0,2.0,2,0,0,0.028213841981051375,2.8213841981051377,Low,0
2025,564,Germany,Male,41,9,103522.75,2,1,1,34338.21,3.014709715220589,0.2,2,369,0,0.12004637958815122,12.004637958815122,Low,0
2025,509,France,Female,46,1,0.0,1,1,0,71244.59,0.0,0.5,0,46,1,0.7010628615858746,70.10628615858747,High,1
2025,850,Spain,Male,22,2,0.0,2,1,1,9684.52,0.0,0.6666666666666666,2,44,0,0.015184750876158837,1.5184750876158837,Low,0
2025,532,France,Female,40,5,0.0,2,0,1,177099.71,0.0,0.3333333333333333,2,200,0,0.056961601922143744,5.696160192214374,Low,0
2025,602,France,Male,35,8,0.0,1,1,1,22499.29,0.0,0.1111111111111111,1,280,0,0.12913226239915127,12.913226239915126,Low,0
2025,685,Spain,Male,43,9,0.0,2,1,0,107811.28,0.0,0.2,0,387,0,0.08546593095515209,8.54659309551521,Low,0
2025,815,Spain,Female,38,2,48387.0,1,1,0,184796.84,0.261837476022447,0.3333333333333333,0,76,0,0.25398217296065084,25.398217296065084,Low,0
2025,850,France,Female,40,0,0.0,2,1,0,1099.95,0.0,2.0,0,0,0,0.12551864279026248,12.551864279026248,Low,0
2025,739,France,Male,37,7,104960.46,1,0,1,80883.82,1.2976533792125642,0.125,1,259,0,0.08199976620951792,8.199976620951793,Low,0
2025,674,Germany,Male,34,2,152797.9,1,1,0,175709.4,0.8696007749114452,0.3333333333333333,0,68,1,0.16827252485403837,16.827252485403836,Low,0
2025,648,France,Female,34,3,0.0,1,1,0,54726.43,0.0,0.25,0,102,0,0.18404530905110963,18.404530905110963,Low,0
2025,582,Germany,Female,50,6,96486.57,2,1,1,20344.02,4.742515367397034,0.2857142857142857,2,300,0,0.3775722237490955,37.757222374909546,Moderate,0
2025,684,France,Female,34,6,0.0,2,1,1,130928.22,0.0,0.2857142857142857,2,204,0,0.019623680838992356,1.9623680838992357,Low,0
2025,648,Spain,Female,53,6,111201.41,1,1,1,121542.29,0.9149119626431044,0.1428571428571428,1,318,0,0.33383022065035206,33.383022065035206,Moderate,0
2025,686,Germany,Female,39,4,157731.6,2,1,0,162820.6,0.9687387914134242,0.4,0,156,0,0.11269259123639795,11.269259123639795,Low,0
2025,788,France,Female,43,10,0.0,2,1,1,116111.51,0.0,0.1818181818181818,2,430,0,0.06524671873609128,6.524671873609128,Low,0
2025,731,Spain,Male,46,10,0.0,2,1,0,153015.42,0.0,0.1818181818181818,0,460,0,0.11288841007374924,11.288841007374923,Low,0
2025,634,Germany,Male,43,3,212696.32,1,1,0,115268.86,1.8452032474056963,0.25,0,129,0,0.37004289526587486,37.004289526587485,Moderate,0
2025,505,Germany,Male,40,6,47869.69,2,1,1,155061.97,0.3087112932249395,0.2857142857142857,2,240,0,0.03501319622258877,3.501319622258877,Low,0
2025,464,France,Male,38,3,116439.65,1,1,0,75574.48,1.5407067212805,0.25,0,114,0,0.13019070844820843,13.019070844820844,Low,0
2025,650,Spain,Male,41,3,128808.65,3,0,0,113677.53,1.1330956689886824,0.75,0,123,1,0.8996414506025772,89.96414506025772,Very High,1
2025,730,France,Female,39,1,99010.67,1,1,0,194945.8,0.5078855872473926,0.5,0,39,0,0.2289908406294203,22.89908406294203,Low,0
2025,530,France,Female,55,4,120905.03,1,0,1,123475.88,0.9791714043957056,0.2,1,220,1,0.4088448556776303,40.88448556776303,Moderate,0
2025,612,France,Female,42,10,75497.51,1,0,0,149682.78,0.5043800336950336,0.0909090909090909,0,420,0,0.42333460188690186,42.33346018869019,Moderate,0
2025,804,Spain,Female,38,3,124197.22,1,1,0,74692.06,1.6627678662515637,0.25,0,114,0,0.15422420676192122,15.422420676192122,Low,0
2025,640,France,Female,47,6,89799.46,2,0,1,13783.77,6.514396685617533,0.2857142857142857,2,282,1,0.1995698871213276,19.95698871213276,Low,0
2025,434,Spain,Male,55,6,0.0,1,0,1,73562.05,0.0,0.1428571428571428,1,330,1,0.4099681179659227,40.99681179659227,Moderate,0
2025,640,Spain,Male,43,9,172478.15,1,1,0,191084.4,0.9026233820061604,0.1,0,387,1,0.48067522368880966,48.067522368880965,Moderate,0
2025,473,Germany,Male,40,8,152576.25,2,1,0,73073.68,2.0879496153797734,0.2222222222222222,0,320,0,0.10061775996626147,10.061775996626148,Low,0
2025,601,Germany,Female,49,4,96252.98,2,1,0,104263.82,0.923158741366455,0.4,0,196,0,0.5380039269703317,53.800392697033175,Moderate,1
2025,749,Germany,Female,33,10,76692.22,1,0,1,30396.43,2.5229836864498085,0.0909090909090909,1,330,0,0.08700006957157862,8.700006957157862,Low,0
2025,822,France,Male,50,7,0.0,2,1,1,10062.8,0.0,0.25,2,350,0,0.08028513154677419,8.02851315467742,Low,0
2025,649,France,Female,36,2,0.0,2,0,1,75035.48,0.0,0.6666666666666666,2,72,0,0.030415840337340006,3.0415840337340008,Low,0
2025,719,Spain,Female,48,5,0.0,2,0,0,78563.66,0.0,0.3333333333333333,0,240,0,0.23067455217383695,23.067455217383696,Low,0
2025,554,France,Female,39,10,0.0,2,1,1,18391.93,0.0,0.1818181818181818,2,390,0,0.04349279732969714,4.3492797329697135,Low,0
2025,726,Spain,Female,26,1,80780.16,1,1,1,19225.85,4.2014245703274335,0.5,1,26,0,0.0880327772862989,8.80327772862989,Low,0
2025,803,Spain,Female,45,7,0.0,2,1,1,128378.04,0.0,0.25,2,315,0,0.08365033440891491,8.36503344089149,Low,0
2025,850,Germany,Male,32,2,128647.98,2,0,0,54416.18,2.364105968004957,0.6666666666666666,0,64,0,0.08112258297588262,8.112258297588262,Low,0
2025,666,France,Female,38,6,127043.09,1,1,1,8247.0,15.402896459747817,0.1428571428571428,1,228,0,0.10877798226128325,10.877798226128325,Low,0
2025,537,France,Male,28,3,157842.07,1,1,0,86911.49,1.8161034162063472,0.25,0,84,0,0.09350364389809289,9.35036438980929,Low,0
2025,504,Germany,Male,43,5,134740.19,2,1,0,181430.91,0.7426487986595082,0.3333333333333333,0,215,0,0.2613842956842678,26.13842956842678,Low,0
2025,626,France,Female,52,0,0.0,2,1,0,32159.46,0.0,2.0,0,0,1,0.46595794952431957,46.59579495243196,Moderate,0
2025,696,France,Male,28,4,172646.82,1,1,1,116471.43,1.4822977420493415,0.2,1,112,0,0.08326191112641985,8.326191112641986,Low,0
2025,602,Spain,Male,29,5,103907.28,1,1,0,161229.84,0.6444628087281565,0.1666666666666666,0,145,0,0.0927923986017616,9.27923986017616,Low,0
2025,670,Spain,Male,30,3,133446.34,1,0,0,3154.95,42.28404759264247,0.25,0,90,0,0.0917190765120073,9.17190765120073,Low,0
2025,511,Germany,Male,48,6,149726.08,1,0,0,88307.87,1.695481778897182,0.1428571428571428,0,288,1,0.6772965073179809,67.72965073179809,High,1
2025,529,France,Female,31,6,152310.55,1,1,0,13054.25,11.666613048390492,0.1428571428571428,0,186,0,0.11304670777230263,11.304670777230264,Low,0
2025,637,France,Female,44,2,0.0,2,1,0,149665.65,0.0,0.6666666666666666,0,88,0,0.11862711961850651,11.862711961850652,Low,0
2025,520,Spain,Female,30,4,145222.99,2,0,0,145160.96,1.000420426949319,0.4,0,120,0,0.08715273724014037,8.715273724014038,Low,0
2025,565,France,Male,34,7,0.0,1,0,0,74593.84,0.0,0.125,0,238,0,0.14936157590474014,14.936157590474014,Low,0
2025,559,Germany,Female,28,3,152264.81,1,0,0,64242.31,2.370127099615509,0.25,0,84,0,0.2144034820204188,21.440348202041882,Low,0
2025,689,Spain,Female,55,4,0.0,2,1,1,58442.25,0.0,0.4,2,220,0,0.11947156625366717,11.947156625366716,Low,0
2025,673,France,Male,59,0,178058.06,2,0,1,21063.71,8.452908205239948,2.0,2,0,1,0.43790460335443526,43.79046033544353,Moderate,0
2025,645,Germany,Female,31,1,128927.93,1,1,1,2850.01,45.22184418855072,0.5,1,31,0,0.163465959003006,16.3465959003006,Low,0
2025,541,France,Female,39,6,109844.81,1,1,0,25289.23,4.343369356466904,0.1428571428571428,0,234,0,0.21374150016741736,21.374150016741737,Low,0
2025,758,France,Female,39,6,127357.76,1,0,1,56577.0,2.2510120541553253,0.1428571428571428,1,234,0,0.13893394108983873,13.893394108983873,Low,0
2025,483,France,Female,30,9,0.0,2,0,0,136356.97,0.0,0.2,0,270,0,0.026708090971589434,2.6708090971589433,Low,0
2025,575,Spain,Male,43,3,0.0,1,1,0,83594.51,0.0,0.25,0,129,0,0.46007410449421116,46.007410449421116,Moderate,0
2025,526,Spain,Male,35,5,0.0,2,1,1,105618.14,0.0,0.3333333333333333,2,175,0,0.02050699191809162,2.0506991918091617,Low,0
2025,612,France,Female,31,8,117989.76,1,1,1,54129.86,2.179713383456313,0.1111111111111111,1,248,0,0.07883848688521082,7.883848688521082,Low,0
2025,605,France,Female,33,4,0.0,2,0,1,83700.66,0.0,0.4,2,132,0,0.02196656121793297,2.1966561217932967,Low,0
2025,633,France,Female,32,1,104001.38,1,0,1,36642.65,2.8381828775244826,0.5,1,32,0,0.07536526059407603,7.536526059407603,Low,0
2025,661,France,Female,30,7,0.0,2,1,0,72196.57,0.0,0.25,0,210,0,0.025290312233835235,2.5290312233835235,Low,0
2025,633,France,Female,33,3,0.0,2,1,0,191111.02,0.0,0.5,0,99,0,0.03253934549215771,3.2539345492157707,Low,0
2025,644,France,Male,37,6,117271.8,2,1,0,104217.96,1.1252443893126547,0.2857142857142857,0,222,1,0.05228828144713508,5.228828144713508,Low,0
2025,505,Germany,Female,37,10,122453.97,2,1,1,52693.99,2.3238256616046424,0.1818181818181818,2,370,0,0.12858641550065653,12.858641550065652,Low,0
2025,679,Spain,Female,39,7,91187.9,1,0,1,6075.36,15.006994318967276,0.125,1,273,0,0.14640073535059767,14.640073535059766,Low,0
2025,551,France,Female,38,10,0.0,2,1,1,216.27,0.0,0.1818181818181818,2,380,0,0.14136269951039485,14.136269951039484,Low,0
2025,665,France,Male,39,10,46323.57,1,1,0,136812.02,0.3385903622330682,0.0909090909090909,0,390,0,0.2636329414711091,26.36329414711091,Low,0
2025,751,Spain,Male,38,7,0.0,2,0,0,90839.61,0.0,0.25,0,266,0,0.02823202245512078,2.823202245512078,Low,0
2025,788,Spain,Male,37,8,141541.25,1,0,0,66013.27,2.144100813354446,0.1111111111111111,0,296,0,0.1271697624511272,12.716976245112722,Low,0
2025,684,France,Male,27,2,134603.88,1,1,1,71725.73,1.8766208915421072,0.3333333333333333,1,54,0,0.042041387413488465,4.204138741348847,Low,0
2025,717,Germany,Female,35,5,103214.71,1,1,0,172172.7,0.5994801180435804,0.1666666666666666,0,175,0,0.3752278762701581,37.52278762701581,Moderate,0
2025,679,Germany,Female,32,0,88335.05,1,0,0,159584.81,0.5535269708503532,1.0,0,0,0,0.2048215653075854,20.48215653075854,Low,0
2025,521,France,Female,77,6,0.0,2,1,1,49054.1,0.0,0.2857142857142857,2,462,0,0.04258593854227824,4.258593854227824,Low,0
2025,726,France,Male,31,9,0.0,2,1,1,106117.3,0.0,0.2,2,279,0,0.014415812865412613,1.4415812865412614,Low,0
2025,547,Germany,Female,42,1,142703.4,1,1,0,86207.49,1.6553288429016677,0.5,0,42,1,0.5296838160517511,52.96838160517511,Moderate,1
2025,504,Spain,Male,34,0,54980.81,1,1,1,136909.88,0.4015810138682915,1.0,1,0,0,0.07167211949613193,7.167211949613193,Low,0
2025,754,Germany,Female,39,8,129401.87,1,1,1,87684.93,1.475742687566865,0.1111111111111111,1,312,0,0.29603504157756955,29.603504157756955,Low,0
2025,775,Germany,Male,36,2,109949.05,2,0,1,71682.54,1.53381166722514,0.6666666666666666,2,72,0,0.08102216142879012,8.102216142879012,Low,0
2025,714,France,Male,46,1,0.0,1,1,0,152167.79,0.0,0.5,0,46,1,0.5286351156729003,52.86351156729003,Moderate,1
2025,568,Spain,Female,36,10,153610.61,1,1,1,54083.8,2.840180790166553,0.0909090909090909,1,360,1,0.10607038699541955,10.607038699541956,Low,0
2025,704,Germany,Male,27,5,147004.34,1,1,0,64381.33,2.2833025769648287,0.1666666666666666,0,135,1,0.21496223410787363,21.496223410787362,Low,0
2025,719,France,Male,61,5,0.0,2,0,1,29132.43,0.0,0.3333333333333333,2,305,0,0.05643492712995255,5.643492712995255,Low,0
2025,828,Spain,Male,42,10,0.0,1,1,1,186071.14,0.0,0.0909090909090909,1,420,0,0.1993277020511881,19.93277020511881,Low,0
2025,615,France,Male,32,7,92199.84,1,1,1,2755.53,33.44779124478964,0.125,1,224,0,0.06210297931174385,6.2102979311743844,Low,0
2025,621,Germany,Male,46,6,141078.37,1,0,0,34580.8,4.079555430891393,0.1428571428571428,0,276,1,0.6753792227306429,67.53792227306428,High,1
2025,622,Spain,Female,23,8,0.0,2,1,1,131389.39,0.0,0.2222222222222222,2,184,0,0.02334883710058621,2.334883710058621,Low,0
2025,589,France,Male,28,7,0.0,2,1,0,151645.96,0.0,0.25,0,196,0,0.018110413973615045,1.8110413973615045,Low,0
2025,754,France,Female,47,1,185513.67,1,1,0,27438.83,6.760744144551916,0.5,0,47,0,0.7797619988522508,77.97619988522509,High,1
2025,549,Germany,Male,36,6,139422.37,1,0,0,83983.39,1.660098620707967,0.1428571428571428,0,216,1,0.24422695543841194,24.422695543841193,Low,0
2025,490,France,Male,33,1,0.0,2,1,1,80792.83,0.0,1.0,2,33,0,0.014166687046116205,1.4166687046116206,Low,0
2025,643,France,Male,30,5,94443.77,1,1,1,165614.4,0.5702595893860113,0.1666666666666666,1,150,0,0.05920383072072865,5.920383072072865,Low,0
2025,548,Spain,Male,38,0,178056.54,2,1,0,38434.73,4.632578592887399,2.0,0,0,0,0.14900728887295558,14.900728887295559,Low,0
2025,651,Spain,Female,46,4,89743.05,1,1,0,156425.57,0.5737072033223001,0.2,0,184,1,0.5843253548184769,58.432535481847694,Moderate,1
2025,678,France,Female,55,5,0.0,1,0,1,196794.11,0.0,0.1666666666666666,1,275,1,0.5447350131492471,54.47350131492471,Moderate,1
2025,407,Spain,Male,37,1,0.0,1,1,1,49161.12,0.0,0.5,1,37,1,0.5383102348129158,53.83102348129158,Moderate,1
2025,683,Spain,Male,30,1,113257.2,1,1,1,65035.02,1.741453428423203,0.5,1,30,0,0.05256965024307801,5.256965024307801,Low,0
2025,629,Germany,Female,45,7,129818.39,3,1,0,9217.55,14.082300361770562,0.375,0,315,1,0.9311203967181005,93.11203967181005,Very High,1
2025,736,France,Male,27,5,51522.75,1,0,1,192131.77,0.26816221928201,0.1666666666666666,1,135,0,0.11674831966986866,11.674831966986867,Low,0
2025,538,Spain,Female,31,0,0.0,2,0,0,179453.66,0.0,2.0,0,0,0,0.03239184708779783,3.239184708779783,Low,0
2025,655,Germany,Male,37,9,121342.24,1,1,1,180241.44,0.6732168073179657,0.1,1,333,0,0.2349280758673291,23.492807586732912,Low,0
2025,738,Spain,Female,33,3,122134.4,2,0,1,27867.59,4.382510919999899,0.5,2,99,0,0.046937633258014755,4.693763325801475,Low,0
2025,588,Spain,Male,59,4,0.0,2,1,1,27435.41,0.0,0.4,2,236,0,0.06673526430688183,6.673526430688183,Low,0
2025,736,Germany,Male,57,9,95295.39,1,1,0,28434.44,3.351289447253146,0.1,0,513,1,0.9267539743705416,92.67539743705416,Very High,1
2025,623,France,Male,40,5,118788.57,1,1,0,192867.4,0.6159047827430518,0.1666666666666666,0,200,0,0.1878487543946008,18.78487543946008,Low,0
2025,549,Germany,Male,45,6,124240.93,1,1,1,146372.51,0.8487938152197073,0.1428571428571428,1,270,0,0.45594070511241525,45.594070511241526,Moderate,0
2025,630,France,Male,31,0,0.0,2,1,1,34475.14,0.0,2.0,2,0,0,0.031968666633334565,3.1968666633334566,Low,0
2025,494,France,Female,35,9,112727.06,2,1,0,183752.91,0.6134675447178239,0.2,0,315,0,0.08123586861003644,8.123586861003645,Low,0
2025,671,Germany,Male,36,2,116695.27,1,0,0,193201.86,0.6040038434213656,0.3333333333333333,0,72,0,0.2795285839401243,27.95285839401243,Low,0
2025,785,France,Female,38,1,0.0,1,1,0,134964.85,0.0,0.5,0,38,1,0.30561024860184904,30.561024860184904,Moderate,0
2025,724,France,Male,29,4,0.0,1,1,0,8982.75,0.0,0.2,0,116,0,0.1445587518796552,14.45587518796552,Low,0
2025,532,France,Male,42,1,159024.71,1,1,0,100982.93,1.5747526363848188,0.5,0,42,1,0.21506423837818303,21.506423837818303,Low,0
2025,747,Germany,Male,29,7,117726.33,1,1,1,175398.34,0.6711902678767206,0.125,1,203,0,0.13514934597513137,13.514934597513136,Low,0
2025,598,France,Female,43,5,0.0,3,1,1,100722.72,0.0,0.5,3,215,1,0.8607654528215919,86.07654528215919,Very High,1
2025,647,Germany,Male,35,3,192407.97,1,1,1,40145.28,4.792672446861826,0.25,1,105,0,0.10516447605842234,10.516447605842234,Low,0
2025,590,France,Male,43,8,0.0,2,1,1,143628.31,0.0,0.2222222222222222,2,344,0,0.03716131981149173,3.7161319811491733,Low,0
2025,713,Germany,Female,38,7,144606.22,1,1,1,56594.36,2.555089675195988,0.125,1,266,1,0.2133309462229388,21.33309462229388,Low,0
2025,791,France,Male,36,6,111168.97,1,1,1,189969.91,0.5851894376881176,0.1428571428571428,1,216,0,0.07907363490102749,7.90736349010275,Low,0
2025,620,France,Female,29,1,138740.24,2,0,0,154700.61,0.896824797104568,1.0,0,29,0,0.04310378492478165,4.310378492478165,Low,0
2025,637,Germany,Male,30,1,122185.53,1,1,0,102566.46,1.191269921279127,0.5,0,30,1,0.15628022020998933,15.628022020998934,Low,0
2025,544,France,Female,32,9,110728.39,1,1,1,14559.62,7.60464801636194,0.1,1,288,0,0.08178247201011167,8.178247201011168,Low,0
2025,637,Spain,Female,40,6,0.0,2,1,1,181610.6,0.0,0.2857142857142857,2,240,0,0.050531425263941755,5.053142526394176,Low,0
2025,658,France,Male,42,8,102870.93,1,0,1,103764.55,0.9913784488204418,0.1111111111111111,1,336,1,0.1277868060350669,12.77868060350669,Low,0
2025,714,France,Female,51,4,88308.87,3,0,0,5862.53,15.060700635965024,0.6,0,204,1,0.9331165952035976,93.31165952035975,Very High,1
2025,642,France,Female,33,4,84607.34,2,0,1,60059.47,1.4087025959004316,0.4,2,132,0,0.04343067176253647,4.343067176253647,Low,0
2025,613,Germany,Female,43,4,140681.68,1,0,1,20134.07,6.986897984461936,0.2,1,172,0,0.46731241124126016,46.731241124126015,Moderate,0
2025,684,Germany,Male,32,3,102630.13,2,1,1,127433.47,0.8053561175402543,0.5,2,96,0,0.050179934696546094,5.017993469654609,Low,0
2025,701,Germany,Female,48,1,92072.68,1,1,1,133992.36,0.6871436017426535,0.5,1,48,0,0.6695678178632807,66.95678178632807,High,1
2025,615,France,Female,30,9,0.0,1,1,0,87347.82,0.0,0.1,0,270,0,0.18728205353703314,18.728205353703313,Low,0
2025,599,Germany,Male,39,2,188976.89,2,0,1,176142.09,1.0728600821071097,0.6666666666666666,2,78,0,0.055085577974042635,5.508557797404263,Low,0
2025,554,France,Female,26,7,92606.86,2,1,0,192709.69,0.4805486400365231,0.25,0,182,0,0.04151675132418844,4.151675132418844,Low,0
2025,589,Germany,Female,19,9,83495.11,1,1,1,143022.31,0.5837867267929963,0.1,1,171,1,0.1113682534621154,11.13682534621154,Low,0
2025,653,France,Male,43,0,0.0,2,1,0,27862.58,0.0,2.0,0,0,0,0.07184593417193642,7.184593417193643,Low,0
2025,633,Spain,Male,33,4,137847.41,2,1,0,98349.13,1.401598655741482,0.4,0,132,0,0.04552914033186637,4.552914033186637,Low,0
2025,762,Germany,Male,28,3,125155.83,2,1,1,106024.02,1.1804367497407686,0.5,2,84,0,0.056001012160714826,5.600101216071483,Low,0
2025,743,Germany,Male,39,3,119695.75,1,0,1,26136.13,4.579529198500371,0.25,1,117,0,0.2897959080518676,28.97959080518676,Low,0
2025,714,Spain,Male,45,0,124693.48,1,0,1,187194.15,0.6661149073573754,1.0,1,0,0,0.19605492644064787,19.605492644064785,Low,0
2025,827,France,Female,60,2,0.0,2,0,1,60615.83,0.0,0.6666666666666666,2,120,0,0.08912440915647478,8.912440915647478,Low,0
2025,595,Spain,Male,35,8,0.0,1,1,0,100015.79,0.0,0.1111111111111111,0,280,1,0.19144763404838655,19.144763404838656,Low,0
2025,663,France,Male,36,10,0.0,2,1,0,136349.55,0.0,0.1818181818181818,0,360,0,0.022162266520933328,2.216226652093333,Low,0
2025,544,Spain,Male,37,2,0.0,2,0,0,135067.02,0.0,0.6666666666666666,0,74,0,0.030033309450322655,3.0033309450322654,Low,0
2025,775,Germany,Male,32,8,121669.23,1,0,1,125898.39,0.9664004726313606,0.1111111111111111,1,256,0,0.14975314039533588,14.975314039533588,Low,0
2025,702,Germany,Female,36,2,105264.88,2,1,1,52909.87,1.9894755085297215,0.6666666666666666,2,72,0,0.10905768165773484,10.905768165773484,Low,0
2025,583,France,Female,42,4,0.0,2,1,0,17439.66,0.0,0.4,0,168,0,0.05152024487182437,5.1520244871824366,Low,0
2025,670,France,Female,42,6,112333.63,1,1,1,65706.86,1.709591972710723,0.1428571428571428,1,252,0,0.1736467809158643,17.36467809158643,Low,0
2025,526,Spain,Male,49,2,0.0,1,1,0,114539.67,0.0,0.3333333333333333,0,98,1,0.6787617021232841,67.87617021232842,High,1
2025,778,France,Male,37,3,141803.77,1,0,1,179421.84,0.7903328806967942,0.25,1,111,0,0.0907427276620833,9.07427276620833,Low,0
2025,614,France,Male,38,2,116248.88,1,1,0,105140.92,1.1056377893802969,0.3333333333333333,0,76,0,0.12449818030839196,12.449818030839197,Low,0
2025,561,Germany,Male,32,6,166824.59,1,1,0,139451.98,1.1962784158502744,0.1428571428571428,0,192,0,0.16980223611444065,16.980223611444064,Low,0
2025,556,France,Male,34,8,163757.06,1,1,1,104000.06,1.5745710668718185,0.1111111111111111,1,272,0,0.059887842058128776,5.988784205812878,Low,0
2025,683,France,Female,29,9,0.0,2,1,1,48849.89,0.0,0.2,2,261,0,0.019073351007603122,1.907335100760312,Low,0
2025,698,Germany,Male,55,8,155059.1,2,1,1,144584.29,1.072440356830214,0.2222222222222222,2,440,0,0.19412496920718061,19.412496920718063,Low,0
2025,663,France,Male,67,9,0.0,3,1,1,72318.77,0.0,0.3,3,603,0,0.5825786125664045,58.25786125664045,Moderate,1
2025,468,Spain,Male,26,1,131643.25,1,1,0,64436.16,2.042971012378572,0.5,0,26,0,0.09112025820239941,9.112025820239941,Low,0
2025,591,Spain,Male,36,7,135216.8,1,1,1,122022.89,1.1081174350366965,0.125,1,252,0,0.07497347876169178,7.497347876169178,Low,0
2025,430,Germany,Male,49,3,137115.16,1,1,0,146516.86,0.9358255710259488,0.25,0,147,1,0.7391537104010034,73.91537104010034,High,1
2025,661,France,Female,41,1,0.0,2,0,1,131300.68,0.0,1.0,2,41,0,0.04827757051416909,4.827757051416909,Low,0
2025,501,France,Male,44,4,142051.07,2,0,1,74940.5,1.8954927510124564,0.4,2,176,0,0.08527089482168128,8.527089482168128,Low,0
2025,745,France,Female,36,9,0.0,1,1,0,19605.18,0.0,0.1,0,324,1,0.23757305230449746,23.757305230449745,Low,0
2025,666,France,Female,27,1,85225.21,1,0,1,64511.44,1.3210662935706663,0.5,1,27,0,0.06610388407732741,6.610388407732741,Low,0
2025,686,Spain,Male,45,3,74274.87,3,1,0,64907.48,1.1443014841820358,0.75,0,135,1,0.8779542914200447,87.79542914200447,Very High,1
2025,661,Germany,Male,44,1,141136.62,1,1,0,189742.78,0.7438273865947015,0.5,0,44,1,0.585837905946575,58.5837905946575,Moderate,1
2025,608,Germany,Male,42,8,131390.75,2,1,0,71178.09,1.845917810975105,0.2222222222222222,0,336,0,0.14313839523085942,14.313839523085942,Low,0
2025,705,Germany,Female,40,3,92889.91,1,1,1,109496.69,0.8483275765908852,0.25,1,120,0,0.34901193552122445,34.90119355212244,Moderate,0
2025,760,France,Male,43,8,121911.59,1,1,0,193312.33,0.6306424394013594,0.1111111111111111,0,344,0,0.30226027086062496,30.226027086062494,Moderate,0
2025,698,Germany,Female,36,7,121263.62,1,1,1,13387.88,9.057039871893693,0.125,1,252,0,0.22618123715429062,22.61812371542906,Low,0
2025,476,France,Male,37,4,0.0,1,1,1,55775.84,0.0,0.2,1,148,1,0.14505591355281328,14.505591355281327,Low,0
2025,822,France,Male,32,8,116358.0,1,1,0,108798.36,1.069473202783546,0.1111111111111111,0,256,0,0.08897596789681377,8.897596789681376,Low,0
2025,850,France,Female,42,8,0.0,1,1,0,19632.64,0.0,0.1111111111111111,0,336,1,0.3343778729843899,33.43778729843899,Moderate,0
2025,745,France,Female,33,1,0.0,2,1,1,174431.01,0.0,1.0,2,33,0,0.01787556293719128,1.787556293719128,Low,0
2025,579,France,Female,38,4,175739.36,1,1,1,193130.55,0.9099464069956462,0.2,1,152,0,0.1657977596129628,16.57977596129628,Low,0
2025,753,Germany,Female,38,9,151766.71,1,1,1,180829.99,0.8392737881930525,0.1,1,342,0,0.21251928338741563,21.251928338741564,Low,0
2025,667,France,Male,27,7,156811.74,1,1,1,149402.59,1.0495848192135142,0.125,1,189,0,0.053314149575562325,5.331414957556232,Low,0
2025,638,France,Female,48,10,138333.03,1,1,1,47679.14,2.901271472776716,0.0909090909090909,1,480,0,0.3303882263981732,33.038822639817326,Moderate,0
2025,730,Spain,Female,62,2,0.0,2,1,1,162889.1,0.0,0.6666666666666666,2,124,0,0.10596847316310287,10.596847316310287,Low,0
2025,758,Spain,Female,35,5,0.0,2,0,0,100365.51,0.0,0.3333333333333333,0,175,0,0.03538839331812649,3.5388393318126488,Low,0
2025,549,France,Female,29,8,0.0,2,1,1,189558.44,0.0,0.2222222222222222,2,232,0,0.028217864830894793,2.8217864830894794,Low,0
2025,708,France,Male,32,10,86614.06,2,1,1,172129.26,0.5031890383480511,0.1818181818181818,2,320,0,0.015381149887247545,1.5381149887247545,Low,0
2025,568,Germany,Female,31,1,61592.14,2,1,1,61796.64,0.9966746302933251,1.0,2,31,0,0.04817996678696571,4.817996678696571,Low,0
2025,519,France,Male,48,10,71083.98,1,1,0,137959.0,0.5152506523630037,0.0909090909090909,0,480,0,0.5264022441781439,52.64022441781439,Moderate,1
2025,631,Germany,Female,29,2,96863.52,2,1,1,31613.35,3.063909901674398,0.6666666666666666,2,58,0,0.07696947396398719,7.696947396398719,Low,0
2025,757,France,Male,32,9,0.0,2,1,0,115950.96,0.0,0.2,0,288,0,0.019110869513999536,1.9110869513999535,Low,0
2025,734,France,Male,30,3,0.0,2,1,0,107640.25,0.0,0.5,0,90,0,0.019110869513999536,1.9110869513999535,Low,0
2025,678,France,Male,31,2,0.0,2,1,1,58803.28,0.0,0.6666666666666666,2,62,0,0.014488183528366614,1.4488183528366614,Low,0
2025,762,Germany,Male,56,10,100260.88,3,1,1,77142.42,1.299668591306945,0.2727272727272727,3,560,1,0.9354234241256059,93.54234241256059,Very High,1
2025,660,Spain,Female,61,5,155931.11,1,1,1,158338.39,0.984790392333834,0.1666666666666666,1,305,0,0.25924355759434986,25.924355759434984,Low,0
2025,730,France,Female,27,7,0.0,2,1,0,144099.48,0.0,0.25,0,189,0,0.029835648732022022,2.9835648732022024,Low,0
2025,645,France,Female,48,7,90612.34,1,1,1,149139.13,0.6075651134272178,0.125,1,336,0,0.39106067666395106,39.106067666395106,Moderate,0
2025,660,Germany,Male,31,9,125189.75,2,1,1,139874.43,0.8950088661032177,0.2,2,279,0,0.052799922481443634,5.279992248144364,Low,0
2025,565,Germany,Female,40,1,89994.71,2,0,1,121084.27,0.7432341687803975,1.0,2,40,0,0.17802687590570448,17.80268759057045,Low,0
2025,686,France,Female,34,3,123971.51,2,1,0,147794.63,0.8388036236254075,0.5,0,102,0,0.05558308115638412,5.558308115638412,Low,0
2025,740,France,Male,44,9,0.0,1,0,1,96528.0,0.0,0.1,1,396,1,0.2562589747042168,25.625897470421684,Low,0
2025,721,Spain,Male,33,5,0.0,2,0,1,117626.9,0.0,0.3333333333333333,2,165,0,0.01684462882019609,1.6844628820196088,Low,0
2025,604,France,Female,71,2,0.0,2,1,1,49506.82,0.0,0.6666666666666666,2,142,0,0.04066642753338449,4.066642753338448,Low,0
2025,539,France,Female,47,2,127286.04,2,1,1,166929.43,0.762509507703299,0.6666666666666666,2,94,1,0.27488432535545465,27.488432535545464,Low,0
2025,759,Spain,Male,38,1,0.0,2,1,0,20778.39,0.0,1.0,0,38,0,0.02823202245512078,2.823202245512078,Low,0
2025,567,Germany,Male,41,0,134378.89,1,1,1,105746.94,1.2707471180998893,1.0,1,0,0,0.27956477944972136,27.956477944972136,Low,0
2025,742,France,Male,31,4,105239.1,1,1,1,19700.24,5.341750062432618,0.2,1,124,0,0.06287855023395646,6.287855023395646,Low,0
2025,687,France,Female,72,9,0.0,1,0,1,69829.4,0.0,0.1,1,648,0,0.0875233256035975,8.75233256035975,Low,0
2025,614,France,Female,34,5,0.0,2,1,0,185561.89,0.0,0.3333333333333333,0,170,0,0.033184792856629966,3.3184792856629968,Low,0
2025,828,Spain,Male,47,1,109876.82,2,1,0,83611.45,1.3141203253821652,1.0,0,47,1,0.2852778115555519,28.52778115555519,Low,0
2025,764,Germany,Female,39,9,138341.51,1,1,0,50072.94,2.7627446532068376,0.1,0,351,1,0.40660262851209733,40.66026285120973,Moderate,0
2025,635,Spain,Male,46,8,0.0,2,1,1,60739.16,0.0,0.2222222222222222,2,368,0,0.06050282893190874,6.050282893190874,Low,0
2025,546,France,Female,30,5,0.0,2,0,1,198543.09,0.0,0.3333333333333333,2,150,0,0.03408361607055877,3.4083616070558773,Low,0
2025,484,Spain,Female,35,7,133868.21,1,1,1,27286.1,4.905915615803805,0.125,1,245,0,0.11412669483026211,11.41266948302621,Low,0
2025,721,France,Male,36,1,155176.83,2,1,1,49653.37,3.125139438885238,1.0,2,36,0,0.03482306107879829,3.482306107879829,Low,0
2025,609,Germany,Female,40,10,137389.77,2,1,0,170122.22,0.8075897575886466,0.1818181818181818,0,400,0,0.21246057079560993,21.24605707956099,Low,0
2025,684,Germany,Female,48,10,126384.42,1,1,1,198129.36,0.6378851782230649,0.0909090909090909,1,480,0,0.6282989986208218,62.829899862082186,High,1
2025,586,France,Female,38,2,0.0,2,1,0,87168.46,0.0,0.6666666666666666,0,76,0,0.03819398234844965,3.8193982348449653,Low,0
2025,835,France,Male,35,6,127120.07,1,1,0,28707.69,4.427930010042256,0.1428571428571428,0,210,0,0.10546404916192245,10.546404916192245,Low,0
2025,709,France,Female,41,3,150300.65,2,1,0,71672.86,2.097007891021915,0.5,0,123,0,0.08952768213800746,8.952768213800747,Low,0
2025,554,Spain,Male,37,3,0.0,2,1,0,166177.3,0.0,0.5,0,111,0,0.02918346894819597,2.918346894819597,Low,0
2025,765,France,Female,56,1,0.0,1,1,0,13228.93,0.0,0.5,0,56,1,0.9391604370216223,93.91604370216223,Very High,1
2025,610,France,Female,27,9,159561.93,1,0,1,103381.47,1.543413791525778,0.1,1,243,0,0.07633271655214352,7.633271655214352,Low,0
2025,592,Germany,Female,34,6,102143.93,2,1,1,102628.98,0.9952640544215248,0.2857142857142857,2,204,0,0.06541882069282992,6.541882069282992,Low,0
2025,676,France,Female,34,8,100359.54,1,0,0,46038.28,2.1798677129616277,0.1111111111111111,0,272,0,0.11534768959082485,11.534768959082484,Low,0
2025,613,France,Male,20,3,0.0,2,1,1,149613.77,0.0,0.5,2,60,0,0.015013335336382456,1.5013335336382456,Low,0
2025,607,France,Female,32,6,0.0,2,0,0,196062.01,0.0,0.2857142857142857,0,192,0,0.03148886960343659,3.148886960343659,Low,0
2025,593,Germany,Female,39,8,151391.68,1,1,0,27274.6,5.5504436199387,0.1111111111111111,0,312,1,0.3453722848014942,34.537228480149416,Moderate,0
2025,638,France,Male,24,1,0.0,2,0,1,162597.15,0.0,1.0,2,24,0,0.013212723260734709,1.321272326073471,Low,0
2025,711,France,Female,25,5,190066.54,1,0,0,51345.39,3.701653417114621,0.1666666666666666,0,125,1,0.2386459914774375,23.86459914774375,Low,0
2025,634,Germany,Female,46,5,123642.36,1,1,1,49725.16,2.4864650719058137,0.1666666666666666,1,230,1,0.5593564912796262,55.93564912796262,Moderate,1
2025,439,France,Male,36,2,165536.28,2,1,1,123956.83,1.3354241519071446,0.6666666666666666,2,72,0,0.03417606842460588,3.417606842460588,Low,0
2025,650,Spain,Male,42,4,194532.66,1,1,0,171045.31,1.1373098899356555,0.2,0,168,1,0.3606007115110382,36.06007115110382,Moderate,0
2025,742,France,Female,25,4,132116.13,2,1,0,129933.5,1.0167902289230344,0.4,0,100,0,0.04889236240307829,4.889236240307829,Low,0
2025,639,France,Female,35,8,0.0,1,0,0,164453.98,0.0,0.1111111111111111,0,280,0,0.2534907245375676,25.34907245375676,Low,0
2025,504,France,Female,32,8,206663.75,1,0,0,16281.94,12.692041486365484,0.1111111111111111,0,256,0,0.5241192269553261,52.41192269553261,Moderate,1
2025,701,France,Male,23,3,0.0,2,1,0,38960.59,0.0,0.5,0,69,0,0.018770682229615157,1.8770682229615157,Low,0
2025,645,France,Male,40,6,131411.24,1,1,1,194656.11,0.6750908816020129,0.1428571428571428,1,240,0,0.10020094133959663,10.020094133959663,Low,0
2025,699,Spain,Female,25,8,0.0,2,1,1,52404.47,0.0,0.2222222222222222,2,200,0,0.020692501335250364,2.0692501335250366,Low,0
2025,571,France,Female,38,6,107193.82,2,0,0,38962.94,2.75110319952243,0.2857142857142857,0,228,0,0.07498345348074001,7.498345348074001,Low,0
2025,667,France,Male,23,1,0.0,2,1,0,91573.19,0.0,1.0,0,23,0,0.015629696880173762,1.5629696880173762,Low,0
2025,638,Spain,Male,34,5,146679.77,1,1,0,102179.86,1.4354916370835007,0.1666666666666666,0,170,0,0.10885484780099818,10.885484780099818,Low,0
2025,713,Spain,Female,48,1,163760.82,1,0,0,157381.14,1.040529884775998,0.5,0,48,1,0.7119833485797037,71.19833485797037,High,1
2025,584,Spain,Female,30,5,0.0,2,1,1,185201.58,0.0,0.3333333333333333,2,150,0,0.02997076680516267,2.9970766805162667,Low,0
2025,687,France,Male,34,7,129895.19,1,0,1,28698.17,4.526095702419269,0.125,1,238,0,0.06079438050053782,6.079438050053782,Low,0
2025,613,Germany,Male,69,9,78778.49,1,0,1,8751.59,9.000591824819853,0.1,1,621,0,0.09128007521801376,9.128007521801376,Low,0
2025,694,France,Male,42,8,133767.19,1,1,0,36405.21,3.674295951157784,0.1111111111111111,0,336,0,0.20775057345238915,20.775057345238913,Low,0
2025,682,France,Male,30,9,0.0,2,1,1,2053.42,0.0,0.2,2,270,0,0.014886923345935943,1.4886923345935943,Low,0
2025,796,France,Female,50,1,94164.0,1,1,1,189414.74,0.4971286969076593,0.5,1,50,0,0.4328524389515887,43.28524389515887,Moderate,0
2025,655,France,Male,44,8,87471.63,1,0,1,188593.98,0.4638067778898462,0.1111111111111111,1,352,0,0.19937203222878583,19.937203222878583,Low,0
2025,586,Spain,Male,42,6,0.0,2,1,1,123410.23,0.0,0.2857142857142857,2,252,0,0.027234744135584098,2.7234744135584097,Low,0
2025,640,France,Female,33,6,84719.13,2,1,1,113048.79,0.7493966154205153,0.2857142857142857,2,198,0,0.042387097436055066,4.238709743605506,Low,0
2025,666,Germany,Female,37,2,158468.76,1,0,1,93266.01,1.699086954754956,0.3333333333333333,1,74,0,0.1498380059879676,14.983800598796758,Low,0
2025,543,France,Male,42,7,0.0,1,1,1,56650.47,0.0,0.125,1,294,0,0.22444477001789226,22.444477001789227,Low,0
2025,492,Germany,Female,49,2,151249.45,2,1,1,167237.94,0.9043913456997515,0.6666666666666666,2,98,0,0.34700938675348575,34.700938675348574,Moderate,0
2025,792,France,Male,50,9,0.0,4,1,1,194700.81,0.0,0.4,4,450,1,0.9610384579760468,96.10384579760468,Very High,1
2025,646,Germany,Male,39,6,121681.91,2,0,1,61793.47,1.9691391478881524,0.2857142857142857,2,234,0,0.12664684511816998,12.664684511816999,Low,0
2025,741,Germany,Male,36,8,116993.43,2,1,0,168816.22,0.6930183425600777,0.2222222222222222,0,288,0,0.10095691475705376,10.095691475705376,Low,0
2025,521,France,Male,30,2,107316.09,1,1,0,64299.82,1.668969229319315,0.3333333333333333,0,60,0,0.09207525597067345,9.207525597067345,Low,0
2025,782,France,Female,70,7,97072.42,1,0,1,131177.22,0.7400040951920219,0.125,1,490,0,0.127046671292094,12.7046671292094,Low,0
2025,743,France,Male,43,5,0.0,2,0,0,113079.19,0.0,0.3333333333333333,0,215,1,0.06443600430239027,6.443600430239027,Low,0
2025,737,France,Male,30,8,174356.13,1,0,0,31928.5,5.4606595781330745,0.1111111111111111,0,240,0,0.14276083096665057,14.276083096665056,Low,0
2025,674,France,Male,18,7,0.0,2,1,1,55753.12,0.0,0.25,2,126,1,0.014488183528366614,1.4488183528366614,Low,0
2025,676,France,Male,38,8,0.0,2,1,1,133692.88,0.0,0.2222222222222222,2,304,0,0.018681627972812555,1.8681627972812556,Low,0
2025,835,Spain,Male,38,7,86824.09,1,0,0,175905.97,0.4935795892567531,0.125,0,266,0,0.1348164148487412,13.481641484874121,Low,0
2025,573,Spain,Male,46,3,65269.23,1,0,1,189988.65,0.3435409771005947,0.25,1,138,1,0.2905609661532725,29.05609661532725,Low,0
2025,727,Spain,Female,57,1,109679.72,1,0,1,753.37,145.3924731895489,0.5,1,57,0,0.5416489613293904,54.16489613293904,Moderate,1
2025,664,France,Female,34,7,93920.47,1,0,0,179913.98,0.5220269596228174,0.125,0,238,0,0.15656205334009987,15.656205334009988,Low,0
2025,621,Germany,Female,31,8,100375.39,1,1,1,90384.26,1.1105283095938432,0.1111111111111111,1,248,0,0.14967876283695827,14.967876283695828,Low,0
2025,660,Germany,Male,46,5,109019.65,2,1,1,33680.56,3.2367755531513387,0.3333333333333333,2,230,0,0.2593327137603553,25.93327137603553,Low,0
2025,531,Spain,Female,45,1,126495.57,2,1,1,164741.5,0.7678381109913957,1.0,2,45,0,0.190709422735458,19.0709422735458,Low,0
2025,596,Spain,Male,30,6,121345.88,4,1,0,41921.75,2.894511452612245,0.5714285714285714,0,180,1,0.9219373488229935,92.19373488229935,Very High,1
2025,732,France,Male,25,0,110942.9,1,0,0,172576.56,0.6428582024221458,1.0,0,0,0,0.0689489305473367,6.89489305473367,Low,0
2025,488,France,Female,22,6,0.0,2,1,1,66393.89,0.0,0.2857142857142857,2,132,0,0.020802590509029335,2.0802590509029337,Low,0
2025,713,France,Female,25,4,121172.97,1,1,1,56268.98,2.1534212381095568,0.2,1,100,0,0.0740743050231148,7.407430502311479,Low,0
2025,697,Germany,Female,48,2,108128.96,2,1,1,103944.37,1.0402479687166442,0.6666666666666666,2,96,0,0.3664158618588361,36.64158618588361,Moderate,0
2025,651,Spain,Male,38,2,0.0,3,1,0,67029.82,0.0,1.0,0,76,1,0.46520860248464924,46.52086024846492,Moderate,0
2025,658,Germany,Male,37,3,168735.74,2,0,0,70370.24,2.3977940419978387,0.5,0,111,0,0.06551835115567801,6.551835115567801,Low,0
2025,613,Spain,Male,29,0,0.0,2,0,1,133897.32,0.0,2.0,2,0,0,0.019493770423991103,1.9493770423991104,Low,0
2025,779,Germany,Male,37,7,120092.52,2,1,0,135925.72,0.8835092908885023,0.25,0,259,0,0.12483667879939268,12.483667879939269,Low,0
2025,579,Germany,Female,39,5,117833.3,3,0,0,5831.0,20.204612482853225,0.5,0,195,1,0.93897162644389,93.897162644389,Very High,1
2025,588,Germany,Female,48,1,143279.58,2,1,0,31580.8,4.536776877822036,1.0,0,48,1,0.5536761567226687,55.367615672266865,Moderate,1
2025,664,France,Male,46,2,0.0,1,1,1,177423.02,0.0,0.3333333333333333,1,92,1,0.3559435795591998,35.59435795591998,Moderate,0
2025,633,France,Male,29,10,130206.28,1,1,0,184654.87,0.7051293847306344,0.0909090909090909,0,290,0,0.09315171986765539,9.315171986765538,Low,0
2025,779,France,Female,41,10,99786.2,1,1,0,86927.53,1.1479108182319429,0.0909090909090909,0,410,0,0.2619894241061112,26.19894241061112,Low,0
2025,623,France,Female,35,5,0.0,2,1,0,101192.08,0.0,0.3333333333333333,0,175,0,0.03255040279746972,3.255040279746972,Low,0
2025,744,Spain,Female,26,5,166297.89,1,1,1,181694.44,0.9152562662001864,0.1666666666666666,1,130,0,0.10839199705441016,10.839199705441017,Low,0
2025,644,France,Male,33,7,174571.36,1,0,1,43943.09,3.972578792734131,0.125,1,231,0,0.09874428560915663,9.874428560915662,Low,0
2025,467,France,Male,57,1,0.0,2,1,1,114448.77,0.0,1.0,2,57,0,0.0932468941314915,9.32468941314915,Low,0
2025,736,France,Male,43,4,176134.54,1,1,1,52856.88,3.332228610001007,0.2,1,172,0,0.21262047881243765,21.262047881243763,Low,0
2025,592,Spain,Male,55,8,85845.43,2,1,1,128918.42,0.6658843950740703,0.2222222222222222,2,440,0,0.1575234685470125,15.75234685470125,Low,0
2025,617,France,Female,27,4,0.0,2,0,0,190269.21,0.0,0.4,0,108,0,0.033184792856629966,3.3184792856629968,Low,0
2025,717,Germany,Female,33,0,115777.23,1,1,1,81508.1,1.4204209100578953,1.0,1,0,0,0.16124261699177236,16.124261699177236,Low,0
2025,781,Spain,Male,35,4,80790.74,1,1,0,116429.51,0.6938966427270653,0.2,0,140,0,0.1179474788539016,11.79474788539016,Low,0
2025,619,Spain,Male,34,1,0.0,1,1,0,139919.38,0.0,0.5,0,34,0,0.12163114404591147,12.163114404591147,Low,0
2025,571,France,Female,47,7,0.0,2,0,0,112366.98,0.0,0.25,0,329,0,0.2209530938887922,22.09530938887922,Low,0
2025,570,France,Female,58,8,0.0,1,0,1,116503.92,0.0,0.1111111111111111,1,464,1,0.44418299557209123,44.418299557209124,Moderate,0
2025,809,Germany,Male,41,1,79706.25,2,1,0,165675.01,0.4810971123701011,1.0,0,41,0,0.041431705948682784,4.143170594868279,Low,0
2025,703,Germany,Female,26,1,97331.19,1,1,0,63717.49,1.5275187783012436,0.5,0,26,0,0.20460080319918528,20.46008031991853,Low,0
2025,475,France,Female,32,8,119023.28,1,1,0,100816.29,1.1805840049856529,0.1111111111111111,0,256,0,0.09959259723736916,9.959259723736915,Low,0
2025,692,Germany,Female,43,2,69014.49,2,0,0,164621.43,0.4192289592615053,0.6666666666666666,0,86,0,0.14886672832082828,14.886672832082828,Low,0
2025,484,Spain,Female,39,5,0.0,2,1,1,175224.12,0.0,0.3333333333333333,2,195,0,0.0485669680455026,4.85669680455026,Low,0
2025,705,Spain,Female,57,3,0.0,2,1,1,34134.14,0.0,0.5,2,171,0,0.11976064509262956,11.976064509262956,Low,0
2025,674,France,Female,45,6,72494.69,1,0,1,140041.78,0.5176610318646917,0.1428571428571428,1,270,0,0.34166677378379795,34.166677378379795,Moderate,0
2025,639,France,Male,77,6,80926.02,2,1,1,55829.25,1.449501300818105,0.2857142857142857,2,462,0,0.019840712224640407,1.9840712224640407,Low,0
2025,571,France,Male,38,1,121405.04,1,1,1,154844.22,0.7840412509989007,0.5,1,38,0,0.08293851840989287,8.293851840989287,Low,0
2025,524,Germany,Male,29,9,144287.6,2,1,0,32063.3,4.4999454221673325,0.2,0,261,0,0.08356870027026773,8.356870027026773,Low,0
2025,671,Spain,Male,50,8,0.0,1,0,1,2560.11,0.0,0.1111111111111111,1,400,0,0.3727346196627335,37.27346196627335,Moderate,0
2025,653,Spain,Male,30,4,0.0,2,1,0,120736.04,0.0,0.4,0,120,0,0.021570918553175195,2.1570918553175193,Low,0
2025,554,France,Male,40,4,0.0,1,0,1,168780.04,0.0,0.2,1,160,0,0.19719745556271082,19.719745556271082,Low,0
2025,711,France,Female,34,6,0.0,2,1,1,175310.38,0.0,0.2857142857142857,2,204,0,0.023225697929464755,2.3225697929464757,Low,0
2025,589,France,Female,59,2,0.0,2,1,1,126160.24,0.0,0.6666666666666666,2,118,1,0.09953033745837274,9.953033745837274,Low,0
2025,637,France,Male,32,5,0.0,1,0,0,148769.08,0.0,0.1666666666666666,0,160,0,0.14010560299319977,14.010560299319977,Low,0
2025,445,Germany,Female,48,7,168286.58,1,1,0,16645.77,10.109263238454066,0.125,0,336,1,0.638501905637715,63.850190563771505,High,1
2025,598,France,Female,40,9,0.0,1,1,0,68462.59,0.0,0.1,0,360,1,0.38169600977564055,38.16960097756406,Moderate,0
2025,651,Spain,Female,45,10,135923.16,1,1,0,18732.84,7.255488463657211,0.0909090909090909,0,450,0,0.5665599270964649,56.65599270964648,Moderate,1
2025,572,France,Male,33,5,0.0,1,0,1,41139.05,0.0,0.1666666666666666,1,165,0,0.10999133080929187,10.999133080929187,Low,0
2025,739,Germany,Male,45,7,102703.62,1,0,1,147802.94,0.6948638852252518,0.125,1,315,1,0.44686403751783554,44.68640375178355,Moderate,0
2025,697,Germany,Male,31,3,108805.42,2,0,1,123825.83,0.8786901837025142,0.5,2,93,0,0.061085022359378814,6.108502235937881,Low,0
2025,786,Spain,Male,40,6,0.0,2,0,0,41248.8,0.0,0.2857142857142857,0,240,0,0.03432805045139258,3.432805045139258,Low,0
2025,599,Germany,Male,40,10,137456.28,2,1,1,14113.11,9.738926506878578,0.1818181818181818,2,400,0,0.10628996335528705,10.628996335528704,Low,0
2025,735,France,Male,31,3,119558.35,1,0,0,72927.68,1.6393872753490124,0.25,0,93,0,0.09120890579238945,9.120890579238946,Low,0
2025,850,Germany,Male,43,0,108508.82,3,1,0,184044.8,0.5895750948948578,3.0,0,0,1,0.9600158670019064,96.00158670019064,Very High,1
2025,708,France,Female,33,8,0.0,2,0,1,15246.83,0.0,0.2222222222222222,2,264,0,0.0205846031034247,2.05846031034247,Low,0
2025,687,Spain,Female,40,1,0.0,2,1,0,8207.36,0.0,1.0,0,40,0,0.06045400096268325,6.045400096268326,Low,0
2025,619,Germany,Female,41,5,92467.58,1,1,0,38270.47,2.416096899335197,0.1666666666666666,0,205,0,0.4972329650898007,49.72329650898007,Moderate,0
2025,776,France,Female,38,2,169824.46,1,1,0,169291.7,1.003141068693452,0.3333333333333333,0,76,0,0.31911797620877114,31.911797620877113,Moderate,0
2025,720,Spain,Male,31,4,141356.47,1,0,0,137985.69,1.0244210510448508,0.2,0,124,0,0.10387037150764179,10.38703715076418,Low,0
2025,785,France,Female,39,1,130147.98,1,1,0,163798.41,0.7945570744119286,0.5,0,39,1,0.2191891132352859,21.91891132352859,Low,0
2025,774,France,Male,36,7,103688.19,1,0,1,118971.74,0.871528973780044,0.125,1,252,0,0.07047578636990016,7.047578636990017,Low,0
2025,699,Germany,Male,36,2,123601.56,2,1,0,103557.85,1.1935393257070737,0.6666666666666666,0,72,0,0.10293044323428963,10.293044323428962,Low,0
2025,776,France,Male,36,1,0.0,2,1,0,53477.76,0.0,1.0,0,36,0,0.022715207276589194,2.2715207276589195,Low,0
2025,559,France,Male,34,4,0.0,2,1,1,66721.98,0.0,0.4,2,136,0,0.01579205761623025,1.5792057616230248,Low,0
2025,670,France,Male,37,2,0.0,2,1,1,54229.74,0.0,0.6666666666666666,2,74,0,0.01954899861423858,1.9548998614238582,Low,0
2025,740,Germany,Female,36,4,109044.6,1,0,0,94554.74,1.1532308879397486,0.2,0,144,1,0.3063412976872799,30.63412976872799,Moderate,0
2025,577,Spain,Male,29,2,0.0,1,1,1,168924.41,0.0,0.3333333333333333,1,58,0,0.085027588494673,8.5027588494673,Low,0
2025,761,France,Female,33,6,138053.79,2,1,0,148779.41,0.9279030081984584,0.2857142857142857,0,198,0,0.055350485305519066,5.535048530551907,Low,0
2025,795,France,Male,32,2,117265.21,1,1,1,198317.23,0.5912981877661978,0.3333333333333333,1,64,0,0.06660621974102406,6.660621974102406,Low,0
2025,765,France,Male,41,4,124182.21,1,0,0,100153.43,1.2399073111394077,0.2,0,164,0,0.1711529101671953,17.11529101671953,Low,0
2025,517,Germany,Female,59,8,154110.99,2,1,0,101240.08,1.522217957374615,0.2222222222222222,0,472,1,0.780684517370108,78.0684517370108,High,1
2025,621,France,Female,50,5,0.0,2,1,0,191756.54,0.0,0.3333333333333333,0,250,1,0.30004200515138163,30.004200515138162,Moderate,0
2025,627,Spain,Female,28,3,157597.61,1,0,1,34097.22,4.621872050799132,0.25,1,84,0,0.09828074809780812,9.828074809780812,Low,0
2025,624,Spain,Male,46,3,0.0,2,1,1,62825.03,0.0,0.5,2,138,0,0.061710986059898915,6.171098605989892,Low,0
2025,656,Germany,Female,23,4,163549.63,1,0,1,21085.12,7.756269527063301,0.2,1,92,0,0.13875563484765535,13.875563484765536,Low,0
2025,586,France,Female,35,7,164769.02,3,1,0,119814.25,1.375192389950361,0.375,0,245,1,0.9030782978776077,90.30782978776077,Very High,1
2025,590,Spain,Female,51,3,154962.99,3,0,1,191932.27,0.8073795126816732,0.75,3,153,1,0.9613918731311448,96.13918731311448,Very High,1
2025,523,France,Male,30,1,83181.29,1,1,1,138176.78,0.6019874541333635,0.5,1,30,0,0.041149179364719984,4.114917936471999,Low,0
2025,728,France,Male,37,0,0.0,2,1,1,72203.8,0.0,2.0,2,0,0,0.03324659776153531,3.324659776153531,Low,0
2025,593,Spain,Female,38,4,88736.44,2,1,0,67020.03,1.3240088969089254,0.4,0,152,0,0.07865434789620786,7.865434789620786,Low,0
2025,648,France,Female,50,9,102535.57,1,1,1,189543.19,0.5409586545491054,0.1,1,450,0,0.40736910124855497,40.7369101248555,Moderate,0
2025,530,France,Female,33,4,129307.32,1,1,1,172930.28,0.7477381766907641,0.2,1,132,0,0.09324463243546495,9.324463243546495,Low,0
2025,700,France,Female,32,3,0.0,1,0,0,95740.37,0.0,0.25,0,96,0,0.18114846129776926,18.114846129776925,Low,0
2025,546,France,Male,29,5,0.0,1,1,1,94823.95,0.0,0.1666666666666666,1,145,0,0.10455906934744805,10.455906934744805,Low,0
2025,757,France,Male,36,7,144852.06,1,0,0,130861.95,1.106898935107301,0.125,0,252,0,0.09800837683724244,9.800837683724243,Low,0
2025,750,France,Female,37,6,0.0,1,1,1,117948.0,0.0,0.1428571428571428,1,222,1,0.18171236989718406,18.171236989718405,Low,0
2025,683,Spain,Female,36,7,0.0,2,1,0,104786.59,0.0,0.25,0,252,0,0.03538839331812649,3.5388393318126488,Low,0
2025,606,France,Male,61,5,108166.09,2,0,1,8643.21,12.513126127199596,0.3333333333333333,2,305,0,0.11831395001548732,11.831395001548731,Low,0
2025,650,Spain,Male,20,8,0.0,2,1,1,113469.65,0.0,0.2222222222222222,2,160,0,0.015401711130984245,1.5401711130984244,Low,0
2025,678,France,Female,34,6,0.0,2,1,1,124592.84,0.0,0.2857142857142857,2,204,0,0.019623680838992356,1.9623680838992357,Low,0
2025,664,Germany,Female,36,2,127160.78,2,1,0,78140.75,1.627309088931333,0.6666666666666666,0,72,0,0.14008627686679337,14.008627686679336,Low,0
2025,627,France,Male,44,6,153548.12,1,0,0,35300.08,4.349672021365918,0.1428571428571428,0,264,1,0.3083776961075014,30.837769610750136,Moderate,0
2025,649,Spain,Female,36,6,86607.39,1,0,0,19825.09,4.368354526787682,0.1428571428571428,0,216,0,0.16930126975011442,16.930126975011444,Low,0
2025,779,Germany,Male,33,1,158456.76,1,1,1,197000.92,0.804341196268544,0.5,1,33,1,0.06729204407355947,6.729204407355947,Low,0
2025,766,Germany,Male,47,9,129289.98,1,1,0,169935.46,0.7608136594112882,0.1,0,423,1,0.7452320617138583,74.52320617138582,High,1
2025,684,Spain,Female,38,3,0.0,2,1,0,44255.65,0.0,0.5,0,114,0,0.03981506144465233,3.9815061444652327,Low,0
2025,744,France,Male,42,1,112419.92,1,1,1,83022.92,1.354066635254033,0.5,1,42,0,0.12720524082058007,12.720524082058008,Low,0
2025,783,Germany,Female,58,3,127539.3,1,1,1,96590.39,1.3204002965481707,0.25,1,174,1,0.5433593181166891,54.335931811668914,Moderate,1
2025,744,Spain,Male,30,1,128065.12,1,1,0,121525.48,1.053804240853516,0.5,0,30,0,0.07560274538658653,7.5602745386586525,Low,0
2025,513,France,Male,35,8,0.0,1,1,0,76640.29,0.0,0.1111111111111111,0,280,1,0.17724033549776427,17.724033549776426,Low,0
2025,758,Germany,Male,33,0,129142.54,2,1,1,26606.28,4.8536543382111965,2.0,2,0,0,0.18896733299964488,18.896733299964488,Low,0
2025,622,Germany,Female,28,1,143124.63,2,1,0,81723.8,1.7512998502290615,1.0,0,28,0,0.10733420297688862,10.73342029768886,Low,0
2025,680,Germany,Male,44,0,129974.79,2,1,1,33391.38,3.892348793347464,2.0,2,0,0,0.37810170171424523,37.810170171424524,Moderate,0
2025,667,Germany,Female,44,5,140406.68,2,0,1,57164.19,2.4561569724512413,0.3333333333333333,2,220,0,0.18672582483162342,18.67258248316234,Low,0
2025,635,Spain,Male,24,4,140197.18,1,1,1,142935.83,0.9808331414653592,0.2,1,96,0,0.06681605847143153,6.681605847143153,Low,0
2025,546,France,Female,27,8,0.0,2,1,1,14858.1,0.0,0.2222222222222222,2,216,0,0.02181624615075659,2.181624615075659,Low,0
2025,610,France,Female,35,7,81905.95,1,1,1,61623.19,1.3291201068930885,0.125,1,245,0,0.1026998050655026,10.26998050655026,Low,0
2025,678,Germany,Male,36,1,117864.85,2,1,0,27619.06,4.267364010070941,1.0,0,36,0,0.11038585020958219,11.03858502095822,Low,0
2025,599,Spain,Male,35,6,137102.65,1,0,0,76870.81,1.7835231146502208,0.1428571428571428,0,210,0,0.11849418591717212,11.849418591717212,Low,0
2025,589,France,Female,50,4,0.0,2,0,1,182076.97,0.0,0.4,2,200,0,0.17827169403644336,17.827169403644337,Low,0
2025,698,France,Male,29,5,95167.55,1,1,1,152723.23,0.6231332775421424,0.1666666666666666,1,145,0,0.055554606273194244,5.555460627319424,Low,0
2025,748,Germany,Male,45,2,119852.01,1,0,0,73853.94,1.622802889014601,0.3333333333333333,0,90,1,0.7058848576342549,70.5884857634255,High,1
2025,535,Spain,Male,48,9,109472.47,1,1,0,157358.43,0.695684205261801,0.1,0,432,1,0.5216411790276444,52.16411790276444,Moderate,1
2025,601,Germany,Female,48,8,120782.7,1,1,0,63940.68,1.8889509940933675,0.1111111111111111,0,384,1,0.8089460913344092,80.89460913344092,Very High,1
2025,810,France,Female,38,9,153166.17,1,1,1,93261.69,1.6423091592146872,0.1,1,342,0,0.09077588558991746,9.077588558991746,Low,0
2025,570,Spain,Male,21,7,116099.82,1,1,1,148087.62,0.7839888034610628,0.125,1,147,0,0.06937579317100614,6.937579317100615,Low,0
2025,696,Spain,Male,41,9,127523.75,1,0,1,191417.42,0.6662041719913893,0.1,1,369,0,0.13273586522323963,13.273586522323964,Low,0
2025,656,Germany,Female,49,9,97092.87,1,1,0,74771.22,1.2985152774653477,0.1,0,441,1,0.8084511692948311,80.84511692948311,Very High,1
2025,838,Spain,Female,41,5,0.0,2,1,0,81313.51,0.0,0.3333333333333333,0,205,0,0.047843820974830926,4.784382097483093,Low,0
2025,585,Spain,Female,56,1,128472.8,1,1,0,186476.91,0.688943800367561,0.5,0,56,1,0.8988540660995765,89.88540660995766,Very High,1
2025,594,France,Male,61,3,62391.22,1,1,1,192434.11,0.3242195252207355,0.25,1,183,0,0.3155321606862668,31.553216068626682,Moderate,0
2025,688,Germany,Male,41,2,112871.19,2,0,1,65520.74,1.7226525119754146,0.6666666666666666,2,82,0,0.11663823973459571,11.663823973459571,Low,0
2025,762,France,Male,26,6,130428.78,1,1,0,173365.89,0.7523280829459419,0.1428571428571428,0,156,0,0.08252904208620332,8.252904208620333,Low,0
2025,669,France,Male,25,1,157848.53,1,0,0,37543.93,4.204256873031858,0.5,0,25,1,0.06685217073086937,6.685217073086937,Low,0
2025,602,France,Female,63,7,0.0,2,1,1,56323.21,0.0,0.25,2,441,0,0.06941404484794915,6.941404484794915,Low,0
2025,504,Germany,Female,44,0,131873.07,2,1,1,158036.72,0.8344404740842882,2.0,2,0,1,0.25438823869554633,25.438823869554632,Low,0
2025,682,France,Male,38,4,107192.38,1,1,1,15669.17,6.840537147969678,0.2,1,152,0,0.0835901202339648,8.35901202339648,Low,0
2025,850,Germany,Female,45,5,127258.79,1,1,1,192744.23,0.6602435245738636,0.1666666666666666,1,225,1,0.4735931297826783,47.35931297826783,Moderate,0
2025,567,France,Male,54,9,96402.96,1,0,0,52035.29,1.8526101687879748,0.1,0,486,1,0.7860199796293764,78.60199796293765,High,1
2025,617,Spain,Male,50,7,0.0,1,1,0,184839.7,0.0,0.125,0,350,1,0.6934158000670475,69.34158000670475,High,1
2025,652,France,Male,51,7,0.0,2,0,1,43496.36,0.0,0.25,2,357,0,0.08226579188088076,8.226579188088076,Low,0
2025,835,Germany,Female,47,5,108289.28,2,1,1,45859.55,2.361273033140684,0.3333333333333333,2,235,1,0.36664975279967515,36.664975279967514,Moderate,0
2025,688,France,Female,32,6,123157.95,1,1,0,172531.23,0.7138257588161933,0.1428571428571428,0,192,0,0.1268123202702901,12.68123202702901,Low,0
2025,646,France,Female,37,7,96558.66,1,0,0,163427.18,0.590832376643979,0.125,0,259,0,0.1875298190018571,18.752981900185713,Low,0
2025,743,France,Male,30,7,77599.23,1,0,0,144407.1,0.5373606466673267,0.125,0,210,0,0.09374319193535521,9.374319193535522,Low,0
2025,507,France,Female,29,4,89349.47,2,0,0,180626.68,0.4946610065522627,0.4,0,116,0,0.04263556553062199,4.263556553062199,Low,0
2025,652,France,Male,31,2,119148.55,1,0,0,149740.22,0.7956964020995688,0.3333333333333333,0,62,0,0.08463364254387762,8.463364254387763,Low,0
2025,588,Spain,Female,35,7,0.0,2,1,1,108739.15,0.0,0.25,2,245,0,0.027957205581111807,2.7957205581111806,Low,0
2025,640,France,Female,20,4,0.0,2,0,1,78310.82,0.0,0.4,2,80,0,0.02247576037588224,2.247576037588224,Low,0
2025,545,Germany,Male,37,9,95829.13,2,0,1,104936.88,0.9131986466660084,0.2,2,333,0,0.10216596496421841,10.216596496421841,Low,0
2025,350,France,Female,40,0,111098.85,1,1,1,172321.21,0.64471579142352,1.0,1,0,1,0.4687522941566492,46.87522941566492,Moderate,0
2025,651,Germany,Male,41,1,90218.11,1,1,0,174337.68,0.5174876281041018,0.5,0,41,0,0.374437931476194,37.443793147619395,Moderate,0
2025,672,France,Male,52,8,170008.84,1,0,0,56407.42,3.0138911885849664,0.1111111111111111,0,416,1,0.7364382420941527,73.64382420941527,High,1
2025,438,Germany,Male,31,8,78398.69,1,1,0,44937.01,1.7445963895597514,0.1111111111111111,0,248,0,0.12711274097045522,12.711274097045521,Low,0
2025,556,France,Male,40,5,125909.85,1,1,1,95124.4,1.3236196641485871,0.1666666666666666,1,200,0,0.11670934391790534,11.670934391790535,Low,0
2025,719,France,Male,36,3,155423.17,1,1,1,199841.32,0.7777290115527082,0.25,1,108,0,0.06024100476919615,6.024100476919616,Low,0
2025,578,France,Male,23,10,88980.32,1,1,1,125222.36,0.7105728515829635,0.0909090909090909,1,230,0,0.059966032426647956,5.996603242664795,Low,0
2025,674,France,Female,21,9,120150.39,2,1,1,33964.03,3.537473395430536,0.2,2,189,0,0.040065395638028155,4.006539563802815,Low,0
2025,692,France,Female,36,3,79551.12,1,0,1,178267.07,0.446244355481046,0.25,1,108,0,0.140519392578938,14.0519392578938,Low,0
2025,719,Spain,Male,38,0,0.0,1,1,0,126876.47,0.0,1.0,0,0,0,0.19097273317366856,19.097273317366856,Low,0
2025,840,Germany,Female,51,1,87779.83,1,0,1,36687.11,2.39259612991784,0.5,1,51,1,0.6423491849991418,64.23491849991419,High,1
2025,526,France,Male,28,1,112070.44,1,0,1,126281.83,0.8874558797898336,0.5,1,28,0,0.044299152536276316,4.429915253627632,Low,0
2025,468,France,Female,56,10,0.0,3,0,1,62256.87,0.0,0.2727272727272727,3,560,1,0.8769505806309743,87.69505806309743,Very High,1
2025,625,Germany,Female,49,4,128504.76,1,1,0,126812.63,1.0133355539148274,0.2,0,196,1,0.836729280348407,83.6729280348407,Very High,1
2025,495,France,Male,47,10,137682.68,1,1,0,71071.47,1.9372153521609703,0.0909090909090909,0,470,0,0.4772588580763155,47.72588580763155,Moderate,0
2025,659,France,Male,36,6,123841.49,2,1,0,96833.0,1.2789050333560528,0.2857142857142857,0,216,0,0.043435694480654215,4.343569448065422,Low,0
2025,787,France,Female,85,10,0.0,2,1,1,116537.96,0.0,0.1818181818181818,2,850,0,0.01600188100371968,1.600188100371968,Low,0
2025,673,France,Female,43,5,168069.73,1,1,1,146992.24,1.1433840767099224,0.1666666666666666,1,215,1,0.27940274573121837,27.940274573121837,Low,0
2025,695,Germany,Female,53,8,95231.91,1,0,0,70140.8,1.357705533647554,0.1111111111111111,0,424,1,0.8911893281361194,89.11893281361193,Very High,1
2025,690,Germany,Female,54,1,144027.8,1,1,1,108731.02,1.3246125658292744,0.5,1,54,1,0.5846623474623228,58.46623474623228,Moderate,1
2025,720,Germany,Male,60,9,115920.62,2,0,0,157552.08,0.7357559750656731,0.2,0,540,1,0.8146418106082374,81.46418106082373,Very High,1
2025,432,Germany,Female,45,3,110219.14,1,1,0,43046.7,2.5603955612030376,0.25,0,135,1,0.7695981406368402,76.95981406368402,High,1
2025,641,France,Male,31,10,155978.17,1,1,0,91510.71,1.7044613197589686,0.0909090909090909,0,310,0,0.07495404683328366,7.495404683328366,Low,0
2025,676,Germany,Male,48,3,80697.44,1,0,0,101397.86,0.7958416889499547,0.25,0,144,0,0.624977168221524,62.497716822152405,High,1
2025,468,France,Male,46,7,91443.75,1,1,0,10958.18,8.344032126491216,0.125,0,322,0,0.42617979762194996,42.617979762195,Moderate,0
2025,515,France,Female,28,9,0.0,2,0,0,94141.75,0.0,0.2,0,252,0,0.024816248867161477,2.4816248867161477,Low,0
2025,671,Spain,Male,32,6,123912.78,2,1,1,146636.44,0.8450282547213045,0.2857142857142857,2,192,0,0.030367401347629816,3.0367401347629817,Low,0
2025,772,Germany,Male,26,7,152400.51,2,1,0,79414.0,1.9190393502486935,0.25,0,182,0,0.06569395201701675,6.569395201701675,Low,0
2025,571,France,Male,40,10,112896.86,1,1,1,121402.53,0.9299306206335186,0.0909090909090909,1,400,0,0.1077615467807948,10.77615467807948,Low,0
2025,726,France,Female,42,2,109471.79,1,0,1,175161.05,0.6249743594574282,0.3333333333333333,1,84,0,0.22745966057175115,22.745966057175117,Low,0
2025,606,Spain,Female,23,10,70417.79,1,0,1,90896.04,0.7746983840177853,0.0909090909090909,1,230,0,0.09405743848297778,9.405743848297778,Low,0
2025,624,Spain,Female,35,7,119656.45,2,1,1,4595.05,26.034627560622702,0.25,2,245,0,0.06081715616147895,6.081715616147895,Low,0
2025,636,Germany,Male,67,7,136709.35,1,0,1,66753.1,2.047954357859667,0.125,1,469,1,0.22095575564124556,22.095575564124555,Low,0
2025,463,Germany,Female,41,8,123151.51,2,1,0,70127.93,1.756072850391415,0.2222222222222222,0,328,0,0.17547342800636767,17.547342800636766,Low,0
2025,635,Germany,Female,65,5,117325.54,1,1,0,155799.86,0.7530480897217128,0.1666666666666666,0,325,1,0.9478948326374099,94.78948326374099,Very High,1
2025,576,Spain,Male,52,2,100549.43,2,1,1,16644.16,6.040760797733395,0.6666666666666666,2,104,0,0.16706128990414154,16.706128990414154,Low,0
2025,795,Spain,Female,56,5,0.0,1,1,0,35418.69,0.0,0.1666666666666666,0,280,1,0.9200368745055371,92.00368745055371,Very High,1
2025,521,France,Female,39,6,0.0,2,0,1,27375.15,0.0,0.2857142857142857,2,234,0,0.03919190297997895,3.919190297997895,Low,0
2025,554,Germany,Male,26,4,121365.39,1,1,1,8742.36,13.880863878417449,0.2,1,104,0,0.16159530439718298,16.1595304397183,Low,0
2025,733,Spain,Male,44,3,106070.89,1,0,1,101617.43,1.0438154771727923,0.25,1,132,0,0.1622362210187069,16.223622101870692,Low,0
2025,718,France,Female,49,10,0.0,1,1,0,184474.72,0.0,0.0909090909090909,0,490,1,0.7778824115969991,77.78824115969991,High,1
2025,554,France,Female,39,10,160132.75,1,1,0,32824.15,4.878355468291844,0.0909090909090909,0,390,0,0.2907750246290058,29.07750246290058,Low,0
2025,490,France,Male,34,5,122952.9,2,0,0,154360.97,0.7965232628217948,0.3333333333333333,0,170,0,0.03545787178441919,3.5457871784419193,Low,0
2025,652,Spain,Female,42,4,0.0,2,1,1,38152.01,0.0,0.4,2,168,0,0.036762230003752124,3.6762230003752125,Low,0
2025,674,France,Male,26,6,166257.96,1,1,1,149369.41,1.1130582020896909,0.1428571428571428,1,156,0,0.053444409169183665,5.344440916918367,Low,0
2025,498,France,Female,29,9,0.0,1,1,0,190035.83,0.0,0.1,0,261,0,0.2371159658207063,23.71159658207063,Low,0
2025,811,France,Male,42,10,0.0,2,1,1,3797.79,0.0,0.1818181818181818,2,420,0,0.025341164184184018,2.5341164184184017,Low,0
2025,850,France,Male,31,6,131996.66,2,1,1,178747.43,0.738449339107482,0.2857142857142857,2,186,0,0.034081129067195834,3.4081129067195834,Low,0
2025,634,Spain,Male,36,2,85996.19,1,1,0,15887.68,5.412418778652475,0.3333333333333333,0,72,0,0.1195755144581455,11.95755144581455,Low,0
2025,588,France,Female,64,3,0.0,1,1,1,189703.65,0.0,0.25,1,192,0,0.3158634875614078,31.58634875614078,Moderate,0
2025,663,Germany,Female,36,6,77253.5,1,0,0,35817.97,2.1567761440376425,0.1428571428571428,0,216,1,0.21174095644698407,21.174095644698408,Low,0
2025,609,France,Male,39,3,121778.71,1,1,1,138399.67,0.8798997143583192,0.25,1,117,0,0.09430682952005211,9.430682952005212,Low,0
2025,817,Germany,Female,46,0,89087.89,1,0,1,87941.85,1.0130202739620104,1.0,1,0,1,0.5283327429965377,52.833274299653766,Moderate,1
2025,763,Germany,Male,32,9,160680.41,1,1,0,30886.35,5.202142948488621,0.1,0,288,0,0.1907870255128452,19.078702551284522,Low,0
2025,634,Germany,Male,38,2,148430.55,1,1,1,56055.72,2.647863628125227,0.3333333333333333,1,76,0,0.18948859855049185,18.948859855049186,Low,0
2025,708,Spain,Male,19,7,112615.86,1,1,1,4491.77,25.06601940450991,0.125,1,133,0,0.07073623655179373,7.073623655179373,Low,0
2025,529,Spain,Male,34,9,0.0,1,1,1,93208.22,0.0,0.1,1,306,0,0.11151809985472831,11.15180998547283,Low,0
2025,793,Spain,Male,52,2,0.0,1,1,0,159123.82,0.0,0.3333333333333333,0,104,1,0.7904291723546237,79.04291723546237,High,1
2025,786,Spain,Male,29,7,80895.44,2,1,0,64945.57,1.2455690885600272,0.25,0,203,0,0.04358438551838605,4.3584385518386055,Low,0
2025,642,Spain,Female,33,9,0.0,2,1,1,150475.14,0.0,0.2,2,297,0,0.025563718059268596,2.5563718059268594,Low,0
2025,603,Germany,Male,35,1,123407.69,1,1,0,152541.89,0.8090032252568441,0.5,0,35,1,0.2593525207066615,25.93525207066615,Low,0
2025,582,France,Male,31,2,0.0,2,1,1,33747.03,0.0,0.6666666666666666,2,62,0,0.01662167108689919,1.662167108689919,Low,0
2025,598,Spain,Female,35,8,0.0,3,0,1,88658.73,0.0,0.3333333333333333,3,280,0,0.4674937029063681,46.74937029063681,Moderate,0
2025,644,Germany,Male,47,9,137774.11,2,1,0,151902.78,0.906982762377605,0.2,0,423,0,0.3955706829509783,39.55706829509783,Moderate,0
2025,627,Germany,Male,29,5,139541.58,2,1,0,80607.33,1.7311062020513264,0.3333333333333333,0,145,0,0.08005806181951296,8.005806181951296,Low,0
2025,556,Germany,Male,33,3,124213.36,2,1,0,62627.55,1.98333443772848,0.5,0,99,0,0.0868960457856135,8.68960457856135,Low,0
2025,696,Spain,Male,24,9,0.0,1,0,0,10883.52,0.0,0.1,0,216,0,0.1687377733103986,16.87377733103986,Low,0
2025,454,Spain,Female,48,5,144837.79,1,1,1,93151.77,1.5548414717028811,0.1666666666666666,1,240,0,0.33208827219766357,33.208827219766356,Moderate,0
2025,850,France,Male,31,1,96399.31,2,1,0,106534.15,0.9048591943597958,1.0,0,31,0,0.028625022045289477,2.8625022045289477,Low,0
2025,606,Spain,Male,34,3,161572.24,1,0,1,191076.22,0.8455860934129144,0.25,1,102,0,0.0976808893703978,9.76808893703978,Low,0
2025,746,Spain,Male,49,7,0.0,2,0,1,10096.25,0.0,0.25,2,343,0,0.08481726107793737,8.481726107793737,Low,0
2025,734,France,Male,51,1,118537.47,1,1,1,116912.45,1.0138907884422197,0.5,1,51,0,0.26267941664014494,26.267941664014494,Low,0
2025,694,France,Male,47,4,0.0,2,1,0,197528.62,0.0,0.4,0,188,0,0.17337592764320284,17.337592764320284,Low,0
2025,622,France,Female,32,6,169089.38,2,1,0,101057.95,1.6731757058627663,0.2857142857142857,0,192,0,0.04538722933519775,4.538722933519775,Low,0
2025,641,France,Male,31,9,112494.99,1,1,1,32231.6,3.490099774762198,0.1,1,279,0,0.06528046043208513,6.528046043208513,Low,0
2025,539,France,Female,22,0,100885.93,2,1,1,38772.65,2.601919860523835,2.0,2,0,0,0.08723189575589291,8.723189575589291,Low,0
2025,626,Germany,Female,23,6,85897.95,1,1,0,109742.8,0.7827134653620523,0.1428571428571428,0,138,0,0.13988502263531444,13.988502263531444,Low,0
2025,662,France,Male,29,5,147092.65,1,1,0,10928.3,13.458560932539138,0.1666666666666666,0,145,0,0.09030628542764298,9.030628542764298,Low,0
2025,496,France,Female,41,1,176024.05,2,1,0,182337.98,0.9653670871691832,1.0,0,41,0,0.1433501212136941,14.33501212136941,Low,0
2025,719,Spain,Female,35,8,0.0,1,1,1,165162.4,0.0,0.1111111111111111,1,280,0,0.1962464398890708,19.62464398890708,Low,0
2025,694,Spain,Female,35,7,0.0,1,1,0,133570.43,0.0,0.125,0,245,1,0.2708251791450292,27.08251791450292,Low,0
2025,629,Germany,Male,35,8,112330.83,1,1,1,91001.02,1.2343773248110317,0.1111111111111111,1,280,0,0.18296213791002192,18.29621379100219,Low,0
2025,707,France,Female,46,7,127476.73,2,1,1,146011.55,0.8730532409714097,0.25,2,322,0,0.21378931591435907,21.378931591435908,Low,0
2025,640,France,Male,45,1,0.0,1,1,1,10908.33,0.0,0.5,1,45,0,0.27926283007964153,27.92628300796415,Low,0
2025,760,France,Female,32,7,0.0,2,1,1,105969.05,0.0,0.25,2,224,0,0.018823368338221062,1.8823368338221063,Low,0
2025,774,Germany,Male,34,4,120875.23,2,0,1,113407.26,1.065841500433919,0.4,2,136,0,0.06200784420166518,6.200784420166518,Low,0
2025,710,Germany,Male,34,9,134260.36,2,1,0,147074.67,0.912865873736968,0.2,0,306,0,0.0742210127585348,7.422101275853479,Low,0
2025,562,Spain,Male,36,5,0.0,1,0,1,182843.24,0.0,0.1666666666666666,1,180,0,0.16408044208419348,16.408044208419348,Low,0
2025,569,France,Male,37,9,178755.84,1,1,0,199929.17,0.8940913720025346,0.1,0,333,0,0.21288425882181855,21.288425882181855,Low,0
2025,685,Spain,Female,43,6,117302.62,1,0,0,68701.73,1.7073938692101465,0.1428571428571428,0,258,0,0.3962127327104207,39.62127327104207,Moderate,0
2025,516,France,Male,37,8,0.0,1,1,0,101834.58,0.0,0.1111111111111111,0,296,0,0.20871405571978863,20.871405571978862,Low,0
2025,850,France,Female,32,8,0.0,2,1,1,55593.8,0.0,0.2222222222222222,2,256,0,0.013833881288246482,1.3833881288246481,Low,0
2025,559,Spain,Female,40,7,144470.77,1,1,1,18917.95,7.636299583222112,0.125,1,280,0,0.17179201933608557,17.179201933608557,Low,0
2025,757,Spain,Male,30,3,145396.49,1,0,1,198341.15,0.7330589589756892,0.25,1,90,0,0.08253925155342905,8.253925155342905,Low,0
2025,651,Germany,Female,25,2,109175.14,2,1,0,114566.47,0.9529331493485892,0.6666666666666666,0,50,0,0.10441787937210936,10.441787937210936,Low,0
2025,740,France,Male,36,4,172381.8,1,1,1,86480.29,1.9932843277430297,0.2,1,144,0,0.10104924057395222,10.104924057395221,Low,0
2025,545,France,Female,55,5,0.0,1,0,0,10034.77,0.0,0.1666666666666666,0,275,1,0.9077572705091188,90.77572705091188,Very High,1
2025,641,Spain,Male,40,5,102145.13,1,1,1,100637.07,1.014975048706717,0.1666666666666666,1,200,0,0.10140327527910559,10.140327527910559,Low,0
2025,669,France,Female,35,7,0.0,1,1,1,49108.23,0.0,0.125,1,245,1,0.15735919817467084,15.735919817467083,Low,0
2025,655,France,Male,37,4,0.0,2,1,1,142415.97,0.0,0.4,2,148,0,0.01852604017427278,1.852604017427278,Low,0
2025,729,Germany,Female,39,1,131513.26,1,1,1,193715.0,0.6788972516467406,0.5,1,39,0,0.29120141131390237,29.120141131390238,Low,0
2025,512,Spain,Male,33,3,176666.62,1,1,0,94670.77,1.8660960917916716,0.25,0,99,0,0.19052536606025502,19.0525366060255,Low,0
2025,621,France,Male,31,7,136658.61,1,1,1,148689.13,0.9190832639664784,0.125,1,217,0,0.05590296251593064,5.590296251593064,Low,0
2025,693,France,Male,31,1,0.0,2,0,1,182270.88,0.0,1.0,2,31,0,0.014718762483620487,1.4718762483620487,Low,0
2025,708,Spain,Male,33,3,0.0,2,1,0,138613.21,0.0,0.5,0,99,0,0.021045232602672083,2.104523260267208,Low,0
2025,754,Spain,Female,19,9,0.0,1,1,0,189641.11,0.0,0.1,0,171,0,0.26230100404637274,26.230100404637273,Low,0
2025,778,Germany,Female,48,3,102290.56,2,1,0,182691.31,0.5599062160853951,0.5,0,144,0,0.6093525253221299,60.93525253221299,High,1
2025,651,Germany,Female,35,1,163700.78,3,1,1,29583.48,5.533333017852604,1.5,3,35,1,0.9442816485404644,94.42816485404644,Very High,1
2025,608,France,Male,50,6,0.0,1,1,0,93568.77,0.0,0.1428571428571428,0,300,1,0.6537204319668076,65.37204319668076,High,1
2025,702,Germany,Female,60,5,138597.54,2,1,1,41536.59,3.336677452880632,0.3333333333333333,2,300,1,0.21122351300603168,21.122351300603167,Low,0
2025,613,France,Female,24,7,140453.91,1,1,0,129001.3,1.088770587811225,0.125,0,168,0,0.10645649870036077,10.645649870036076,Low,0
2025,717,France,Male,36,2,148061.89,1,1,0,179128.69,0.8265625313146023,0.3333333333333333,0,72,1,0.11418031104959762,11.418031104959763,Low,0
2025,463,France,Male,35,2,101257.16,1,1,1,118113.64,0.8572786574128322,0.3333333333333333,1,70,0,0.07368002111741175,7.368002111741174,Low,0
2025,692,Germany,Male,24,2,120596.93,1,0,1,180490.53,0.6681583894823209,0.3333333333333333,1,48,0,0.12578129206385474,12.578129206385475,Low,0
2025,684,Germany,Female,40,6,137326.65,1,1,0,186976.6,0.734455089807549,0.1428571428571428,0,240,0,0.507219670181585,50.721967018158495,Moderate,1
2025,678,Spain,Female,49,1,0.0,2,1,1,102472.9,0.0,1.0,2,49,0,0.13578622449289973,13.578622449289973,Low,0
2025,619,Germany,Male,40,9,103604.31,2,0,0,140947.05,0.7350531632044572,0.2,0,360,0,0.13545625036508724,13.545625036508724,Low,0
2025,632,Spain,Female,40,3,109740.62,1,1,0,141896.74,0.7733782088425087,0.25,0,120,0,0.30028926716727455,30.028926716727455,Moderate,0
2025,576,France,Male,32,7,0.0,2,1,0,4660.91,0.0,0.25,0,224,0,0.019142738138243832,1.9142738138243833,Low,0
2025,791,Spain,Male,25,7,0.0,1,1,0,89666.28,0.0,0.125,0,175,0,0.16731168794459708,16.73116879445971,Low,0
2025,509,France,Male,26,10,0.0,2,1,1,6177.83,0.0,0.1818181818181818,2,260,0,0.016226091468028992,1.6226091468028991,Low,0
2025,567,France,Male,36,7,0.0,2,0,1,3896.08,0.0,0.25,2,252,0,0.020954339921453336,2.0954339921453338,Low,0
2025,630,Germany,Female,28,8,106425.75,1,1,1,20344.84,5.23083588586168,0.1111111111111111,1,224,0,0.1819801413778524,18.19801413778524,Low,0
2025,674,France,Female,27,4,79144.34,1,0,1,50743.83,1.5596532691113556,0.2,1,108,0,0.07867854336684832,7.867854336684832,Low,0
2025,663,Germany,Male,37,7,143625.83,2,0,1,176487.05,0.8137991779046796,0.25,2,259,0,0.07952426575628106,7.952426575628106,Low,0
2025,626,Spain,Male,62,3,0.0,1,1,1,65010.74,0.0,0.25,1,186,0,0.3103918217833815,31.039182178338148,Moderate,0
2025,710,Germany,Male,37,6,135795.63,1,0,1,46523.6,2.918791993912898,0.1428571428571428,1,222,0,0.19611666641924735,19.611666641924735,Low,0
2025,698,Spain,Male,45,5,164450.94,1,1,0,141970.02,1.1583416108442417,0.1666666666666666,0,225,1,0.3929365823542494,39.293658235424935,Moderate,0
2025,754,Germany,Female,55,3,161608.81,1,1,0,8080.85,19.99651193724209,0.25,0,165,1,0.8866905732879372,88.66905732879373,Very High,1
2025,520,France,Male,34,4,134007.9,1,1,1,193209.11,0.6935863759924364,0.2,1,136,0,0.06047083345247306,6.047083345247306,Low,0
2025,706,Germany,Female,46,7,111288.18,1,1,1,149170.25,0.74604308806154,0.125,1,322,1,0.5752615397566948,57.52615397566948,Moderate,1
2025,738,Spain,Male,31,9,79019.8,1,1,1,18606.23,4.246725600747666,0.1,1,279,0,0.06573925688425754,6.573925688425754,Low,0
2025,850,Spain,Female,39,6,0.0,2,1,0,103921.43,0.0,0.2857142857142857,0,234,0,0.030829277788728245,3.0829277788728247,Low,0
2025,750,Spain,Female,39,6,0.0,2,0,0,19264.33,0.0,0.2857142857142857,0,234,0,0.04591515942406865,4.591515942406865,Low,0
2025,617,France,Male,54,6,102141.9,1,1,1,45325.26,2.253481756491712,0.1428571428571428,1,324,0,0.23337821625403748,23.33782162540375,Low,0
2025,616,France,Male,37,9,0.0,1,1,0,111312.96,0.0,0.1,0,333,0,0.20498609898049291,20.498609898049292,Low,0
2025,548,Germany,Male,32,5,175214.71,1,1,1,155165.61,1.129203699172135,0.1666666666666666,1,160,0,0.10477498691751867,10.477498691751867,Low,0
2025,507,Germany,Male,40,3,120105.43,1,1,0,92075.01,1.304416101436194,0.25,0,120,1,0.447868796229832,44.7868796229832,Moderate,0
2025,809,France,Female,38,2,154763.21,2,1,1,174800.31,0.8853664197367856,0.6666666666666666,2,76,0,0.06332772901819429,6.332772901819429,Low,0
2025,673,France,Female,38,2,170061.92,2,0,0,134901.34,1.260629874915439,0.6666666666666666,0,76,1,0.1089010973980913,10.89010973980913,Low,0
2025,487,Spain,Male,44,6,61691.45,1,1,1,53087.98,1.1620387131189938,0.1428571428571428,1,264,0,0.18169846337958273,18.169846337958273,Low,0
2025,782,Spain,Female,41,4,0.0,1,1,0,132943.88,0.0,0.2,0,164,0,0.4019247057989655,40.19247057989655,Moderate,0
2025,778,France,Male,42,6,0.0,2,1,1,106197.44,0.0,0.2857142857142857,2,252,0,0.024968735660724932,2.4968735660724932,Low,0
2025,608,Spain,Female,56,5,0.0,2,0,1,153810.41,0.0,0.3333333333333333,2,280,0,0.1600997226592411,16.009972265924112,Low,0
2025,526,France,Female,37,5,53573.18,1,1,0,62830.97,0.8526420546737592,0.1666666666666666,0,185,0,0.18892987170795023,18.892987170795024,Low,0
2025,638,Germany,Female,53,1,123916.67,1,1,0,16657.68,7.438564760233103,0.5,0,53,1,0.9184486430288521,91.84486430288521,Very High,1
2025,681,France,Male,34,7,0.0,2,0,0,130686.59,0.0,0.25,0,238,0,0.01864399288128798,1.864399288128798,Low,0
2025,693,Germany,Male,44,5,124601.58,2,1,1,46998.13,2.65114652122284,0.3333333333333333,2,220,1,0.16703806612296546,16.703806612296546,Low,0
2025,529,France,Male,61,1,0.0,2,1,1,191370.97,0.0,1.0,2,61,0,0.08293088309494563,8.293088309494562,Low,0
2025,779,Spain,Female,38,7,0.0,2,1,1,138542.87,0.0,0.25,2,266,0,0.030270835501548212,3.027083550154821,Low,0
2025,550,Germany,Female,45,8,111257.59,1,0,0,97623.42,1.139649177941339,0.1111111111111111,0,360,1,0.7502306863566548,75.02306863566548,High,1
2025,535,Spain,Male,35,8,118989.92,1,1,1,135536.72,0.8779100017323591,0.1111111111111111,1,280,0,0.0762551910102938,7.625519101029379,Low,0
2025,618,Germany,Male,44,5,157955.83,2,0,0,139297.71,1.1339360572685848,0.3333333333333333,0,220,0,0.14550592404517432,14.550592404517431,Low,0
2025,458,Germany,Male,35,9,146780.52,2,1,1,3476.38,42.21008920509119,0.2,2,315,0,0.0703982994648818,7.0398299464881795,Low,0
2025,539,France,Male,38,5,0.0,2,1,0,47388.41,0.0,0.3333333333333333,0,190,0,0.028993180889834564,2.899318088983456,Low,0
2025,715,France,Female,38,0,0.0,2,1,1,332.81,0.0,2.0,2,0,0,0.2724880150691532,27.24880150691532,Low,0
2025,592,Spain,Female,41,2,138734.94,1,1,0,90020.74,1.5411270655288378,0.3333333333333333,0,82,0,0.23966443583511693,23.966443583511694,Low,0
2025,645,France,Male,29,1,130131.08,2,0,1,196474.35,0.6623277678344891,1.0,2,29,0,0.024989503316348735,2.4989503316348736,Low,0
2025,733,Germany,Male,38,9,111347.37,2,0,1,194872.97,0.5713814420674038,0.2,2,342,0,0.11454933063683095,11.454933063683095,Low,0
2025,565,Germany,Female,58,3,108888.24,3,0,1,135875.51,0.801376485162888,0.75,3,174,1,0.9474304829474522,94.74304829474522,Very High,1
2025,566,France,Male,34,3,0.0,1,0,0,188135.69,0.0,0.25,0,102,0,0.18024837491796813,18.024837491796813,Low,0
2025,569,Spain,Female,42,1,0.0,1,1,1,83629.6,0.0,0.5,1,42,1,0.34677179081317244,34.67717908131724,Moderate,0
2025,680,France,Male,34,3,143292.95,1,1,0,66526.01,2.153906360739796,0.25,0,102,0,0.09182161548124672,9.182161548124672,Low,0
2025,564,France,Male,31,4,0.0,2,1,0,53520.03,0.0,0.4,0,124,0,0.019489534385170787,1.9489534385170786,Low,0
2025,601,France,Male,39,3,72647.64,1,1,0,41777.9,1.7388595678679908,0.25,0,117,1,0.15204791528404,15.204791528404,Low,0
2025,771,Spain,Female,33,5,0.0,2,1,0,8673.43,0.0,0.3333333333333333,0,165,0,0.028019741893260536,2.8019741893260535,Low,0
2025,636,Spain,Female,32,8,0.0,2,1,0,138555.46,0.0,0.2222222222222222,0,256,0,0.029528484029283267,2.9528484029283266,Low,0
2025,659,Germany,Male,39,8,106259.63,2,1,1,198103.32,0.5363821949970602,0.2222222222222222,2,312,0,0.08838588937812425,8.838588937812425,Low,0
2025,678,Germany,Female,43,2,153393.18,2,1,1,193828.27,0.7913829526366167,0.6666666666666666,2,86,0,0.13555015555563815,13.555015555563815,Low,0
2025,732,France,Male,46,0,0.0,2,1,1,184350.78,0.0,2.0,2,0,0,0.10564076819960826,10.564076819960826,Low,0
2025,651,France,Male,28,10,79562.98,1,1,1,74687.37,1.0652659845167327,0.0909090909090909,1,280,0,0.05413115430835613,5.413115430835614,Low,0
2025,755,France,Female,78,5,121206.96,1,1,1,76016.49,1.5944614851134915,0.1666666666666666,1,390,0,0.05240950584115471,5.240950584115471,Low,0
2025,674,France,Male,45,7,142072.02,1,1,0,37013.29,3.838301909883993,0.125,0,315,0,0.4021100054974626,40.21100054974626,Moderate,0
2025,659,France,Male,20,8,0.0,2,0,0,112572.02,0.0,0.2222222222222222,0,160,0,0.019110869513999536,1.9110869513999535,Low,0
2025,721,France,Female,49,1,120108.56,1,0,1,183421.76,0.6548181915919267,0.5,1,49,0,0.40646552739748576,40.64655273974858,Moderate,0
2025,766,France,Female,26,3,104258.8,1,1,1,428.23,242.89728117792325,0.25,1,78,0,0.06293802957779324,6.293802957779324,Low,0
2025,575,Spain,Female,30,8,0.0,2,1,0,185341.63,0.0,0.2222222222222222,0,240,0,0.037387456108104095,3.7387456108104096,Low,0
2025,537,Spain,Male,42,1,190569.23,1,0,1,127154.8,1.4987065474009051,0.5,1,42,0,0.2417961873063771,24.17961873063771,Low,0
2025,633,Spain,Female,33,4,92855.02,1,1,1,159813.18,0.5810186555410791,0.2,1,132,0,0.10311756858424269,10.31175685842427,Low,0
2025,707,France,Male,40,1,0.0,2,1,0,14090.4,0.0,1.0,0,40,1,0.03234586092627249,3.234586092627249,Low,0
2025,602,France,Male,38,7,111835.94,2,1,0,124389.61,0.899070597049086,0.25,0,266,0,0.054187405635561,5.4187405635561,Low,0
2025,684,Germany,Male,42,1,117691.0,1,1,1,23135.65,5.086777904320634,0.5,1,42,1,0.36478229981374866,36.47822998137487,Moderate,0
2025,621,France,Male,39,6,0.0,2,1,1,58883.91,0.0,0.2857142857142857,2,234,0,0.023647504618134824,2.3647504618134825,Low,0
2025,777,France,Female,30,4,137851.31,1,1,0,5008.23,27.51946107485582,0.2,0,120,1,0.10909146995257857,10.909146995257856,Low,0
2025,828,France,Male,30,4,73070.18,2,0,0,161671.15,0.4519651653052179,0.4,0,120,0,0.02268187519927874,2.268187519927874,Low,0
2025,573,Germany,Male,30,8,127406.5,1,1,0,192950.6,0.660302894611913,0.1111111111111111,0,240,0,0.24438129701072825,24.438129701072825,Low,0
2025,673,Spain,Male,43,8,127132.96,1,0,1,6009.27,21.15262043136165,0.1111111111111111,1,344,1,0.16297570616520446,16.297570616520446,Low,0
2025,481,France,Male,44,9,175303.06,1,1,0,65500.53,2.67632007985157,0.1,0,396,1,0.42060560751324644,42.060560751324644,Moderate,0
2025,738,Spain,Male,44,2,0.0,2,1,0,43018.82,0.0,0.6666666666666666,0,88,1,0.06824601946549078,6.824601946549078,Low,0
2025,562,France,Female,27,3,0.0,2,1,0,28137.03,0.0,0.5,0,81,0,0.024842912330242852,2.484291233024285,Low,0
2025,707,Spain,Female,53,6,109663.47,1,1,1,52110.45,2.1044025833094264,0.1428571428571428,1,318,0,0.3050303110736194,30.503031107361938,Moderate,0
2025,604,Germany,Female,47,4,118907.6,1,0,1,47777.15,2.488744331875554,0.2,1,188,1,0.6559803705581878,65.59803705581878,High,1
2025,655,Germany,Male,32,9,113447.01,1,1,0,82084.3,1.3820624399252972,0.1,0,288,0,0.2347486637797154,23.47486637797154,Low,0
2025,674,Germany,Male,44,3,88902.21,1,1,0,73731.32,1.2057427461932568,0.25,0,132,0,0.545325403413644,54.5325403413644,Moderate,1
2025,663,Spain,Male,52,0,136298.65,1,1,0,144593.3,0.9426280980647233,1.0,0,0,1,0.6450194421169544,64.50194421169545,High,1
2025,510,Spain,Female,38,4,0.0,1,1,0,118913.53,0.0,0.2,0,152,1,0.29796862524543133,29.796862524543133,Low,0
2025,704,France,Female,45,6,0.0,1,1,1,137739.45,0.0,0.1428571428571428,1,270,0,0.3936749333847494,39.367493338474944,Moderate,0
2025,659,France,Male,35,6,0.0,2,1,1,58879.11,0.0,0.2857142857142857,2,210,0,0.0173822036409675,1.73822036409675,Low,0
2025,682,France,Male,41,6,0.0,2,0,1,134158.09,0.0,0.2857142857142857,2,246,1,0.024538856832062656,2.4538856832062654,Low,0
2025,598,Spain,Female,56,4,98365.33,1,1,1,44251.33,2.222828266895777,0.2,1,224,0,0.35422549701738926,35.42254970173892,Moderate,0
2025,552,Germany,Female,42,8,103362.14,1,0,1,186869.58,0.5531215239980526,0.1111111111111111,1,336,1,0.5305992200040719,53.05992200040719,Moderate,1
2025,587,Germany,Female,37,6,104414.03,1,1,0,192026.02,0.5437465519175375,0.1428571428571428,0,222,0,0.5023071396269292,50.23071396269292,Moderate,1
2025,686,France,Male,37,9,134560.62,1,1,0,27596.39,4.875845868033172,0.1,0,333,0,0.12354973684330943,12.354973684330943,Low,0
2025,697,Spain,Male,30,1,0.0,2,0,0,735.79,0.0,1.0,0,30,0,0.02050426189072,2.050426189072,Low,0
2025,778,Germany,Female,45,1,162150.42,2,1,0,174531.27,0.929056958922267,1.0,0,45,0,0.3146222806993601,31.46222806993601,Moderate,0
2025,850,Germany,Male,36,7,102800.72,1,1,1,87352.43,1.176836673728782,0.125,1,252,0,0.16676934047727063,16.676934047727062,Low,0
2025,656,France,Male,36,8,97786.08,2,0,1,21478.36,4.552560225258108,0.2222222222222222,2,288,0,0.03478706207146584,3.478706207146584,Low,0
2025,656,Spain,Female,32,1,104254.27,1,1,1,17034.37,6.119871185656667,0.5,1,32,0,0.0808459426411611,8.08459426411611,Low,0
2025,849,France,Male,69,7,71996.09,1,1,1,139065.94,0.5177081627020771,0.125,1,483,0,0.06406817024449797,6.406817024449797,Low,0
2025,632,Spain,Male,47,3,0.0,2,1,0,178822.32,0.0,0.5,0,141,0,0.19233346518305575,19.233346518305574,Low,0
2025,770,Spain,Male,30,8,0.0,2,0,1,50839.85,0.0,0.2222222222222222,2,240,0,0.01684462882019609,1.6844628820196088,Low,0
2025,681,France,Male,36,5,141952.07,1,1,1,185144.08,0.7667072222497082,0.1666666666666666,1,180,0,0.07598166989436668,7.598166989436668,Low,0
2025,660,France,Male,37,2,97324.91,1,1,0,23291.83,4.178320538981309,0.3333333333333333,0,74,0,0.11360151029442617,11.360151029442617,Low,0
2025,649,France,Female,36,8,0.0,2,0,1,109179.89,0.0,0.2222222222222222,2,288,0,0.0260287458821161,2.60287458821161,Low,0
2025,807,Germany,Female,42,9,105356.09,2,1,1,130489.37,0.8073859396674252,0.2,2,378,0,0.1401813352314602,14.01813352314602,Low,0
2025,765,France,Male,44,6,0.0,2,1,1,159899.97,0.0,0.2857142857142857,2,264,0,0.03409834285335396,3.4098342853353962,Low,0
2025,824,Germany,Male,49,8,133231.48,1,1,1,67885.37,1.962565976056755,0.1111111111111111,1,392,0,0.4846662150519796,48.46662150519796,Moderate,0
2025,619,France,Male,25,4,0.0,1,1,0,145524.36,0.0,0.2,0,100,0,0.14010560299319977,14.010560299319977,Low,0
2025,555,Spain,Female,35,1,0.0,2,1,0,101667.0,0.0,1.0,0,35,0,0.043933460095469515,4.393346009546952,Low,0
2025,764,Germany,Male,28,10,124023.18,1,1,0,166188.28,0.746276655148876,0.0909090909090909,0,280,0,0.20298463896523578,20.29846389652358,Low,0
2025,752,France,Female,53,8,114233.18,1,1,1,51587.04,2.214334562817273,0.1111111111111111,1,424,0,0.3235693444452714,32.35693444452714,Moderate,0
2025,772,Germany,Male,42,3,75075.31,2,1,0,92888.52,0.808221530265201,0.5,0,126,1,0.07006388607850543,7.006388607850543,Low,0
2025,660,France,Female,40,8,167181.01,1,1,1,185156.94,0.9029102937740612,0.1111111111111111,1,320,0,0.17157480243843148,17.15748024384315,Low,0
2025,670,Germany,Male,40,2,164948.98,3,0,0,177028.0,0.9317624795937388,1.0,0,80,1,0.891554846745012,89.1554846745012,Very High,1
2025,654,France,Male,32,9,121455.65,1,1,0,190068.53,0.6390064204399306,0.1,0,288,1,0.11177450200512778,11.177450200512778,Low,0
2025,754,France,Male,61,5,146622.35,1,1,1,41815.22,3.5063511240375145,0.1666666666666666,1,305,1,0.15437833522321004,15.437833522321004,Low,0
2025,613,France,Male,41,7,0.0,2,1,0,60297.72,0.0,0.25,0,287,0,0.033546309798500304,3.3546309798500302,Low,0
2025,581,France,Male,37,7,0.0,2,1,1,74320.75,0.0,0.25,2,259,0,0.021647767353819975,2.1647767353819973,Low,0
2025,521,France,Male,43,8,0.0,1,1,1,93180.09,0.0,0.1111111111111111,1,344,0,0.2647982129522271,26.47982129522271,Low,0
2025,498,France,Male,34,5,0.0,2,1,1,91711.66,0.0,0.3333333333333333,2,170,0,0.01579205761623025,1.5792057616230248,Low,0
2025,416,Germany,Female,25,0,97738.97,2,1,1,160523.33,0.6088732468156074,2.0,2,0,0,0.09637162887829973,9.637162887829973,Low,0
2025,708,France,Female,59,2,0.0,1,1,0,179673.11,0.0,0.3333333333333333,0,118,1,0.9403830672662039,94.03830672662039,Very High,1
2025,737,Germany,Female,45,2,99169.67,2,1,1,78650.95,1.2608672766536622,0.6666666666666666,2,90,0,0.26700877014045393,26.700877014045393,Low,0
2025,819,France,Male,35,1,0.0,2,0,1,3385.04,0.0,1.0,2,35,0,0.01844348930447675,1.844348930447675,Low,0
2025,533,France,Female,35,8,0.0,2,1,1,187900.12,0.0,0.2222222222222222,2,280,0,0.03650971818824397,3.6509718188243974,Low,0
2025,641,Spain,Female,40,4,101090.27,1,1,1,51703.09,1.955169697406917,0.2,1,160,0,0.1543381635869046,15.43381635869046,Low,0
2025,688,France,Male,26,0,0.0,2,1,0,105784.85,0.0,2.0,0,0,0,0.019272567957384343,1.9272567957384343,Low,0
2025,756,Germany,Female,34,2,148200.72,1,0,0,194584.48,0.7616227068946768,0.3333333333333333,0,68,0,0.2316852260054931,23.16852260054931,Low,0
2025,807,France,Male,43,1,105799.32,2,1,0,34888.04,3.032451451802629,1.0,0,43,1,0.12262543279693944,12.262543279693944,Low,0
2025,769,France,Male,29,2,123757.52,2,1,0,84872.66,1.458138131429704,0.6666666666666666,0,58,0,0.03391161187460587,3.391161187460587,Low,0
2025,489,France,Female,38,5,117289.92,1,0,0,85231.88,1.3761111908925288,0.1666666666666666,0,190,0,0.15518942041793402,15.518942041793402,Low,0
2025,545,Spain,Female,44,1,0.0,2,1,1,82614.89,0.0,1.0,2,44,0,0.07369062442542501,7.369062442542501,Low,0
2025,773,Germany,Male,51,8,116197.65,2,1,1,86701.4,1.340189544926092,0.2222222222222222,2,408,0,0.30289167956301505,30.289167956301505,Moderate,0
2025,727,Spain,Male,38,2,62276.99,1,1,1,59280.79,1.0505247901590016,0.3333333333333333,1,76,0,0.0833214731901441,8.33214731901441,Low,0
2025,639,France,Male,39,6,150555.83,1,1,0,30414.17,4.950024280646796,0.1428571428571428,0,234,0,0.126012793638579,12.6012793638579,Low,0
2025,604,Spain,Male,43,2,145081.72,1,1,1,23881.62,6.07478241499467,0.3333333333333333,1,86,0,0.1749733384636894,17.49733384636894,Low,0
2025,585,Germany,Male,37,6,152496.82,1,1,1,99907.29,1.5263680321222597,0.1428571428571428,1,222,0,0.15347682256630393,15.347682256630394,Low,0
2025,769,France,Male,51,9,156773.78,2,1,0,40257.79,3.894150320960963,0.2,0,459,0,0.37896957952858185,37.89695795285819,Moderate,0
2025,581,France,Male,28,3,104367.5,1,1,1,29937.75,3.486033986054862,0.25,1,84,0,0.06248096921551429,6.248096921551429,Low,0
2025,524,France,Male,32,1,144875.71,1,0,0,187740.04,0.771678424706713,0.5,0,32,0,0.06573829567046506,6.573829567046506,Low,0
2025,683,Germany,Female,35,1,132371.3,2,0,0,186123.57,0.7111973448749941,1.0,0,35,0,0.14851629951497852,14.851629951497852,Low,0
2025,730,France,Female,37,1,0.0,2,1,1,124364.63,0.0,1.0,2,37,0,0.03639225938256878,3.6392259382568777,Low,0
2025,551,Spain,Male,27,2,113873.22,1,1,1,85129.77,1.3376270413153786,0.3333333333333333,1,54,1,0.056872592035431525,5.687259203543152,Low,0
2025,764,France,Female,40,9,100480.53,1,1,0,124095.69,0.8096954882519429,0.1,0,360,0,0.2561031800935262,25.610318009352618,Low,0
2025,680,France,Female,47,5,0.0,2,1,1,179843.33,0.0,0.3333333333333333,2,235,0,0.14296232459030156,14.296232459030156,Low,0
2025,587,Spain,Male,62,7,121286.27,1,0,1,6776.92,17.89432008639819,0.125,1,434,0,0.1956816663393476,19.568166633934762,Low,0
2025,675,Germany,Male,42,2,92616.64,2,1,0,8567.18,10.809371418434251,0.6666666666666666,0,84,0,0.1253517530968259,12.53517530968259,Low,0
2025,735,France,Male,41,7,179904.0,1,1,1,137180.95,1.3114261752366108,0.125,1,287,0,0.1881999050149208,18.81999050149208,Low,0
2025,653,France,Male,38,8,119315.75,1,1,0,150468.35,0.7929571703473165,0.1111111111111111,0,304,0,0.11476385758299996,11.476385758299996,Low,0
2025,615,France,Male,66,7,0.0,2,1,1,74580.8,0.0,0.25,2,462,0,0.02669615321686042,2.6696153216860417,Low,0
2025,789,Germany,Male,51,3,104677.09,1,1,0,74265.38,1.4094815177473303,0.25,0,153,0,0.852949996802586,85.2949996802586,Very High,1
2025,579,France,Male,36,9,129829.59,1,1,1,60906.12,2.131599556833421,0.1,1,324,0,0.07435058732974631,7.435058732974631,Low,0
2025,714,Germany,Female,49,5,140510.89,1,1,0,141914.94,0.9900994208261596,0.1666666666666666,0,245,0,0.8554036795253215,85.54036795253215,Very High,1
2025,688,Spain,Male,32,6,124179.3,1,1,1,138759.15,0.8949204796910353,0.1428571428571428,1,192,0,0.06371695338730424,6.371695338730424,Low,0
2025,518,Germany,Male,46,4,113625.93,1,0,0,92727.42,1.225362515612797,0.2,0,184,1,0.7183147833384459,71.83147833384459,High,1
2025,737,Spain,Female,45,2,0.0,2,0,1,177695.67,0.0,0.6666666666666666,2,90,0,0.10960580832047156,10.960580832047157,Low,0
2025,773,Spain,Female,23,8,0.0,2,1,0,56759.79,0.0,0.2222222222222222,0,184,0,0.028522680405933688,2.8522680405933687,Low,0
2025,652,Spain,Female,33,3,124832.51,1,1,0,195877.06,0.637297051032668,0.25,0,99,0,0.14861550138723745,14.861550138723745,Low,0
2025,834,Spain,Male,38,8,0.0,2,1,1,66485.26,0.0,0.2222222222222222,2,304,0,0.01887531934169422,1.8875319341694219,Low,0
2025,586,Germany,Male,42,6,126704.49,2,1,0,41682.3,3.03969431402984,0.2857142857142857,0,252,0,0.14702035854226397,14.702035854226397,Low,0
2025,618,Germany,Male,41,8,37702.79,1,1,1,195775.48,0.1925807941791577,0.1111111111111111,1,328,0,0.30506776395227864,30.506776395227863,Moderate,0
2025,650,France,Male,33,0,98064.97,1,1,0,52411.99,1.8710050695447829,1.0,0,0,0,0.08101920959652861,8.101920959652862,Low,0
2025,708,France,Male,41,0,0.0,1,1,0,128400.62,0.0,1.0,0,0,0,0.24943965231612084,24.943965231612083,Low,0
2025,544,Spain,Male,22,3,66483.32,1,0,1,110317.39,0.6026494766647701,0.25,1,66,0,0.080210154185009,8.0210154185009,Low,0
2025,710,Spain,Female,31,5,0.0,2,1,0,9561.73,0.0,0.3333333333333333,0,155,0,0.028019741893260536,2.8019741893260535,Low,0
2025,525,France,Female,23,5,0.0,2,1,0,160249.1,0.0,0.3333333333333333,0,115,0,0.030429152636006446,3.0429152636006447,Low,0
2025,825,France,Male,29,3,148874.01,2,0,1,71192.82,2.091108610269824,0.5,2,87,0,0.030596611326788963,3.0596611326788965,Low,0
2025,694,France,Female,31,10,0.0,2,1,0,160990.27,0.0,0.1818181818181818,0,310,0,0.02619068388417403,2.6190683884174026,Low,0
2025,623,France,Male,23,1,106012.2,2,0,1,191415.94,0.5538287259215406,1.0,2,23,0,0.024385664963106114,2.4385664963106115,Low,0
2025,630,France,Male,33,9,0.0,2,1,0,64804.59,0.0,0.2,0,297,0,0.019110869513999536,1.9110869513999535,Low,0
2025,570,France,Female,29,4,153040.03,1,1,1,131363.57,1.1650023290145888,0.2,1,116,1,0.07754878490067596,7.754878490067596,Low,0
2025,578,Spain,Female,28,8,161592.76,1,1,0,177834.79,0.9086627613035598,0.1111111111111111,0,224,0,0.17162547737907155,17.162547737907154,Low,0
2025,611,France,Female,43,8,64897.75,1,1,0,114996.33,0.5643413634038286,0.1111111111111111,0,344,0,0.44669551634923155,44.66955163492315,Moderate,0
2025,597,Spain,Female,46,4,0.0,2,1,0,58667.16,0.0,0.4,0,184,1,0.16783612094183087,16.783612094183088,Low,0
2025,850,Spain,Male,44,8,0.0,2,1,1,183617.32,0.0,0.2222222222222222,2,352,0,0.040152500772015584,4.015250077201558,Low,0
2025,737,Germany,Female,43,1,125537.38,1,1,0,138510.01,0.9063350270855725,0.5,0,43,1,0.7176292395262373,71.76292395262372,High,1
2025,703,France,Female,42,7,0.0,2,0,1,72500.68,0.0,0.25,2,294,0,0.03951389723973166,3.9513897239731657,Low,0
2025,681,France,Male,25,5,0.0,1,0,1,90860.97,0.0,0.1666666666666666,1,125,0,0.10339864392675618,10.339864392675619,Low,0
2025,459,Spain,Female,42,6,129634.25,2,1,1,177683.02,0.7295774262648943,0.2857142857142857,2,252,1,0.10043480859106506,10.043480859106506,Low,0
2025,850,France,Female,39,2,148586.64,1,1,1,176791.27,0.8404589182547406,0.3333333333333333,1,78,0,0.11486908692506939,11.486908692506939,Low,0
2025,622,Germany,Female,34,7,98675.74,1,1,0,138906.85,0.710368348513061,0.125,0,238,1,0.2599758558210372,25.99758558210372,Low,0
2025,593,Spain,Male,44,5,0.0,1,1,0,128046.98,0.0,0.1666666666666666,0,220,0,0.45510850774404144,45.51085077440414,Moderate,0
2025,708,France,Female,51,8,70754.18,1,1,1,92920.04,0.7614441250334693,0.1111111111111111,1,408,1,0.3288955525432945,32.88955525432945,Moderate,0
2025,850,France,Female,38,0,106831.69,1,0,1,148977.72,0.7170936224985689,1.0,1,0,0,0.09398323749368485,9.398323749368485,Low,0
2025,733,Germany,Male,48,7,85915.52,1,1,1,23860.5,3.60059174821365,0.125,1,336,0,0.3313544015599111,33.135440155991105,Moderate,0
2025,697,Germany,Male,43,7,115371.94,2,1,0,64139.1,1.7987489885422692,0.25,0,301,0,0.2666561279353623,26.66561279353623,Low,0
2025,443,France,Male,35,6,161111.45,1,0,0,13946.66,11.55114549680735,0.1428571428571428,0,210,0,0.10897110797576248,10.897110797576248,Low,0
2025,596,France,Male,21,4,210433.08,2,0,1,197297.77,1.0665706633650074,0.4,2,84,1,0.26139783633000924,26.139783633000924,Low,0
2025,645,Germany,Male,25,1,157404.02,2,1,0,93073.04,1.6911699545866925,1.0,0,25,0,0.05605428117296812,5.605428117296812,Low,0
2025,621,Germany,Male,47,7,107363.29,1,1,1,66799.28,1.6072281433550877,0.125,1,329,0,0.5480799199629678,54.80799199629678,Moderate,1
2025,741,France,Female,21,9,0.0,2,0,1,139259.54,0.0,0.2,2,189,0,0.025131748303389812,2.5131748303389814,Low,0
2025,595,Germany,Female,64,2,105736.32,1,1,1,89935.73,1.1756744991729189,0.3333333333333333,1,128,1,0.3620103918804345,36.20103918804345,Moderate,0
2025,630,Spain,Female,49,1,0.0,2,0,1,162858.29,0.0,1.0,2,49,0,0.1739840986239713,17.39840986239713,Low,0
2025,562,France,Male,45,6,136855.24,1,1,0,46864.0,2.9202014296383227,0.1428571428571428,0,270,0,0.42366002222493304,42.36600222249331,Moderate,0
2025,777,Spain,Female,35,3,0.0,2,1,1,17257.72,0.0,0.5,2,105,0,0.029005524884504884,2.9005524884504883,Low,0
2025,720,Spain,Male,64,3,45752.78,2,1,0,79623.28,0.5746083983428171,0.5,0,192,1,0.6503130361273383,65.03130361273382,High,1
2025,626,Spain,Female,26,8,148610.41,3,0,1,104502.02,1.4220680895154991,0.3333333333333333,3,208,1,0.8398529560936687,83.98529560936687,Very High,1
2025,714,Spain,Male,45,8,150900.29,2,0,1,139889.15,1.0787056129398676,0.2222222222222222,2,360,0,0.10539135008381453,10.539135008381454,Low,0
2025,538,France,Male,33,6,93791.38,1,1,1,199249.29,0.4707214227893972,0.1428571428571428,1,198,0,0.10973349210394642,10.973349210394643,Low,0
2025,633,France,Female,36,6,125130.28,1,0,0,125961.48,0.993393270758086,0.1428571428571428,0,216,0,0.15525046376850807,15.525046376850806,Low,0
2025,667,Spain,Male,77,2,0.0,1,1,1,34702.92,0.0,0.3333333333333333,1,154,0,0.05323069759108621,5.323069759108621,Low,0
2025,754,France,Female,35,4,0.0,2,1,0,44830.71,0.0,0.4,0,140,0,0.0332659049277128,3.32659049277128,Low,0
2025,554,Spain,Male,42,1,0.0,2,0,1,183492.9,0.0,1.0,2,42,0,0.03741134063928804,3.741134063928804,Low,0
2025,618,France,Male,56,7,0.0,1,1,1,142400.27,0.0,0.125,1,392,1,0.362109465996701,36.2109465996701,Moderate,0
2025,583,Spain,Female,22,2,0.0,2,0,1,5985.36,0.0,0.6666666666666666,2,44,0,0.027637752927914136,2.7637752927914137,Low,0
2025,756,France,Male,28,8,179960.2,1,1,0,89938.08,2.0009121729953208,0.1111111111111111,0,224,0,0.17033077239254865,17.033077239254865,Low,0
2025,782,Spain,Female,27,3,0.0,2,1,0,143614.01,0.0,0.5,0,81,0,0.03362891541690603,3.3628915416906033,Low,0
2025,712,France,Male,36,2,100749.5,3,0,0,70758.37,1.423832631635923,1.0,0,72,1,0.8616860426225919,86.16860426225918,Very High,1
2025,793,Germany,Male,54,2,128966.13,1,0,0,18633.4,6.920863027518997,0.3333333333333333,0,108,1,0.9228052419501961,92.28052419501961,Very High,1
2025,578,France,Male,46,5,113226.47,1,1,0,56770.76,1.9944153572128116,0.1666666666666666,0,230,0,0.42692859101503355,42.69285910150336,Moderate,0
2025,709,France,Male,32,4,147307.91,1,0,1,40861.55,3.604961266489732,0.2,1,128,0,0.06041930151768294,6.041930151768294,Low,0
2025,513,Spain,Female,41,9,107135.04,2,1,1,160546.58,0.667310214205658,0.2,2,369,0,0.091402570918541,9.1402570918541,Low,0
2025,507,Spain,Male,46,6,92783.68,1,1,1,51424.29,1.804242231789067,0.1428571428571428,1,276,0,0.21568474023876544,21.568474023876544,Low,0
2025,724,France,Male,40,10,0.0,1,1,0,127847.25,0.0,0.0909090909090909,0,400,1,0.27244541320870036,27.244541320870034,Low,0
2025,661,Germany,Female,32,1,145980.23,1,0,1,56636.28,2.577458345457268,0.5,1,32,0,0.15237050184079953,15.237050184079953,Low,0
2025,590,France,Female,32,0,127763.24,1,1,0,100717.54,1.268517593682355,1.0,0,0,0,0.09611478854186954,9.611478854186954,Low,0
2025,554,Germany,Female,31,6,135470.9,1,1,0,107074.81,1.265186786819544,0.1428571428571428,0,186,0,0.23061906457639547,23.061906457639548,Low,0
2025,597,France,Male,28,2,0.0,3,1,1,78707.97,0.0,1.0,3,56,0,0.3038119053666844,30.38119053666844,Moderate,0
2025,474,France,Male,26,6,0.0,2,0,0,152491.22,0.0,0.2857142857142857,0,156,0,0.018469628967915788,1.8469628967915788,Low,0
2025,593,Germany,Female,48,3,133903.12,2,1,1,85902.39,1.5587640953401256,0.5,2,144,1,0.34131480160545286,34.13148016054529,Moderate,0
2025,594,Germany,Male,41,2,122545.65,2,1,1,42050.24,2.914198249564103,0.6666666666666666,2,82,0,0.12354494323814014,12.354494323814013,Low,0
2025,576,France,Female,41,4,112609.91,1,0,0,191035.18,0.589469020999059,0.2,0,164,1,0.2938112423856463,29.38112423856463,Low,0
2025,566,Germany,Male,22,7,144954.75,2,1,0,102246.0,1.4176919616223458,0.25,0,154,0,0.081543948837094,8.154394883709399,Low,0
2025,612,Spain,Female,63,2,131629.17,2,1,0,122109.58,1.0779505756176084,0.6666666666666666,0,126,1,0.7829970752771607,78.29970752771607,High,1
2025,724,France,Male,40,6,0.0,2,0,0,106149.48,0.0,0.2857142857142857,0,240,0,0.03234586092627249,3.234586092627249,Low,0
2025,790,Germany,Female,34,2,164011.48,1,1,0,199420.41,0.8224366681591511,0.3333333333333333,0,68,0,0.22003508848470904,22.003508848470904,Low,0
2025,657,Spain,Male,29,7,83889.03,1,1,0,153059.62,0.5480771605393994,0.125,0,203,0,0.10340651921459969,10.340651921459969,Low,0
2025,687,France,Male,48,4,0.0,2,1,1,170893.85,0.0,0.4,2,192,0,0.07979939258026619,7.9799392580266195,Low,0
2025,723,Spain,Male,38,6,0.0,2,1,1,94415.6,0.0,0.2857142857142857,2,228,0,0.019857599816932744,1.9857599816932743,Low,0
2025,662,France,Female,22,9,0.0,2,1,1,44377.65,0.0,0.2,2,198,0,0.019471365045684846,1.9471365045684845,Low,0
2025,786,Spain,Female,39,7,0.0,2,0,0,100929.59,0.0,0.25,0,273,0,0.04375361857876068,4.375361857876068,Low,0
2025,524,France,Male,40,2,180516.9,1,1,0,180002.42,1.0028526124670296,0.3333333333333333,0,80,0,0.3516174215314405,35.16174215314405,Moderate,0
2025,625,Spain,Male,52,8,121161.57,1,1,0,48988.28,2.4732261833609317,0.1111111111111111,0,416,0,0.6829685736105707,68.29685736105708,High,1
2025,759,France,Female,22,5,0.0,1,1,0,22303.17,0.0,0.1666666666666666,0,110,0,0.18131186390594964,18.131186390594962,Low,0
2025,678,France,Female,41,1,143443.61,1,1,0,196622.28,0.7295352310265599,0.5,0,41,1,0.21006326221671862,21.006326221671863,Low,0
2025,601,France,Female,37,5,0.0,1,0,0,20708.6,0.0,0.1666666666666666,0,185,0,0.26034342094979607,26.034342094979607,Low,0
2025,661,France,Male,48,3,120320.54,1,0,0,96463.25,1.247307059351003,0.25,0,144,0,0.5077657665664305,50.776576656643044,Moderate,1
2025,671,Spain,Male,38,0,92674.94,2,1,0,3647.57,25.40034588893731,2.0,0,0,0,0.3009257213862534,30.09257213862534,Moderate,0
2025,663,France,Male,33,5,157274.36,2,1,1,28531.81,5.512052966392023,0.3333333333333333,2,165,0,0.030250543652066905,3.0250543652066906,Low,0
2025,800,Spain,Female,46,6,0.0,2,1,0,171928.04,0.0,0.2857142857142857,0,276,0,0.1941818644113876,19.41818644113876,Low,0
2025,650,Spain,Female,30,6,0.0,1,0,0,67997.13,0.0,0.1428571428571428,0,180,1,0.20844004195470672,20.84400419547067,Low,0
2025,807,Germany,Male,37,10,130110.45,2,0,1,172097.95,0.7560211727032616,0.1818181818181818,2,370,0,0.0908960794663012,9.08960794663012,Low,0
2025,687,France,Female,30,6,0.0,2,0,0,179206.92,0.0,0.2857142857142857,0,180,0,0.03253934549215771,3.2539345492157707,Low,0
2025,478,France,Female,50,2,0.0,1,0,1,93332.64,0.0,0.3333333333333333,1,100,1,0.5266475868700844,52.66475868700844,Moderate,1
2025,497,Spain,Male,27,7,149400.27,1,0,0,167522.19,0.8918184401813265,0.125,0,189,0,0.10298258918238144,10.298258918238144,Low,0
2025,678,Germany,Male,55,4,129646.91,1,1,1,184125.1,0.7041202197841588,0.2,1,220,1,0.5745526318110724,57.45526318110724,Moderate,1
2025,705,Germany,Female,44,10,106731.58,1,1,0,137419.87,0.7766766430746654,0.0909090909090909,0,440,1,0.7271426678455266,72.71426678455266,High,1
2025,702,Spain,Male,39,8,0.0,2,1,0,99654.13,0.0,0.2222222222222222,0,312,0,0.03136743273561583,3.1367432735615832,Low,0
2025,688,Germany,Female,46,0,74458.25,1,0,1,6866.31,10.842418647184996,1.0,1,0,0,0.42293993627051535,42.293993627051535,Moderate,0
2025,701,France,Male,29,2,0.0,2,1,0,176943.59,0.0,0.6666666666666666,0,58,0,0.016447286037936035,1.6447286037936035,Low,0
2025,621,France,Male,26,2,75237.54,1,0,1,44220.4,1.7013830407902055,0.3333333333333333,1,52,0,0.05000422022595378,5.0004220225953775,Low,0
2025,595,France,Female,39,7,120962.13,1,0,0,23305.01,5.190168973582352,0.125,0,273,0,0.20854068762104247,20.854068762104248,Low,0
2025,717,France,Male,38,7,97459.06,1,0,0,189175.71,0.5151747273752673,0.125,0,266,0,0.14095425295142353,14.095425295142352,Low,0
2025,503,Spain,Male,37,6,0.0,2,0,0,136506.86,0.0,0.2857142857142857,0,222,0,0.030033309450322655,3.0033309450322654,Low,0
2025,576,Germany,Male,46,4,137367.94,1,1,1,33450.11,4.106528602488826,0.2,1,184,0,0.4591324595655231,45.91324595655231,Moderate,0
2025,760,France,Female,51,2,100946.71,1,0,0,179614.8,0.5620146445914002,0.3333333333333333,0,102,1,0.7546342134533203,75.46342134533202,High,1
2025,841,Germany,Male,32,2,117070.21,1,1,0,113482.2,1.0316082909188322,0.3333333333333333,0,64,0,0.22488217049153325,22.488217049153324,Low,0
2025,694,France,Male,37,10,143835.47,1,0,1,33326.71,4.315792174139777,0.0909090909090909,1,370,0,0.08061704902581904,8.061704902581903,Low,0
2025,850,Spain,Male,39,6,206014.94,2,0,1,42774.84,4.816151827760717,0.2857142857142857,2,234,1,0.21108728583220376,21.108728583220376,Low,0
2025,689,Spain,Female,57,4,0.0,2,1,0,136649.8,0.0,0.4,0,228,1,0.6383238222533117,63.83238222533117,High,1
2025,521,Spain,Female,39,3,146408.68,1,0,0,72993.67,2.0057448030109595,0.25,0,117,0,0.22229231482615713,22.229231482615713,Low,0
2025,850,Spain,Male,36,0,0.0,2,1,0,141242.57,0.0,2.0,0,0,0,0.03657328551284824,3.657328551284824,Low,0
2025,656,Spain,Female,41,6,101179.23,2,1,1,35230.61,2.8718310063037142,0.2857142857142857,2,246,0,0.06765316872014103,6.765316872014103,Low,0
2025,665,France,Female,23,9,143672.9,1,1,1,115147.33,1.2477202231243822,0.1,1,207,0,0.06892706066551205,6.892706066551205,Low,0
2025,748,Spain,Female,40,4,0.0,2,1,0,132368.47,0.0,0.4,0,160,0,0.05526173373537723,5.526173373537723,Low,0
2025,850,France,Male,68,5,169445.4,1,1,1,186335.07,0.9093537284541848,0.1666666666666666,1,340,0,0.061013911678182715,6.101391167818272,Low,0
2025,753,France,Female,36,7,128518.98,1,1,1,44567.83,2.8836067718178824,0.125,1,252,1,0.09546115762398434,9.546115762398435,Low,0
2025,656,France,Male,50,7,0.0,2,0,1,72143.44,0.0,0.25,2,350,0,0.08226579188088076,8.226579188088076,Low,0
2025,687,Spain,Female,50,5,0.0,2,1,0,110230.4,0.0,0.3333333333333333,0,250,0,0.2630088071244813,26.300880712448134,Low,0
2025,636,Spain,Female,33,0,0.0,1,1,0,92277.47,0.0,1.0,0,0,1,0.21301857890878806,21.301857890878807,Low,0
2025,774,France,Male,53,4,113709.28,1,1,1,153887.93,0.7389048711950886,0.2,1,212,1,0.25220662779499925,25.220662779499925,Low,0
2025,577,Spain,Male,31,6,0.0,1,1,1,196395.25,0.0,0.1428571428571428,1,186,0,0.15188350818351373,15.188350818351374,Low,0
2025,531,France,Female,47,6,0.0,1,0,0,194998.34,0.0,0.1428571428571428,0,282,1,0.7698016086452921,76.98016086452921,High,1
2025,794,France,Male,56,9,96951.21,1,1,1,71776.76,1.3507137865544985,0.1,1,504,0,0.23081903723940733,23.081903723940734,Low,0
2025,713,Spain,Female,47,1,0.0,1,1,0,107825.08,0.0,0.5,0,47,1,0.7570342541499998,75.70342541499998,High,1
2025,569,Spain,Female,51,3,0.0,3,1,0,75084.96,0.0,0.75,0,153,1,0.9070127578098063,90.70127578098062,Very High,1
2025,827,France,Male,38,5,0.0,2,0,0,103305.01,0.0,0.3333333333333333,0,190,0,0.02580955317876217,2.5809553178762172,Low,0
2025,613,Germany,Male,38,9,126265.88,2,0,0,15859.95,7.960801843521352,0.2,0,342,0,0.1332291993201439,13.32291993201439,Low,0
2025,660,Germany,Male,24,5,85089.3,1,1,1,71638.0,1.1877510853026982,0.1666666666666666,1,120,0,0.0667563113788826,6.67563113788826,Low,0
2025,608,Spain,Female,28,4,0.0,2,1,0,10899.63,0.0,0.4,0,112,1,0.028019741893260536,2.8019741893260535,Low,0
2025,737,France,Male,45,10,0.0,2,1,0,1364.54,0.0,0.1818181818181818,0,450,0,0.11221541901324464,11.221541901324464,Low,0
2025,608,Germany,Female,38,8,103653.51,2,1,1,137079.86,0.7561486702082261,0.2222222222222222,2,304,0,0.13712375927833917,13.712375927833916,Low,0
2025,535,France,Male,38,8,85982.07,1,1,0,9238.35,9.306073479194966,0.1111111111111111,0,304,0,0.13141340361399442,13.141340361399442,Low,0
2025,807,Germany,Female,60,1,72948.58,2,1,1,17355.36,4.202988414621499,1.0,2,60,0,0.2226960684913553,22.269606849135528,Low,0
2025,655,Spain,Male,37,8,163708.58,2,0,0,76259.23,2.1467097594644025,0.2222222222222222,0,296,0,0.05544575434489977,5.5445754344899765,Low,0
2025,850,Germany,Male,43,5,129305.09,2,0,1,19244.58,6.718690213545135,0.3333333333333333,2,215,0,0.17111850058104372,17.111850058104373,Low,0
2025,588,Spain,Male,37,2,0.0,2,0,1,187816.59,0.0,0.6666666666666666,2,74,0,0.02838356570615575,2.8383565706155753,Low,0
2025,635,Spain,Female,29,8,138296.94,2,1,0,141075.51,0.9802974286789486,0.2222222222222222,0,232,0,0.06894066764788147,6.894066764788147,Low,0
2025,766,Germany,Female,28,3,62717.84,2,1,1,13182.43,4.7573233976286895,0.5,2,84,0,0.04312385852771272,4.312385852771272,Low,0
2025,799,Spain,Male,38,2,0.0,2,1,1,59297.34,0.0,0.6666666666666666,2,76,0,0.019269282122169575,1.9269282122169575,Low,0
2025,637,Germany,Female,27,7,135842.89,1,1,1,101418.05,1.339421834458122,0.125,1,189,0,0.15274256055223104,15.274256055223104,Low,0
2025,603,Spain,Female,42,6,0.0,1,1,1,90437.87,0.0,0.1428571428571428,1,252,0,0.2986183339223341,29.86183339223341,Low,0
2025,641,France,Male,41,6,0.0,2,1,0,65396.79,0.0,0.2857142857142857,0,246,0,0.03086949158322435,3.086949158322435,Low,0
2025,508,France,Female,43,9,0.0,1,1,0,103726.71,0.0,0.1,0,387,0,0.6379111694710744,63.79111694710744,High,1
2025,669,France,Male,37,1,125529.55,1,1,1,162260.93,0.773622931762244,0.5,1,37,0,0.07011501439908886,7.011501439908886,Low,0
2025,554,France,Male,44,7,85304.27,1,1,1,58076.52,1.4688001484911892,0.125,1,308,0,0.1729937110705609,17.299371107056093,Low,0
2025,646,Germany,Female,52,6,111739.4,2,0,1,68367.18,1.6343772790207376,0.2857142857142857,2,312,0,0.371887206915675,37.188720691567504,Moderate,0
2025,695,Germany,Male,40,7,139022.24,1,0,1,193383.13,0.7188916691354145,0.125,1,280,0,0.253520076748989,25.352007674898903,Low,0
2025,772,Germany,Male,34,7,111565.91,1,1,1,121073.23,0.9214670206864004,0.125,1,238,0,0.14044718322436253,14.044718322436253,Low,0
2025,762,France,Female,51,3,99286.98,1,0,1,85578.63,1.160170708847421,0.25,1,153,0,0.34108141512276274,34.108141512276276,Moderate,0
2025,745,France,Female,28,6,0.0,2,1,0,154389.18,0.0,0.2857142857142857,0,168,0,0.029835648732022022,2.9835648732022024,Low,0
2025,466,Germany,Female,47,5,102085.72,1,1,1,183536.24,0.5562125702663939,0.1666666666666666,1,235,1,0.6981969135725273,69.81969135725274,High,1
2025,642,France,Female,55,7,0.0,2,1,1,101515.76,0.0,0.25,2,385,0,0.10927153098216125,10.927153098216124,Low,0
2025,735,France,Male,41,7,74135.85,1,1,1,11783.1,6.291176245958538,0.125,1,287,1,0.11159545579471074,11.159545579471073,Low,0
2025,691,Spain,Male,30,9,0.0,2,0,1,10963.04,0.0,0.2,2,270,0,0.01628613913097458,1.628613913097458,Low,0
2025,705,France,Female,50,4,77065.9,2,0,1,145159.26,0.5309021904479917,0.4,2,200,0,0.22057226536399713,22.057226536399714,Low,0
2025,850,Germany,Female,34,3,129668.43,2,1,1,88743.99,1.461135214506193,0.5,2,102,0,0.04473942688396136,4.473942688396136,Low,0
2025,744,France,Female,43,10,147832.15,1,0,1,24234.11,6.099916608589769,0.0909090909090909,1,430,0,0.2516024135940957,25.160241359409568,Low,0
2025,420,Germany,Female,31,1,108377.75,2,1,1,9904.63,10.941025457239974,1.0,2,31,0,0.09590698324100182,9.590698324100181,Low,0
2025,702,France,Female,29,6,149218.39,1,1,1,9633.01,15.488710308583862,0.1428571428571428,1,174,0,0.07669381417360342,7.669381417360342,Low,0
2025,612,Germany,Female,47,6,130024.87,1,1,1,45750.21,2.8419984957774886,0.1428571428571428,1,282,1,0.6037997798436255,60.379977984362554,High,1
2025,670,France,Male,33,8,126679.69,1,1,1,39451.09,3.210975388122657,0.1111111111111111,1,264,0,0.055766598999593624,5.576659899959362,Low,0
2025,612,France,Female,43,4,139496.35,2,1,1,77128.23,1.808605505331766,0.4,2,172,0,0.10678380681233715,10.678380681233715,Low,0
2025,543,France,Female,31,4,138317.94,1,0,0,61843.73,2.2365355948679864,0.2,0,124,0,0.11489542548049883,11.489542548049883,Low,0
2025,584,France,Male,38,9,104584.16,1,1,0,176678.72,0.5919420746195432,0.1,0,342,0,0.12172541511998403,12.172541511998404,Low,0
2025,553,France,Female,27,3,0.0,2,0,0,159800.16,0.0,0.5,0,81,0,0.030429152636006446,3.0429152636006447,Low,0
2025,611,France,Female,61,3,131583.59,4,0,1,66238.23,1.9864903320887035,1.0,4,183,1,0.9401978567433061,94.01978567433062,Very High,1
2025,661,France,Male,51,6,146606.6,1,1,1,68021.9,2.1552535984205323,0.1428571428571428,1,306,0,0.21932870088287948,21.93287008828795,Low,0
2025,850,France,Male,31,3,0.0,2,1,0,121866.87,0.0,0.5,0,93,0,0.01854425649845854,1.854425649845854,Low,0
2025,842,France,Female,37,4,132446.08,2,1,0,87071.18,1.5211067415562582,0.4,0,148,1,0.06306382114152555,6.306382114152555,Low,0
2025,511,France,Male,27,8,0.0,2,1,1,49089.36,0.0,0.2222222222222222,2,216,0,0.01579205761623025,1.5792057616230248,Low,0
2025,516,Spain,Female,31,3,0.0,2,1,0,124202.26,0.0,0.5,0,93,0,0.02931616423532276,2.931616423532276,Low,0
2025,493,Spain,Female,48,7,0.0,2,1,0,48545.1,0.0,0.25,0,336,0,0.23187416784076995,23.187416784076994,Low,0
2025,850,Spain,Male,37,4,137204.77,1,1,1,28865.59,4.75306470213489,0.2,1,148,0,0.08214445171391156,8.214445171391157,Low,0
2025,567,Spain,Male,29,8,0.0,2,1,0,156125.72,0.0,0.2222222222222222,0,232,0,0.020848888713971094,2.0848888713971094,Low,0
2025,679,France,Male,34,7,160515.37,1,1,0,121904.14,1.3167235606308314,0.125,0,238,0,0.08802927085061607,8.802927085061608,Low,0
2025,572,Germany,Female,19,1,138657.08,1,1,1,16161.82,8.578767814032451,0.5,1,19,0,0.16809532149770195,16.809532149770195,Low,0
2025,606,Spain,Male,36,0,94153.56,1,0,1,120138.27,0.78370344684132,1.0,1,0,0,0.0809111530805231,8.09111530805231,Low,0
2025,797,France,Male,24,5,0.0,2,1,0,182257.61,0.0,0.3333333333333333,0,120,0,0.02311413841646619,2.311413841646619,Low,0
2025,675,Germany,Male,36,7,89409.95,1,1,1,149399.7,0.5984573700123225,0.125,1,252,0,0.14053955862116607,14.053955862116608,Low,0
2025,591,Germany,Female,44,10,113581.98,1,1,0,1985.41,57.17952487150185,0.0909090909090909,0,440,0,0.6955523689877093,69.55523689877093,High,1
2025,671,France,Male,45,2,106376.85,1,0,1,158264.62,0.6721412395187282,0.3333333333333333,1,90,0,0.18178796374006767,18.178796374006765,Low,0
2025,731,France,Male,37,8,0.0,2,1,1,170338.35,0.0,0.2222222222222222,2,296,0,0.018619235014797744,1.8619235014797744,Low,0
2025,701,France,Male,43,2,0.0,2,1,1,165303.79,0.0,0.6666666666666666,2,86,0,0.03426608891552602,3.4266088915526023,Low,0
2025,662,Spain,Female,72,7,140301.72,1,0,1,179258.67,0.7826730909412027,0.125,1,504,0,0.07888719160703579,7.888719160703579,Low,0
2025,496,Germany,Female,59,7,91680.1,2,1,0,163141.18,0.5619644165598376,0.25,0,413,1,0.8870616407927461,88.7061640792746,Very High,1
2025,811,Germany,Male,52,10,76915.4,1,0,0,146359.81,0.525519092166817,0.0909090909090909,0,520,1,0.7560288330968061,75.6028833096806,High,1
2025,638,Germany,Male,42,8,145177.84,1,1,0,193471.74,0.7503787872131237,0.1111111111111111,0,336,1,0.392746060777051,39.2746060777051,Moderate,0
2025,495,Germany,Female,34,9,117160.32,1,1,1,116069.24,1.009391554631058,0.1,1,306,1,0.17565414289113673,17.565414289113672,Low,0
2025,622,France,Male,40,4,99799.76,2,1,0,197372.13,0.5056400534358451,0.4,0,160,0,0.044810241095317484,4.481024109531749,Low,0
2025,607,Germany,Male,29,7,102609.0,1,1,0,163257.44,0.6285065568432481,0.125,0,203,0,0.1938187927852642,19.38187927852642,Low,0
2025,786,Germany,Male,24,2,120135.55,2,1,1,125449.47,0.9576333193490626,0.6666666666666666,2,48,0,0.05216662057513652,5.216662057513652,Low,0
2025,798,Germany,Female,49,5,132571.67,1,1,1,31686.33,4.183743786554437,0.1666666666666666,1,245,1,0.6240572397905474,62.40572397905474,High,1
2025,559,France,Male,49,2,147069.78,1,1,0,120540.83,1.2200725673403163,0.3333333333333333,0,98,1,0.5143044289512223,51.43044289512223,Moderate,1
2025,816,Germany,Female,34,2,108410.87,2,1,0,102908.91,1.0534541328429885,0.6666666666666666,0,68,0,0.10921016183385457,10.921016183385458,Low,0
2025,682,France,Male,40,4,0.0,2,1,1,140745.91,0.0,0.4,2,160,0,0.022805260456724097,2.28052604567241,Low,0
2025,533,France,Male,47,9,83347.25,1,1,1,137696.25,0.6052934971468202,0.1,1,423,0,0.2605240137012937,26.05240137012937,Low,0
2025,651,Germany,Male,40,1,134760.21,2,0,0,174434.06,0.77255231832408,1.0,0,40,1,0.11454638876315998,11.454638876315999,Low,0
2025,395,Germany,Female,34,5,106011.59,1,1,1,17376.57,6.10048412982943,0.1666666666666666,1,170,1,0.1869399957575109,18.693999575751093,Low,0
2025,543,Germany,Male,30,6,73481.05,1,1,1,176692.65,0.4158669539058138,0.1428571428571428,1,180,0,0.08321158255830066,8.321158255830067,Low,0
2025,731,Germany,Male,35,2,127862.93,2,1,0,139083.7,0.9193170061121028,0.6666666666666666,0,70,0,0.09844153245648925,9.844153245648926,Low,0
2025,739,Germany,Male,40,5,149131.03,3,1,1,60036.99,2.483944415860691,0.5,3,200,1,0.858177995322655,85.81779953226551,Very High,1
2025,595,Spain,Female,30,5,100683.54,1,1,1,178361.04,0.5644897311109471,0.1666666666666666,1,150,0,0.10933339369855968,10.933339369855968,Low,0
2025,664,Spain,Female,53,7,187602.18,1,1,0,186392.99,1.0064819150016586,0.125,0,371,1,0.9103969500088741,91.0396950008874,Very High,1
2025,639,France,Female,27,2,0.0,2,0,0,125244.18,0.0,0.6666666666666666,0,54,0,0.027792736589256146,2.7792736589256144,Low,0
2025,683,France,Female,38,5,127616.56,1,1,0,123846.07,1.0304366506208018,0.1666666666666666,0,190,0,0.1803055749932898,18.03055749932898,Low,0
2025,769,France,Female,73,1,0.0,1,1,1,29792.11,0.0,0.5,1,73,0,0.13002771398112103,13.002771398112104,Low,0
2025,593,France,Female,32,3,0.0,2,1,1,151978.36,0.0,0.5,2,96,0,0.0250529906916892,2.50529906916892,Low,0
2025,624,France,Female,45,3,68639.57,1,1,0,168002.31,0.4085608194267125,0.25,0,135,1,0.6049297290301474,60.49297290301474,High,1
2025,612,Spain,Female,62,0,167026.61,2,1,1,192892.05,0.8659026854518604,2.0,2,0,0,0.17259882328929832,17.259882328929834,Low,0
2025,548,France,Female,29,4,0.0,2,0,1,48673.18,0.0,0.4,2,116,0,0.02238743689410102,2.238743689410102,Low,0
2025,525,Spain,Female,25,10,0.0,2,1,0,69361.95,0.0,0.1818181818181818,0,250,0,0.028522680405933688,2.8522680405933687,Low,0
2025,805,France,Female,31,4,0.0,2,1,0,4798.12,0.0,0.4,0,124,0,0.024110528887513968,2.4110528887513967,Low,0
2025,465,Spain,Female,33,6,0.0,2,1,1,95500.98,0.0,0.2857142857142857,2,198,0,0.02168964187004107,2.1689641870041068,Low,0
2025,706,Germany,Female,46,4,105214.58,1,1,0,108699.59,0.9679301648684704,0.2,0,184,1,0.7445627032852675,74.45627032852676,High,1
2025,649,Germany,Male,70,9,116854.71,2,0,1,107125.79,1.0908075374983233,0.2,2,630,0,0.08416323957849692,8.416323957849691,Low,0
2025,507,France,Male,36,4,83543.37,1,0,0,140134.43,0.5961616559067182,0.2,0,144,0,0.1087331902071725,10.873319020717249,Low,0
2025,561,France,Female,27,9,135637.0,1,1,0,153080.4,0.8860449407962039,0.1,0,243,1,0.13205048125633168,13.205048125633168,Low,0
2025,648,France,Female,39,6,130694.89,2,1,1,153955.38,0.8489085674786585,0.2857142857142857,2,234,1,0.07738504865114025,7.738504865114025,Low,0
2025,579,France,Female,29,10,73194.52,2,1,1,129209.09,0.5664768130724157,0.1818181818181818,2,290,0,0.042356684476630865,4.235668447663087,Low,0
2025,650,Germany,Female,46,9,149003.76,2,1,0,176902.83,0.8422867950343417,0.2,0,414,0,0.47350122317664434,47.350122317664436,Moderate,0
2025,501,Germany,Male,24,4,130806.42,2,1,0,80241.14,1.630146204974095,0.4,0,96,0,0.081543948837094,8.154394883709399,Low,0
2025,535,France,Female,38,8,0.0,2,1,0,136620.64,0.0,0.2222222222222222,0,304,0,0.045074595864618906,4.5074595864618905,Low,0
2025,718,France,Male,35,8,0.0,2,1,0,94820.85,0.0,0.2222222222222222,0,280,0,0.022715207276589194,2.2715207276589195,Low,0
2025,505,France,Male,34,10,104498.79,1,0,1,126451.14,0.8263900476496483,0.0909090909090909,1,340,0,0.05499520753979234,5.499520753979234,Low,0
2025,631,France,Male,33,7,0.0,1,1,1,58043.02,0.0,0.125,1,231,1,0.10270069727207169,10.270069727207169,Low,0
2025,473,France,Female,25,6,110666.42,2,0,0,46758.42,2.366719262129428,0.2857142857142857,0,150,0,0.05067606560757563,5.067606560757563,Low,0
2025,611,Spain,Male,34,4,0.0,2,1,0,170950.58,0.0,0.4,0,136,0,0.020649512112019406,2.0649512112019406,Low,0
2025,477,France,Female,57,9,114023.64,2,1,1,71167.17,1.6021718698120242,0.2,2,513,1,0.20054614887938227,20.05461488793823,Low,0
2025,695,France,Male,36,4,161533.0,1,1,0,100940.91,1.6002570191112888,0.2,0,144,0,0.10025962666625549,10.02596266662555,Low,0
2025,581,Spain,Female,50,4,0.0,2,1,1,80701.72,0.0,0.4,2,200,0,0.1287922857116339,12.87922857116339,Low,0
2025,610,Spain,Female,50,5,130554.51,3,1,0,184758.17,0.7066199204077394,0.5,0,250,1,0.9457813024259233,94.57813024259232,Very High,1
2025,636,France,Female,48,1,170833.46,1,1,0,110510.28,1.5458463606611017,0.5,0,48,1,0.6969477884705086,69.69477884705087,High,1
2025,687,Germany,Male,35,1,125141.24,2,1,1,148537.07,0.842485970095074,1.0,2,35,0,0.06865210938710722,6.865210938710723,Low,0
2025,477,France,Male,22,5,82559.42,2,0,0,163112.9,0.5061458281605675,0.3333333333333333,0,110,1,0.02383294309951775,2.383294309951775,Low,0
2025,494,Germany,Male,37,5,107106.33,2,1,0,172063.09,0.6224792750189769,0.3333333333333333,0,185,0,0.12833592747547498,12.833592747547499,Low,0
2025,704,Spain,Female,44,9,153656.85,1,1,0,158742.81,0.9679549079740496,0.1,0,396,0,0.5025364541999566,50.253645419995664,Moderate,1
2025,484,France,Female,29,4,130114.39,1,1,0,164017.89,0.7932890534742675,0.2,0,116,0,0.12744210629116684,12.744210629116685,Low,0
2025,537,Germany,Male,39,3,135309.36,1,1,0,31728.86,4.2644171767540096,0.25,0,117,1,0.3545545187933461,35.45545187933461,Moderate,0
2025,548,France,Female,37,9,0.0,2,0,0,98029.58,0.0,0.2,0,333,0,0.039357764429635754,3.9357764429635753,Low,0
2025,748,Spain,Male,60,3,0.0,2,1,1,78194.37,0.0,0.5,2,180,0,0.05943580182458576,5.943580182458576,Low,0
2025,695,Spain,Male,44,8,0.0,2,1,1,70974.13,0.0,0.2222222222222222,2,352,0,0.03540001596114923,3.540001596114923,Low,0
2025,702,Germany,Female,23,7,98775.23,1,1,0,114603.96,0.8618756989226295,0.125,0,161,0,0.22645941140880754,22.645941140880755,Low,0
2025,585,France,Male,40,7,0.0,2,0,0,146156.98,0.0,0.25,0,280,0,0.03181466846190516,3.181466846190516,Low,0
2025,706,Germany,Male,38,5,163034.82,2,1,1,135662.17,1.201761834107223,0.3333333333333333,2,190,0,0.0472020510676858,4.720205106768581,Low,0
2025,850,France,Female,39,7,79259.99,1,0,1,186910.74,0.4240503566014634,0.125,1,273,0,0.1431044961273874,14.31044961273874,Low,0
2025,712,France,Female,42,1,87842.98,1,0,0,92223.59,0.9524897860754924,0.5,0,42,0,0.3271309741525737,32.71309741525737,Moderate,0
2025,518,France,Female,38,10,84764.79,1,1,1,162253.9,0.5224174431712078,0.0909090909090909,1,380,0,0.17078543427862655,17.078543427862655,Low,0
2025,569,France,Female,35,4,93934.63,1,1,0,184748.23,0.5084439594146075,0.2,0,140,0,0.20317711165173125,20.317711165173126,Low,0
2025,721,Spain,Female,32,10,0.0,1,1,0,136119.96,0.0,0.0909090909090909,0,320,1,0.19910537195010403,19.910537195010402,Low,0
2025,605,France,Male,39,3,0.0,2,1,0,199390.45,0.0,0.5,0,117,0,0.03435291839443733,3.4352918394437335,Low,0
2025,738,Spain,Male,49,3,0.0,3,1,1,65066.48,0.0,0.75,3,147,1,0.8358559462084854,83.58559462084854,Very High,1
2025,662,France,Female,22,2,126362.57,2,1,1,97382.8,1.2975727995826822,0.6666666666666666,2,44,0,0.03760857103413698,3.7608571034136977,Low,0
2025,841,France,Male,27,8,0.0,1,1,0,171922.72,0.0,0.1111111111111111,0,216,0,0.1413382382348785,14.133823823487852,Low,0
2025,703,France,Female,45,7,0.0,2,1,1,68831.72,0.0,0.25,2,315,0,0.07920576197907095,7.920576197907095,Low,0
2025,651,France,Male,44,2,0.0,3,1,0,102530.35,0.0,1.0,0,88,1,0.799148541503176,79.91485415031761,High,1
2025,565,Germany,Male,33,8,130368.31,2,1,0,105642.43,1.234040867472781,0.2222222222222222,0,264,0,0.07952691865812928,7.952691865812928,Low,0
2025,565,France,Female,44,1,0.0,2,0,1,89602.81,0.0,1.0,2,44,0,0.07897975625680984,7.897975625680983,Low,0
2025,521,France,Male,38,6,0.0,2,1,0,51454.06,0.0,0.2857142857142857,0,228,0,0.028993180889834564,2.899318088983456,Low,0
2025,714,France,Male,40,9,46520.69,1,1,1,96687.25,0.4811410900497216,0.1,1,360,0,0.1606864120385715,16.06864120385715,Low,0
2025,636,Germany,Female,28,2,115265.14,1,0,0,191627.85,0.6015020180938309,0.3333333333333333,0,56,0,0.2609522621715101,26.09522621715101,Low,0
2025,456,Germany,Male,32,9,133060.63,1,1,1,125167.92,1.0630484788076786,0.1,1,288,0,0.1395869685267364,13.958696852673642,Low,0
2025,686,France,Female,39,3,111695.62,1,0,0,136643.84,0.8174155716381241,0.25,0,117,0,0.21170823951259557,21.170823951259557,Low,0
2025,548,Germany,Male,32,2,98986.28,1,1,1,55867.38,1.7717764502926343,0.3333333333333333,1,64,0,0.1331373358387282,13.31373358387282,Low,0
2025,554,France,Female,44,9,135814.7,2,0,0,115091.38,1.180049452448546,0.2,0,396,0,0.20520828392899995,20.520828392899997,Low,0
2025,649,France,Female,41,2,125785.23,1,1,1,70523.92,1.7835572163711777,0.3333333333333333,1,82,0,0.1518425166539345,15.18425166539345,Low,0
2025,750,France,Female,38,1,0.0,2,1,0,47764.99,0.0,1.0,0,38,0,0.04533771065982962,4.533771065982962,Low,0
2025,724,Spain,Female,41,4,142880.28,3,0,0,185541.2,0.7700689115468071,0.6,0,164,1,0.9235451901574017,92.35451901574017,Very High,1
2025,595,France,Male,46,10,0.0,1,1,0,73489.15,0.0,0.0909090909090909,0,460,1,0.550465934172873,55.046593417287305,Moderate,1
2025,691,Spain,Male,21,3,103000.94,1,1,1,104648.58,0.9842460906197616,0.25,1,63,0,0.05940230462536835,5.940230462536835,Low,0
2025,807,France,Male,47,1,95120.59,1,0,0,127875.1,0.7438496325740306,0.5,0,47,0,0.501891266418891,50.189126641889104,Moderate,1
2025,470,Spain,Male,30,4,125385.01,1,1,0,68293.93,1.835934380487688,0.2,0,120,0,0.11578101596490596,11.578101596490596,Low,0
2025,662,France,Male,74,6,0.0,2,1,0,123583.85,0.0,0.2857142857142857,0,444,0,0.05203454798653841,5.203454798653841,Low,0
2025,519,France,Male,39,2,112957.26,2,1,0,97593.16,1.157418230762988,0.6666666666666666,0,78,0,0.0629840723836375,6.29840723836375,Low,0
2025,755,France,Male,31,5,0.0,2,0,1,194660.78,0.0,0.3333333333333333,2,155,0,0.0192347194579204,1.92347194579204,Low,0
2025,593,France,Male,41,6,0.0,2,1,1,99136.49,0.0,0.2857142857142857,2,246,0,0.025898958567356245,2.5898958567356245,Low,0
2025,713,Germany,Male,47,1,95994.98,1,1,0,197529.23,0.4859761465371654,0.5,0,47,0,0.7912162920455825,79.12162920455825,High,1
2025,619,Germany,Female,28,6,99152.73,2,1,0,48475.12,2.045393278174904,0.2857142857142857,0,168,0,0.0893393517865622,8.93393517865622,Low,0
2025,584,Spain,Female,48,2,213146.2,1,1,0,75161.25,2.8358145212523573,0.3333333333333333,0,96,1,0.7918139257671049,79.18139257671048,High,1
2025,641,Spain,Female,36,1,0.0,2,1,0,102021.39,0.0,1.0,0,36,0,0.042772234076889806,4.277223407688981,Low,0
2025,602,Germany,Female,42,6,158414.85,1,1,1,131886.46,1.2011365599125194,0.1428571428571428,1,252,0,0.28702868935858206,28.702868935858206,Low,0
2025,539,France,Male,39,1,0.0,1,1,1,28184.7,0.0,0.5,1,39,0,0.1781739867823503,17.81739867823503,Low,0
2025,713,France,Female,32,1,117094.02,1,0,0,149558.83,0.7829242651586326,0.5,0,32,1,0.0776947377143512,7.76947377143512,Low,0
2025,850,Germany,Male,22,7,91560.58,2,0,0,10541.38,8.685000920095842,0.25,0,154,0,0.06615577302977003,6.6155773029770035,Low,0
2025,642,Germany,Female,56,6,103244.86,2,1,0,143049.72,0.7217360387979872,0.2857142857142857,0,336,1,0.8749341798016684,87.49341798016684,Very High,1
2025,626,France,Male,33,8,0.0,2,1,0,138504.28,0.0,0.2222222222222222,0,264,0,0.01864399288128798,1.864399288128798,Low,0
2025,663,France,Male,46,3,0.0,2,0,1,176276.1,0.0,0.5,2,138,0,0.05752321137456189,5.752321137456189,Low,0
2025,639,Spain,Female,27,2,0.0,1,1,1,82938.99,0.0,0.3333333333333333,1,54,0,0.13253699834263852,13.253699834263852,Low,0
2025,615,Spain,Male,41,4,0.0,1,0,1,149278.96,0.0,0.2,1,164,0,0.189212425897534,18.9212425897534,Low,0
2025,832,France,Male,61,2,0.0,1,0,1,127804.66,0.0,0.3333333333333333,1,122,1,0.3110764825833743,31.107648258337427,Moderate,0
2025,587,France,Male,55,9,0.0,1,1,0,64593.07,0.0,0.1,0,495,0,0.8686149062017438,86.86149062017438,Very High,1
2025,614,France,Male,44,6,0.0,2,0,1,104930.46,0.0,0.2857142857142857,2,264,0,0.04295378117424104,4.295378117424105,Low,0
2025,439,France,Female,66,9,0.0,1,1,0,65535.56,0.0,0.1,0,594,0,0.8901318312831279,89.01318312831279,Very High,1
2025,645,France,Male,44,10,0.0,2,0,1,166707.22,0.0,0.1818181818181818,2,440,0,0.03930902305770387,3.930902305770387,Low,0
2025,848,Germany,Female,40,5,148495.64,1,0,0,158853.98,0.9347874394620804,0.1666666666666666,0,200,0,0.4865480553939501,48.65480553939501,Moderate,0
2025,712,France,Male,34,1,0.0,2,1,1,195052.12,0.0,1.0,2,34,0,0.013574822798283218,1.3574822798283217,Low,0
2025,503,France,Male,38,1,0.0,2,1,1,95153.24,0.0,1.0,2,38,0,0.02331093141596844,2.331093141596844,Low,0
2025,655,Spain,Female,78,2,0.0,2,0,1,188435.38,0.0,0.6666666666666666,2,156,0,0.027242901848873114,2.7242901848873116,Low,0
2025,720,France,Male,33,2,0.0,2,0,1,141031.08,0.0,0.6666666666666666,2,66,0,0.015458499647848591,1.5458499647848591,Low,0
2025,538,Germany,Female,42,1,98548.62,2,0,1,94047.75,1.0478461436223234,1.0,2,42,0,0.18162024438756194,18.162024438756195,Low,0
2025,715,France,Male,34,4,124314.45,1,0,0,97782.92,1.2713179222105229,0.2,0,136,0,0.08631871651529191,8.631871651529192,Low,0
2025,779,France,Female,48,2,115290.27,1,0,0,98912.69,1.1655643420036197,0.3333333333333333,0,96,1,0.581308645326531,58.130864532653106,Moderate,1
2025,570,Spain,Male,34,10,0.0,2,0,1,183387.12,0.0,0.1818181818181818,2,340,0,0.020399445961014923,2.0399445961014924,Low,0
2025,598,France,Male,48,6,120682.53,1,1,0,30635.52,3.939172268913049,0.1428571428571428,0,288,1,0.4930102711408853,49.301027114088534,Moderate,0
2025,850,France,Female,34,2,0.0,2,0,0,51919.04,0.0,0.6666666666666666,0,68,0,0.02507675564035394,2.507675564035394,Low,0
2025,717,Spain,Female,22,6,101060.25,1,0,1,84699.56,1.1931473652594504,0.1428571428571428,1,132,0,0.07845053492974062,7.845053492974062,Low,0
2025,611,France,Female,53,7,0.0,2,0,1,156495.39,0.0,0.25,2,371,1,0.1600997226592411,16.009972265924112,Low,0
2025,731,France,Male,29,10,0.0,2,1,1,162452.65,0.0,0.1818181818181818,2,290,0,0.013657721626622892,1.3657721626622892,Low,0
2025,756,France,Male,67,4,0.0,3,1,1,93081.87,0.0,0.6,3,268,0,0.5906602923511058,59.066029235110584,Moderate,1
2025,605,Germany,Female,31,1,117992.59,1,1,1,183598.77,0.6426619706549741,0.5,1,31,0,0.13772989078037312,13.772989078037313,Low,0
2025,735,Germany,Male,28,5,160454.15,2,0,1,114957.22,1.3957605641423465,0.3333333333333333,2,140,0,0.0468412130086534,4.68412130086534,Low,0
2025,810,Germany,Male,35,3,96814.46,2,1,1,120511.03,0.8033592994823837,0.5,2,105,0,0.06556786508903845,6.556786508903844,Low,0
2025,727,Germany,Male,21,8,153344.72,1,1,1,163295.87,0.93905486369702,0.1111111111111111,1,168,0,0.10294530546985617,10.294530546985618,Low,0
2025,757,France,Female,71,0,88084.13,2,1,1,154337.47,0.5707205079848207,2.0,2,0,0,0.13720723183141606,13.720723183141606,Low,0
2025,741,France,Female,35,1,0.0,2,1,0,36557.55,0.0,1.0,0,35,0,0.040225353093734526,4.022535309373453,Low,0
2025,657,Spain,Male,75,7,126273.95,1,0,1,91673.6,1.3774147910108143,0.125,1,525,0,0.03136601168281833,3.1366011682818327,Low,0
2025,758,Spain,Female,40,5,93499.82,2,0,0,123218.81,0.7588050979789696,0.3333333333333333,0,200,0,0.1052258114363598,10.52258114363598,Low,0
2025,714,Spain,Male,29,9,0.0,2,1,0,129192.55,0.0,0.2,0,261,0,0.021570918553175195,2.1570918553175193,Low,0
2025,550,France,Male,31,5,142200.19,2,1,1,122221.71,1.1634514567710044,0.3333333333333333,2,155,0,0.030776151292406222,3.0776151292406224,Low,0
2025,778,Germany,Female,29,6,150358.97,1,1,0,62454.01,2.407476517896643,0.1428571428571428,0,174,1,0.2144034820204188,21.440348202041882,Low,0
2025,788,Germany,Female,49,4,137455.99,1,1,0,184178.29,0.7463162117738644,0.2,0,196,1,0.8242083158108238,82.42083158108238,Very High,1
2025,618,France,Female,35,10,0.0,2,1,0,180439.75,0.0,0.1818181818181818,0,350,0,0.04416109311749075,4.416109311749075,Low,0
2025,462,France,Male,39,4,140133.08,2,0,0,131304.45,1.0672297303729583,0.4,0,156,0,0.05898774709790708,5.8987747097907075,Low,0
2025,465,France,Male,33,8,0.0,2,1,0,177668.55,0.0,0.2222222222222222,0,264,0,0.026466328185133378,2.646632818513338,Low,0
2025,728,Spain,Male,42,8,0.0,2,0,1,41823.22,0.0,0.2222222222222222,2,336,0,0.026862272857363895,2.6862272857363894,Low,0
2025,794,Germany,Male,57,3,117056.46,1,1,0,93336.93,1.2541145919992014,0.25,0,171,1,0.9395613534902173,93.95613534902174,Very High,1
2025,730,France,Male,34,1,0.0,2,1,1,126592.01,0.0,1.0,2,34,0,0.012276183930784454,1.2276183930784454,Low,0
2025,633,France,Male,38,2,91902.56,2,1,1,107673.35,0.8535232392858652,0.6666666666666666,2,76,0,0.04477188526049856,4.477188526049856,Low,0
2025,850,France,Male,36,1,104077.19,2,0,1,68594.0,1.5172707923318027,1.0,2,36,0,0.034711516728526626,3.4711516728526624,Low,0
2025,704,France,Male,47,5,0.0,2,1,1,145338.61,0.0,0.3333333333333333,2,235,0,0.07765280639761543,7.765280639761543,Low,0
2025,698,France,Female,27,1,94920.71,1,1,1,40339.9,2.352964609118785,0.5,1,27,0,0.06939716040854053,6.939716040854053,Low,0
2025,635,Germany,Female,37,9,146748.07,1,0,1,11407.58,12.862956651923378,0.1,1,333,0,0.23796152696772058,23.796152696772058,Low,0
2025,674,France,Male,22,3,0.0,1,1,1,173940.59,0.0,0.25,1,66,0,0.09282179984095304,9.282179984095304,Low,0
2025,573,Spain,Male,50,0,159304.07,1,0,1,155915.24,1.0217285255211388,1.0,1,0,1,0.2606406611382622,26.064066113826218,Low,0
2025,799,France,Female,63,1,110314.21,2,1,0,37464.0,2.944460429734419,1.0,0,63,1,0.7788533599402135,77.88533599402136,High,1
2025,548,France,Female,46,1,0.0,1,1,1,104469.06,0.0,0.5,1,46,1,0.45367972440748416,45.36797244074842,Moderate,0
2025,673,France,Female,37,10,0.0,2,1,1,37411.35,0.0,0.1818181818181818,2,370,0,0.026996357917822934,2.6996357917822933,Low,0
2025,660,Germany,Male,28,2,170890.05,2,1,0,41758.9,4.092204483248283,0.6666666666666666,0,56,0,0.05638850729113054,5.638850729113054,Low,0
2025,558,Germany,Female,36,0,126606.63,2,1,1,172363.52,0.7345283704558224,2.0,2,0,0,0.1286502975627202,12.86502975627202,Low,0
2025,724,France,Female,32,6,0.0,2,1,1,150026.79,0.0,0.2857142857142857,2,192,0,0.023357268884010726,2.3357268884010725,Low,0
2025,689,France,Female,29,1,77556.79,2,1,1,122998.26,0.6305468016636848,1.0,2,29,0,0.03944785567213762,3.944785567213762,Low,0
2025,620,France,Female,70,3,87926.24,2,1,0,33350.26,2.636369360557892,0.5,0,210,1,0.6838483622976879,68.38483622976878,High,1
2025,664,France,Male,54,8,0.0,1,1,1,162719.69,0.0,0.1111111111111111,1,432,1,0.3381848922486621,33.81848922486621,Moderate,0
2025,702,Spain,Male,32,8,71667.74,1,1,1,126082.18,0.5684163422908591,0.1111111111111111,1,256,0,0.06385553603249802,6.385553603249802,Low,0
2025,750,Spain,Female,36,8,112940.07,1,0,1,9855.81,11.458075178480666,0.1111111111111111,1,288,0,0.10819701092425009,10.819701092425008,Low,0
2025,682,Germany,Male,32,2,105163.88,2,1,1,164170.46,0.6405734589922025,0.6666666666666666,2,64,0,0.05356081068006487,5.356081068006487,Low,0
2025,610,Spain,Male,42,6,0.0,2,1,0,158302.59,0.0,0.2857142857142857,0,252,1,0.03549217242462525,3.549217242462525,Low,0
2025,443,France,Male,44,2,0.0,1,1,0,159165.7,0.0,0.3333333333333333,0,88,0,0.4390212636668855,43.90212636668855,Moderate,0
2025,686,France,Female,47,5,113328.93,1,1,0,124170.9,0.9126777475419156,0.1666666666666666,0,235,0,0.5906933715087234,59.069337150872336,Moderate,1
2025,850,France,Female,28,1,105245.34,1,0,1,74780.13,1.4073783051954416,0.5,1,28,0,0.05196509389660591,5.196509389660591,Low,0
2025,438,France,Male,38,2,0.0,2,1,0,136859.55,0.0,0.6666666666666666,0,76,0,0.02829184378100681,2.8291843781006807,Low,0
2025,682,France,Female,48,7,0.0,2,1,0,65069.03,0.0,0.25,0,336,0,0.20945822338486605,20.945822338486604,Low,0
2025,568,Germany,Male,43,5,87612.64,4,1,1,107155.4,0.8176146268445003,0.6666666666666666,4,215,1,0.9719284118199727,97.19284118199727,Very High,1
2025,703,Spain,Female,45,1,0.0,1,1,0,182784.11,0.0,0.5,0,45,1,0.6932785106932599,69.32785106932599,High,1
2025,709,Spain,Male,23,10,0.0,2,0,0,129590.18,0.0,0.1818181818181818,0,230,0,0.021045232602672083,2.104523260267208,Low,0
2025,553,France,Male,38,3,99844.68,1,0,0,187915.7,0.5313241452196638,0.25,0,114,0,0.15206806790307176,15.206806790307176,Low,0
2025,791,France,Male,28,4,0.0,1,1,0,174435.48,0.0,0.2,0,112,0,0.1413382382348785,14.133823823487852,Low,0
2025,416,Spain,Male,35,8,0.0,1,0,0,119712.78,0.0,0.1111111111111111,0,280,0,0.21639965081557538,21.639965081557538,Low,0
2025,614,Germany,Male,43,8,140733.74,1,1,1,166588.76,0.8447922609408884,0.1111111111111111,1,344,0,0.35436603694616897,35.4366036946169,Moderate,0
2025,716,Spain,Male,42,8,0.0,2,1,0,180800.42,0.0,0.2222222222222222,0,336,0,0.04150343647058661,4.150343647058661,Low,0
2025,547,Spain,Female,44,5,0.0,3,0,0,5459.07,0.0,0.5,0,220,1,0.8168301114773429,81.68301114773429,Very High,1
2025,846,France,Female,41,5,0.0,3,1,0,3440.47,0.0,0.5,0,205,1,0.5313783920842007,53.13783920842007,Moderate,1
2025,631,Germany,Female,33,4,123246.7,1,0,0,112687.57,1.0936929983227224,0.2,0,132,0,0.2456378209869843,24.563782098698432,Low,0
2025,515,France,Male,33,2,0.0,2,1,1,136028.97,0.0,0.6666666666666666,2,66,0,0.015764535127454144,1.5764535127454145,Low,0
2025,607,Germany,Male,40,5,90594.55,1,0,1,181598.25,0.4988707277150098,0.1666666666666666,1,200,0,0.37723580009379154,37.723580009379155,Moderate,0
2025,739,Spain,Male,19,5,89750.21,1,1,0,193008.52,0.4650040578309298,0.1666666666666666,0,95,0,0.14710828139480528,14.710828139480528,Low,0
2025,680,Spain,Male,36,7,0.0,2,1,0,20109.21,0.0,0.25,0,252,0,0.02540166667919274,2.540166667919274,Low,0
2025,747,Germany,Male,37,9,135776.36,3,1,0,85470.45,1.5885580506707209,0.3,0,333,1,0.9312885977304209,93.1288597730421,Very High,1
2025,850,Germany,Male,42,8,119839.69,1,0,1,51016.02,2.349013917316221,0.1111111111111111,1,336,1,0.37038437483092346,37.038437483092345,Moderate,0
2025,640,Spain,Male,62,3,0.0,1,1,1,101663.47,0.0,0.25,1,186,0,0.27020444330326765,27.020444330326765,Low,0
2025,563,France,Female,34,6,139810.34,1,1,1,152417.79,0.9172775876255151,0.1428571428571428,1,204,0,0.09110808050246258,9.110808050246257,Low,0
2025,731,Spain,Female,33,5,137388.01,2,1,0,165000.68,0.832646128209119,0.3333333333333333,0,165,0,0.06696900552615759,6.696900552615759,Low,0
2025,497,France,Male,32,8,0.0,2,1,0,67364.42,0.0,0.2222222222222222,0,256,0,0.019489534385170787,1.9489534385170786,Low,0
2025,674,France,Male,36,2,154525.7,1,0,1,27468.72,5.6253103417144406,0.3333333333333333,1,72,0,0.07258184726082918,7.258184726082918,Low,0
2025,634,Germany,Male,37,3,111432.77,2,1,1,167032.49,0.6671283106160328,0.5,2,111,0,0.09942981586697144,9.942981586697144,Low,0
2025,516,Germany,Female,47,9,128298.74,1,0,0,149614.17,0.8575249421566008,0.1,0,423,1,0.8501420312989575,85.01420312989575,Very High,1
2025,689,France,Male,39,7,0.0,2,0,0,14917.09,0.0,0.25,0,273,0,0.029550965427528927,2.9550965427528926,Low,0
2025,750,France,Male,33,2,152302.72,1,1,0,71333.44,2.135051736580535,0.3333333333333333,0,66,0,0.09182161548124672,9.182161548124672,Low,0
