Year,CreditScore,Geography,Gender,Age,Tenure,Balance,NumOfProducts,HasCrCard,IsActiveMember,EstimatedSalary,BalanceSalaryRatio,ProductDensity,EngagementProductInteraction,AgeTenureInteraction
2025,753,France,Male,57,7,0.0,1,1,0,159475.08,0.0,0.125,0,399
2025,739,Germany,Male,32,3,102128.27,1,1,0,63981.37,1.596193920293981,0.25,0,96
2025,755,Germany,Female,37,0,113865.23,2,1,1,117396.25,0.9699139460251411,2.0,2,0
2025,561,France,Male,37,5,0.0,2,1,0,83093.25,0.0,0.3333333333333333,0,185
2025,692,Germany,Male,49,6,110540.43,2,0,1,107472.99,1.028531926654998,0.2857142857142857,2,294
2025,659,France,Female,38,9,0.0,2,1,1,132809.18,0.0,0.2,2,342
2025,782,France,Male,34,9,0.0,1,1,0,183021.06,0.0,0.1,0,306
2025,546,France,Male,24,8,156325.38,1,1,1,125381.02,1.2467926421986182,0.1111111111111111,1,192
2025,756,Germany,Male,41,2,124439.49,2,0,1,47093.11,2.6423578235155096,0.6666666666666666,2,82
2025,685,Spain,Male,34,6,83264.28,1,0,0,9663.28,8.61567338694657,0.14285714285714285,0,204
2025,531,France,Female,53,5,127642.44,1,1,0,141501.45,0.9020510952283864,0.16666666666666666,0,265
2025,560,France,Female,31,3,115141.18,1,1,0,39806.75,2.892431247684182,0.25,0,93
2025,733,Spain,Female,31,9,102289.85,1,1,1,115441.66,0.886066294730215,0.1,1,279
2025,674,Germany,Female,27,4,111568.01,1,0,1,22026.18,5.065015585290536,0.2,1,108
2025,644,Spain,Male,37,9,0.0,2,1,1,96442.86,0.0,0.2,2,333
2025,695,Spain,Male,32,9,0.0,3,0,1,38533.79,0.0,0.3,3,288
2025,750,Germany,Male,42,8,151836.36,2,1,0,68695.38,2.2102527090947146,0.2222222222222222,0,336
2025,754,Germany,Male,35,6,98585.94,2,0,1,106116.84,0.9290232443479816,0.2857142857142857,2,210
2025,744,Spain,Male,34,3,0.0,2,1,0,27244.35,0.0,0.5,0,102
2025,588,Spain,Female,22,9,67178.19,1,1,1,163534.75,0.41078595964490944,0.1,1,198
2025,696,France,Male,44,8,161889.79,1,0,0,75562.47,2.142434565273405,0.1111111111111111,0,352
2025,774,France,Female,52,2,56580.93,1,1,0,113266.28,0.49953464054226426,0.3333333333333333,0,104
2025,704,France,Male,31,0,0.0,2,1,0,183038.33,0.0,2.0,0,0
2025,723,France,Male,48,7,0.0,2,1,1,150694.58,0.0,0.25,2,336
2025,536,France,Male,46,1,65733.41,1,1,0,61094.53,1.0759119366015812,0.5,0,46
2025,691,Spain,Male,35,6,0.0,2,0,1,178038.17,0.0,0.2857142857142857,2,210
2025,611,Germany,Female,40,7,128486.91,2,1,0,10109.47,12.708302383568718,0.25,0,280
2025,691,Germany,Male,30,7,101231.77,2,0,0,156529.44,0.6467225799659159,0.25,0,210
2025,659,Germany,Male,34,9,134464.58,2,1,0,178833.34,0.7518946305278952,0.2,0,306
2025,711,France,Female,29,9,0.0,2,0,1,3234.8,0.0,0.2,2,261
2025,559,Spain,Male,24,3,114739.92,1,1,0,85891.02,1.3358624002555766,0.25,0,72
2025,716,France,Female,44,3,109528.28,1,1,0,27341.63,4.00576974490018,0.25,0,132
2025,583,France,Male,48,3,91246.53,1,1,0,60017.46,1.5203077519816404,0.25,0,144
2025,593,France,Female,41,6,0.0,1,1,0,65170.66,0.0,0.14285714285714285,0,246
2025,824,Germany,Male,60,8,134250.17,3,0,0,153046.16,0.8771817131399238,0.3333333333333333,0,480
2025,567,France,Female,48,3,0.0,1,1,0,55362.45,0.0,0.25,0,144
2025,552,France,Male,33,5,140931.57,1,0,1,10921.5,12.902867475394828,0.16666666666666666,1,165
2025,564,France,Female,27,6,0.0,1,0,0,7819.76,0.0,0.14285714285714285,0,162
2025,756,France,Female,42,9,0.0,2,1,0,35673.42,0.0,0.2,0,378
2025,733,Spain,Female,32,5,0.0,2,1,0,131625.14,0.0,0.3333333333333333,0,160
2025,772,France,Male,47,9,152347.01,1,0,1,17671.78,8.620432665375795,0.1,1,423
2025,628,Germany,Female,51,10,115280.49,2,0,0,12628.61,9.12779492003316,0.18181818181818182,0,510
2025,579,France,Female,45,2,0.0,2,0,0,11514.39,0.0,0.6666666666666666,0,90
2025,676,France,Female,34,1,63095.01,1,1,1,40645.81,1.5522745819413628,0.5,1,34
2025,411,France,Male,29,0,59697.17,2,1,1,53483.21,1.116164378234249,2.0,2,0
2025,547,Germany,Male,49,8,121537.71,2,1,0,46521.45,2.61245291251858,0.2222222222222222,0,392
2025,727,Germany,Female,31,3,82729.47,2,1,0,60212.51,1.3739353510532768,0.5,0,93
2025,722,Germany,Female,40,6,89175.06,2,0,1,152883.95,0.5832821347032523,0.2857142857142857,2,240
2025,500,Spain,Female,50,5,0.0,4,1,1,83866.35,0.0,0.6666666666666666,4,250
2025,687,France,Female,34,9,125474.44,1,1,0,198929.84,0.6307440314432896,0.1,0,306
2025,751,France,Female,48,4,0.0,1,0,1,30165.06,0.0,0.2,1,192
2025,564,France,Female,33,4,135946.26,1,1,0,63170.0,2.152035902550221,0.2,0,132
2025,545,Germany,Male,53,5,114421.55,1,1,0,180598.28,0.6335659256227378,0.16666666666666666,0,265
2025,561,Spain,Male,34,4,85141.79,2,1,1,29217.37,2.913981512315711,0.4,2,136
2025,571,Germany,Male,37,9,139592.98,3,1,0,104152.65,1.3402600869004593,0.3,0,333
2025,844,France,Male,18,2,160980.03,1,0,0,145936.28,1.1030768149166545,0.3333333333333333,0,36
2025,642,Spain,Female,36,6,0.0,2,1,1,97938.59,0.0,0.2857142857142857,2,216
2025,523,Spain,Male,32,4,0.0,2,1,0,167848.02,0.0,0.4,0,128
2025,575,France,Male,46,1,0.0,2,1,1,65998.26,0.0,1.0,2,46
2025,729,France,Female,36,8,109106.8,1,0,0,121311.12,0.8993891129756862,0.1111111111111111,0,288
2025,597,France,Female,60,0,131778.08,1,0,0,10703.53,12.310496584156425,1.0,0,0
2025,787,Spain,Male,39,10,108935.39,1,1,1,101168.3,1.0767633066552798,0.09090909090909091,1,390
2025,646,France,Female,46,4,0.0,3,1,0,93251.42,0.0,0.6,0,184
2025,544,France,Female,21,10,161525.96,2,1,0,9262.77,17.436309407509036,0.18181818181818182,0,210
2025,738,France,Male,35,5,161274.05,2,1,0,181429.87,0.8889008248706518,0.3333333333333333,0,175
2025,581,France,Male,54,4,89299.81,1,0,0,5558.47,16.062648058178205,0.2,0,216
2025,673,France,Male,65,0,0.0,1,1,1,85733.33,0.0,1.0,1,0
2025,667,France,Female,38,6,144432.04,1,1,1,73963.17,1.9527298149901502,0.14285714285714285,1,228
2025,721,France,Female,40,7,0.0,2,1,1,122580.48,0.0,0.25,2,280
2025,548,Spain,Male,33,6,0.0,1,1,1,31728.35,0.0,0.14285714285714285,1,198
2025,501,France,Female,29,8,0.0,2,1,0,112664.24,0.0,0.2222222222222222,0,232
2025,490,France,Male,39,1,0.0,3,1,0,171060.01,0.0,1.5,0,39
2025,706,Germany,Female,44,2,185932.18,2,1,0,65413.41,2.8423734158880283,0.6666666666666666,0,88
2025,717,Spain,Male,36,2,102989.83,2,0,1,49185.57,2.09386078354315,0.6666666666666666,2,72
2025,595,Spain,Male,23,7,0.0,2,1,1,168085.97,0.0,0.25,2,161
2025,730,Spain,Male,62,2,0.0,2,1,1,186489.95,0.0,0.6666666666666666,2,124
2025,657,France,Female,39,4,80293.81,1,1,0,97192.76,0.8261210390461281,0.2,0,156
2025,599,Spain,Male,25,3,0.0,2,1,1,120790.02,0.0,0.5,2,75
2025,619,France,Female,33,2,167733.51,2,1,1,65222.48,2.5716737285407034,0.6666666666666666,2,66
2025,639,France,Female,31,3,98360.03,1,0,0,20973.8,4.68943827831493,0.25,0,93
2025,504,France,Male,42,3,134936.97,2,0,0,135178.91,0.9982028394603902,0.5,0,126
2025,694,Spain,Male,38,7,121527.4,1,1,0,113481.02,1.0708956361545203,0.125,0,266
2025,451,Germany,Female,38,9,61482.47,1,1,1,167538.66,0.36697263203232,0.1,1,342
2025,667,Spain,Female,40,1,146502.07,1,1,0,19162.89,7.644693744328527,0.5,0,40
2025,762,Spain,Female,19,6,0.0,2,1,0,55500.17,0.0,0.2857142857142857,0,114
2025,640,France,Male,55,10,132436.34,1,1,0,978.66,135.18602372251598,0.09090909090909091,0,550
2025,556,France,Female,46,10,0.0,2,0,0,109184.24,0.0,0.18181818181818182,0,460
2025,841,France,Male,74,9,108131.53,1,0,1,60830.38,1.7775616795147504,0.1,1,666
2025,469,France,Female,48,5,0.0,1,1,0,160529.71,0.0,0.16666666666666666,0,240
2025,579,Germany,Male,41,0,141749.68,1,0,1,9201.53,15.403337995094825,1.0,1,0
2025,774,France,Male,40,9,93017.47,2,1,0,191608.97,0.48545214009479776,0.2,0,360
2025,642,France,Male,26,0,0.0,1,0,0,47472.68,0.0,1.0,0,0
2025,557,France,Male,42,6,177822.03,1,1,0,150944.31,1.1780560124723318,0.14285714285714285,0,252
2025,711,Germany,Female,45,1,97486.15,2,1,0,50610.62,1.9261614230091824,1.0,0,45
2025,642,France,Male,30,8,80964.57,2,1,0,174738.2,0.4633452024502802,0.2222222222222222,0,240
2025,634,Germany,Male,27,3,107027.52,1,1,0,173425.68,0.6171341110837156,0.25,0,81
2025,826,Spain,Female,29,4,129938.07,1,0,1,190200.53,0.6831599619624511,0.2,1,116
2025,430,France,Male,35,1,118894.22,1,0,0,2923.61,40.65301698346104,0.5,0,35
2025,733,France,Female,28,5,0.0,2,0,0,12761.16,0.0,0.3333333333333333,0,140
2025,632,France,Male,42,4,126115.6,1,1,0,100998.5,1.2486754884925173,0.2,0,168
2025,539,Spain,Male,38,6,0.0,1,1,1,152880.07,0.0,0.14285714285714285,1,228
2025,614,Spain,Female,41,7,179915.85,1,0,0,14666.35,12.266418269148824,0.125,0,287
2025,706,Spain,Male,20,8,0.0,2,1,1,12368.11,0.0,0.2222222222222222,2,160
2025,640,Germany,Female,30,5,32197.64,1,0,1,141446.01,0.22763040378159988,0.16666666666666666,1,150
2025,711,Germany,Male,43,2,39043.29,2,1,1,175423.69,0.22256439501189942,0.6666666666666666,2,86
2025,703,France,Female,41,6,109941.51,1,1,0,116267.28,0.9455847286981454,0.14285714285714285,0,246
2025,661,Germany,Female,47,0,109493.62,1,0,0,188324.01,0.5814077482326961,1.0,0,0
2025,663,France,Male,43,4,87624.03,2,1,0,149401.33,0.586497078057618,0.4,0,172
2025,568,France,Male,33,7,0.0,2,1,0,143450.61,0.0,0.25,0,231
2025,727,Germany,Male,39,5,80615.46,2,0,0,180962.32,0.4454795590620243,0.3333333333333333,0,195
2025,677,Spain,Female,34,10,171671.9,1,1,1,50777.77,3.380780983863926,0.09090909090909091,1,340
2025,557,France,Male,36,3,0.0,1,0,1,144078.02,0.0,0.25,1,108
2025,640,Spain,Male,39,3,0.0,1,1,1,105997.25,0.0,0.25,1,117
2025,551,France,Male,35,7,129717.3,2,0,0,86937.2,1.4920633277431556,0.25,0,245
2025,575,Spain,Male,52,8,123925.23,1,0,0,111342.66,1.1129976327345446,0.1111111111111111,0,416
2025,606,France,Male,40,6,119501.88,2,1,0,46774.94,2.554772389395061,0.2857142857142857,0,240
2025,711,Germany,Female,53,5,123805.03,1,1,0,102428.51,1.208685172856924,0.16666666666666666,0,265
2025,850,France,Male,28,8,67639.56,2,1,1,194245.29,0.3482154536902609,0.2222222222222222,2,224
2025,633,France,Male,31,1,0.0,1,1,0,48606.71,0.0,0.5,0,31
2025,646,Germany,Female,29,4,105957.44,1,1,0,15470.91,6.848374893597494,0.2,0,116
2025,626,France,Male,38,7,141074.59,1,1,0,52795.56,2.672041322389186,0.125,0,266
2025,716,France,Female,40,3,0.0,2,0,1,167636.15,0.0,0.5,2,120
2025,779,Germany,Female,37,2,128389.63,1,1,1,6589.16,19.482020163395124,0.3333333333333333,1,74
2025,635,Spain,Female,32,8,0.0,2,1,1,19367.98,0.0,0.2222222222222222,2,256
2025,775,Spain,Male,27,4,0.0,1,1,1,40807.26,0.0,0.2,1,108
2025,678,France,Male,26,5,111128.04,1,1,0,60941.27,1.823496893043203,0.16666666666666666,0,130
2025,839,France,Female,51,3,0.0,1,1,1,69101.23,0.0,0.25,1,153
2025,692,France,Female,31,2,0.0,2,1,0,91829.17,0.0,0.6666666666666666,0,62
2025,499,France,Female,21,3,176511.08,1,1,1,153920.22,1.1467624801830443,0.25,1,63
2025,530,France,Female,34,8,0.0,2,0,1,141872.52,0.0,0.2222222222222222,2,272
2025,548,France,Female,33,1,80107.83,2,0,1,82245.67,0.9739948134070352,1.0,2,33
2025,537,Germany,Female,41,3,138306.34,1,1,0,106761.47,1.2954584134293632,0.25,0,123
2025,678,Germany,Male,48,2,101099.9,2,0,1,193476.04,0.5225421062881672,0.6666666666666666,2,96
2025,533,Germany,Male,43,4,80442.06,2,0,1,12537.42,6.415645671464188,0.4,2,172
2025,723,France,Female,20,4,0.0,2,1,1,140385.33,0.0,0.4,2,80
2025,544,France,Male,38,8,0.0,1,1,1,98208.62,0.0,0.1111111111111111,1,304
2025,847,Spain,Male,31,5,0.0,2,1,1,76326.67,0.0,0.3333333333333333,2,155
2025,575,Germany,Male,47,9,107915.94,2,1,1,63452.18,1.700717599968985,0.2,2,423
2025,574,Spain,Male,34,5,0.0,2,0,0,28269.86,0.0,0.3333333333333333,0,170
2025,572,Spain,Male,31,5,98108.79,1,0,1,119996.95,0.817587217114959,0.16666666666666666,1,155
2025,718,France,Female,31,1,152663.77,1,0,1,17128.64,8.912257934200602,0.5,1,31
2025,637,Germany,Male,35,8,147127.81,2,1,1,84760.7,1.7357817268884415,0.2222222222222222,2,280
2025,704,Spain,Female,24,2,0.0,1,1,0,35600.25,0.0,0.3333333333333333,0,48
2025,645,Germany,Male,33,8,149564.61,1,0,0,149913.84,0.9976638069986933,0.1111111111111111,0,264
2025,597,Germany,Female,35,8,131101.04,1,1,1,192852.67,0.6797954117233029,0.1111111111111111,1,280
2025,598,France,Male,35,8,114212.6,1,1,1,74322.85,1.536688425047949,0.1111111111111111,1,280
2025,703,Spain,Male,31,6,0.0,2,1,1,67667.19,0.0,0.2857142857142857,2,186
2025,724,France,Male,34,2,154485.74,2,0,0,78560.64,1.9664271265212894,0.6666666666666666,0,68
2025,613,Spain,Male,37,3,171653.17,1,0,1,5353.12,32.060015464726234,0.25,1,111
2025,696,France,Female,30,8,0.0,2,1,1,196134.44,0.0,0.2222222222222222,2,240
2025,813,Spain,Male,27,1,137275.36,1,0,1,115733.16,1.1861265507089693,0.5,1,27
2025,714,France,Female,26,9,89928.99,1,1,0,46203.31,1.9463333615413803,0.1,0,234
2025,794,Spain,Female,37,9,0.0,2,1,0,68008.85,0.0,0.2,0,333
2025,687,Spain,Female,36,5,0.0,1,1,0,17696.22,0.0,0.16666666666666666,0,180
2025,598,France,Male,64,1,0.0,2,1,0,195635.3,0.0,1.0,0,64
2025,773,France,Male,41,4,0.0,2,1,1,24924.92,0.0,0.4,2,164
2025,545,Germany,Female,37,8,114754.08,1,1,0,136050.44,0.8434609732906906,0.1111111111111111,0,296
2025,632,Spain,Female,39,5,97854.37,2,1,0,93536.38,1.0461525648890315,0.3333333333333333,0,195
2025,826,Spain,Female,56,8,174506.1,2,0,1,161802.82,1.0785042034236274,0.2222222222222222,2,448
2025,535,Spain,Female,50,1,140292.58,3,0,0,69531.22,2.017662890671404,1.5,0,50
2025,572,Spain,Male,35,4,152390.26,1,1,0,128123.66,1.1893905513583412,0.2,0,140
2025,706,Spain,Male,30,6,87609.68,2,0,0,137674.55,0.636348865139816,0.2857142857142857,0,180
2025,694,France,Male,30,10,144684.03,1,1,1,31805.49,4.54888389130646,0.09090909090909091,1,300
2025,575,Spain,Male,30,2,0.0,2,1,1,82222.86,0.0,0.6666666666666666,2,60
2025,626,France,Female,44,10,81553.93,1,1,0,20063.63,4.0645618683225155,0.09090909090909091,0,440
2025,645,France,Female,37,1,0.0,2,1,1,68987.55,0.0,1.0,2,37
2025,758,France,Female,32,2,84378.9,1,1,1,75396.43,1.1191216995062034,0.3333333333333333,1,64
2025,559,France,Male,62,6,118756.62,1,1,1,20367.68,5.8303542497599254,0.14285714285714285,1,372
2025,696,Germany,Male,31,3,150604.52,1,0,0,5566.6,27.050168833967955,0.25,0,93
2025,480,Germany,Male,44,10,129608.57,1,1,0,5472.7,23.6784204468641,0.09090909090909091,0,440
2025,567,France,Male,36,1,0.0,2,0,0,8555.73,0.0,1.0,0,36
2025,720,Germany,Female,29,7,106230.92,1,1,1,69903.93,1.5196484711450253,0.125,1,203
2025,528,Germany,Female,62,7,133201.17,1,0,0,168507.68,0.7904706748637519,0.125,0,434
2025,687,Germany,Female,27,9,152328.88,2,0,0,126494.82,1.2042206612044573,0.2,0,243
2025,531,France,Female,37,1,0.0,1,1,0,4606.97,0.0,0.5,0,37
2025,548,France,Female,35,10,0.0,1,1,1,31299.71,0.0,0.09090909090909091,1,350
2025,738,France,Male,26,9,0.0,2,1,1,48644.94,0.0,0.2,2,234
2025,615,France,Male,30,8,0.0,2,0,0,3183.15,0.0,0.2222222222222222,0,240
2025,561,Spain,Male,28,6,123692.0,1,1,1,70548.96,1.7532540060972392,0.14285714285714285,1,168
2025,652,Germany,Male,45,2,151421.44,1,0,1,115333.43,1.3128901751194333,0.3333333333333333,1,90
2025,850,Spain,Female,57,8,126776.3,2,1,1,132298.49,0.9582523711920583,0.2222222222222222,2,456
2025,719,Spain,Male,40,4,128389.12,1,1,1,176091.31,0.7291012310531902,0.2,1,160
2025,476,France,Male,40,6,0.0,1,1,1,22735.45,0.0,0.14285714285714285,1,240
2025,669,Germany,Male,47,0,63723.78,2,1,1,181928.25,0.35026682075587073,2.0,2,0
2025,590,Spain,Male,34,0,65812.35,2,0,1,160346.3,0.4104362842405205,2.0,2,0
2025,500,France,Female,34,6,0.0,1,1,1,140268.45,0.0,0.14285714285714285,1,204
2025,619,France,Female,35,4,90413.12,1,1,1,20555.21,4.398336074597409,0.2,1,140
2025,497,France,Female,29,4,85646.81,1,0,0,63233.02,1.3544419601980073,0.2,0,116
2025,715,France,Female,32,10,0.0,2,1,0,60907.49,0.0,0.18181818181818182,0,320
2025,358,Spain,Female,52,8,143542.36,3,1,0,141959.11,1.0111457366439065,0.3333333333333333,0,416
2025,619,France,Male,44,3,116967.68,1,1,0,5075.17,23.04250645663955,0.25,0,132
2025,850,Germany,Male,56,1,169743.83,1,0,0,155850.4,1.0891389490245196,0.5,0,56
2025,525,Spain,Female,37,0,0.0,1,0,1,131521.72,0.0,1.0,1,0
2025,637,France,Male,27,9,128940.24,1,1,0,46786.92,2.7558446710176474,0.1,0,243
2025,684,Spain,Female,24,9,79263.9,1,0,1,196574.48,0.4032237387898022,0.1,1,216
2025,640,Germany,Female,31,10,118613.34,1,1,0,168469.65,0.7040593717659426,0.09090909090909091,0,310
2025,742,France,Female,28,2,191864.51,1,1,0,108457.99,1.7690051327234377,0.3333333333333333,0,56
2025,648,Spain,Female,54,7,118241.02,1,1,0,172586.89,0.6851061218721661,0.125,0,378
2025,644,Spain,Female,46,6,12459.19,1,0,0,156787.34,0.07946502909591364,0.14285714285714285,0,276
2025,777,Germany,Female,37,10,121532.17,2,1,1,73464.88,1.6542668514962318,0.18181818181818182,2,370
2025,427,France,Male,33,8,0.0,1,1,1,13858.95,0.0,0.1111111111111111,1,264
2025,651,Germany,Male,35,8,110067.71,1,1,0,127678.95,0.8620594697914591,0.1111111111111111,0,280
2025,764,Spain,Female,48,1,75990.97,1,1,0,158323.81,0.4799688058997197,0.5,0,48
2025,576,Germany,Male,29,7,130575.26,1,0,1,173629.78,0.7520282982084167,0.125,1,203
2025,611,France,Male,40,1,0.0,2,1,1,102547.56,0.0,1.0,2,40
2025,710,France,Female,37,5,0.0,2,1,0,115403.31,0.0,0.3333333333333333,0,185
2025,700,Germany,Female,39,5,144550.83,2,1,1,189664.43,0.7621358831706969,0.3333333333333333,2,195
2025,725,France,Male,35,7,75915.75,1,1,0,150507.43,0.504395335198168,0.125,0,245
2025,580,Spain,Male,61,8,125921.37,1,1,1,94677.83,1.32998443263399,0.1111111111111111,1,488
2025,731,Germany,Female,49,4,88826.07,1,1,1,33759.41,2.631072016009284,0.2,1,196
2025,683,France,Male,72,3,140997.26,1,0,1,52876.41,2.666493309713921,0.25,1,216
2025,581,Spain,Female,24,10,159203.71,1,1,1,102517.83,1.552921643760468,0.09090909090909091,1,240
2025,644,France,Male,33,9,141234.98,1,1,0,95673.05,1.4762099022671247,0.1,0,297
2025,590,France,Male,24,7,126431.54,1,1,0,58781.11,2.1508506584741514,0.125,0,168
2025,558,Germany,Male,25,10,111363.1,2,1,0,197264.35,0.5645345216481252,0.18181818181818182,0,250
2025,589,Germany,Female,20,2,121093.29,2,1,0,3529.72,34.29705272578964,0.6666666666666666,0,40
2025,768,Germany,Male,48,3,122831.58,1,1,1,24533.89,5.006404349071873,0.25,1,144
2025,751,Germany,Male,36,5,73194.99,1,1,1,89222.66,0.820354040621064,0.16666666666666666,1,180
2025,606,Spain,Male,38,7,128578.52,1,1,1,193878.51,0.6631877705900948,0.125,1,266
2025,690,France,Male,54,5,0.0,1,1,0,12847.61,0.0,0.16666666666666666,0,270
2025,646,France,Female,42,3,175159.9,2,0,0,67124.48,2.6094398133167913,0.5,0,126
2025,674,Germany,Female,36,6,100762.64,1,1,0,182156.86,0.5531610878608259,0.14285714285714285,0,216
2025,525,Spain,Female,60,7,0.0,2,0,1,168034.9,0.0,0.25,2,420
2025,727,France,Male,52,4,0.0,2,1,1,118429.02,0.0,0.4,2,208
2025,658,Spain,Male,35,9,71829.34,1,1,1,68141.92,1.0540983568065472,0.1,1,315
2025,845,France,Female,28,9,0.0,2,1,1,56185.98,0.0,0.2,2,252
2025,646,Germany,Male,24,0,92398.08,1,1,1,18897.29,4.889229660461343,1.0,1,0
2025,691,Germany,Female,41,8,109153.96,3,1,1,148848.76,0.7333163318503167,0.3333333333333333,3,328
2025,553,Spain,Male,47,3,116528.15,1,0,0,145704.19,0.7997529120273615,0.25,0,141
2025,731,France,Male,31,1,132512.26,1,1,1,185466.85,0.7144756355346763,0.5,1,31
2025,647,Germany,Male,37,3,116509.99,1,1,1,149517.71,0.7792335153239351,0.25,1,111
2025,674,France,Female,28,3,0.0,1,1,0,51536.99,0.0,0.25,0,84
2025,758,Germany,Female,23,5,122739.1,1,1,0,102460.84,1.197900603776001,0.16666666666666666,0,115
2025,613,France,Male,26,4,100446.57,1,0,1,149653.81,0.6711883834538964,0.2,1,104
2025,765,Germany,Male,34,5,86055.17,2,1,1,104220.5,0.8256949861592857,0.3333333333333333,2,170
2025,550,France,Male,25,0,0.0,2,1,1,184221.11,0.0,2.0,2,0
2025,717,France,Male,38,7,0.0,2,1,1,158580.05,0.0,0.25,2,266
2025,689,Germany,Female,28,2,64808.32,2,0,0,78591.15,0.8246156899893947,0.6666666666666666,0,56
2025,630,Spain,Male,41,7,107511.52,1,0,1,46156.87,2.3292131980960127,0.125,1,287
2025,554,France,Female,44,6,92436.86,1,1,0,126033.9,0.7334227265622459,0.14285714285714285,0,264
2025,811,Germany,Female,28,4,167738.82,2,1,1,9903.42,16.93575393612145,0.4,2,112
2025,592,Spain,Male,45,8,84692.5,1,0,1,67214.02,1.2600234292870849,0.1111111111111111,1,360
2025,765,Germany,Male,37,7,102708.77,1,1,0,9087.81,11.300574002537187,0.125,0,259
2025,637,France,Male,40,8,125470.81,1,1,1,174536.17,0.7188773027544791,0.1111111111111111,1,320
2025,581,France,Male,25,5,77886.53,2,1,0,150319.49,0.5181364829239181,0.3333333333333333,0,125
2025,668,France,Male,72,2,0.0,2,1,1,70783.61,0.0,0.6666666666666666,2,144
2025,802,Spain,Male,41,5,0.0,2,1,1,134626.3,0.0,0.3333333333333333,2,205
2025,684,Germany,Male,18,9,90544.0,1,0,1,4777.23,18.94927619641583,0.1,1,162
2025,804,France,Male,25,7,108396.67,1,1,0,128276.95,0.8450140495697039,0.125,0,175
2025,705,Spain,Female,39,8,144102.32,1,1,1,11682.36,12.33397926623848,0.1111111111111111,1,312
2025,785,Germany,Female,38,9,107199.75,1,0,0,146398.51,0.7322411803154258,0.1,0,342
2025,700,France,Female,26,2,0.0,2,0,0,50051.42,0.0,0.6666666666666666,0,52
2025,627,France,Female,32,1,0.0,1,1,0,106851.7,0.0,0.5,0,32
2025,745,Spain,Male,34,9,0.0,2,1,0,50046.25,0.0,0.2,0,306
2025,651,France,Male,35,2,86911.8,1,1,0,174094.24,0.4992198523061286,0.3333333333333333,0,70
2025,692,Spain,Female,44,8,0.0,1,0,1,159069.37,0.0,0.1111111111111111,1,352
2025,739,Germany,Male,54,8,126418.14,1,1,0,134420.75,0.9404589659039553,0.1111111111111111,0,432
2025,775,Germany,Female,38,4,125212.65,2,1,1,15795.88,7.926416482242063,0.4,2,152
2025,573,France,Female,37,6,0.0,2,1,0,193995.37,0.0,0.2857142857142857,0,222
2025,850,Germany,Female,36,0,136980.23,2,1,1,99019.65,1.3833501395920953,2.0,2,0
2025,447,France,Male,43,2,0.0,2,1,0,33879.26,0.0,0.6666666666666666,0,86
2025,701,Spain,Female,33,7,123870.07,1,1,0,97794.71,1.2666206932798996,0.125,0,231
2025,685,Spain,Male,39,9,0.0,2,1,1,18826.06,0.0,0.2,2,351
2025,675,Spain,Male,32,10,0.0,2,1,0,191545.65,0.0,0.18181818181818182,0,320
2025,526,France,Male,30,9,0.0,2,0,0,100995.68,0.0,0.2,0,270
2025,597,Spain,Male,24,0,108058.07,2,1,1,187826.11,0.5753060354280062,2.0,2,0
2025,648,Spain,Female,28,9,102282.61,1,1,1,157891.11,0.6478006405766571,0.1,1,252
2025,673,Germany,Female,77,10,76510.52,2,0,1,59595.66,1.2838055018519494,0.18181818181818182,2,770
2025,546,France,Female,20,6,0.0,1,0,1,20508.85,0.0,0.14285714285714285,1,120
2025,624,France,Male,51,10,123401.43,2,1,1,127825.25,0.9653841053774166,0.18181818181818182,2,510
2025,604,Spain,Male,23,9,124577.33,1,1,1,7267.25,17.139934647267225,0.1,1,207
2025,465,Germany,Male,53,1,117438.17,1,0,0,74898.8,1.5679370305394673,0.5,0,53
2025,522,Spain,Male,30,3,0.0,2,1,0,145490.85,0.0,0.5,0,90
2025,850,France,Female,43,3,0.0,2,0,0,2465.8,0.0,0.5,0,129
2025,439,France,Female,29,6,156569.43,1,1,0,180598.66,0.8669419975652224,0.14285714285714285,0,174
2025,642,Spain,Male,34,8,0.0,1,1,0,72085.1,0.0,0.1111111111111111,0,272
2025,767,Spain,Male,77,8,149083.7,1,1,1,190146.83,0.7840410274469082,0.1111111111111111,1,616
2025,683,Germany,Female,57,5,162448.69,1,0,0,9221.78,17.613852872994908,0.16666666666666666,0,285
2025,850,Spain,Female,29,10,0.0,2,1,1,94815.04,0.0,0.18181818181818182,2,290
2025,580,Spain,Female,65,1,0.0,2,0,1,103182.46,0.0,1.0,2,65
2025,747,France,Female,47,5,139914.6,4,0,1,129964.56,1.0765513571441543,0.6666666666666666,4,235
2025,706,Spain,Female,42,8,95386.82,1,1,1,75732.25,1.2595104528063963,0.1111111111111111,1,336
2025,638,Spain,Female,55,2,155828.22,1,0,1,108987.25,1.4297708239190923,0.3333333333333333,1,110
2025,564,France,Male,31,0,110527.17,1,1,1,87060.77,1.269525878005926,1.0,1,0
2025,655,Germany,Female,40,0,81954.6,1,1,1,198798.44,0.41224764013419757,1.0,1,0
2025,779,France,Female,42,5,0.0,2,0,0,25951.91,0.0,0.3333333333333333,0,210
2025,837,France,Female,38,2,0.0,2,1,1,46395.21,0.0,0.6666666666666666,2,76
2025,588,Germany,Male,41,2,131341.46,2,0,1,7034.94,18.667222858637224,0.6666666666666666,2,82
2025,595,France,Female,33,9,0.0,2,1,1,41447.86,0.0,0.2,2,297
2025,641,France,Female,35,4,0.0,2,0,0,125986.18,0.0,0.4,0,140
2025,690,France,Female,42,3,92578.14,2,0,0,70810.6,1.307386642866423,0.5,0,126
2025,688,Germany,Female,40,8,150679.71,2,0,1,196226.38,0.767883207735842,0.2222222222222222,2,320
2025,677,Germany,Male,34,3,126729.41,1,1,1,26106.39,4.854158535188696,0.25,1,102
2025,659,France,Female,32,2,155584.21,1,0,1,153662.88,1.0124969511377688,0.3333333333333333,1,64
2025,631,Spain,Male,33,2,0.0,2,1,1,158268.84,0.0,0.6666666666666666,2,66
2025,683,Spain,Female,24,8,98567.1,1,1,0,187987.01,0.5243265248671977,0.1111111111111111,0,192
2025,566,France,Female,21,3,0.0,2,1,1,3626.47,0.0,0.5,2,63
2025,710,Spain,Male,62,3,131078.42,2,1,0,119348.76,1.0982713329293667,0.5,0,186
2025,549,Germany,Female,43,3,134985.66,1,1,0,6101.41,22.120057485485244,0.25,0,129
2025,659,France,Male,43,1,106086.42,2,1,0,26900.63,3.9434941302813247,1.0,0,43
2025,563,Spain,Male,32,6,0.0,2,1,1,19720.08,0.0,0.2857142857142857,2,192
2025,730,France,Male,39,1,116537.6,1,0,0,145679.6,0.7999527733960459,0.5,0,39
2025,741,Germany,Female,36,0,127675.39,2,1,0,74260.16,1.719275459742347,2.0,0,0
2025,518,France,Male,46,3,0.0,2,1,0,76515.79,0.0,0.5,0,138
2025,568,Germany,Male,40,1,99282.63,1,0,0,134600.94,0.7376017760219504,0.5,0,40
2025,775,Germany,Female,77,6,135120.56,1,1,0,37836.64,3.571062042981539,0.14285714285714285,0,462
2025,640,France,Female,29,3,0.0,2,1,0,2743.69,0.0,0.5,0,87
2025,759,France,Male,44,2,111095.58,2,1,0,100137.7,1.1094170385675068,0.6666666666666666,0,88
2025,542,France,Female,29,7,0.0,2,0,1,196651.72,0.0,0.25,2,203
2025,797,France,Male,29,1,0.0,1,0,1,149991.32,0.0,0.5,1,29
2025,590,Spain,Male,37,6,169902.92,1,1,1,128256.18,1.3247049404953393,0.14285714285714285,1,222
2025,693,Germany,Male,25,6,146580.69,1,0,1,14633.35,10.016207757775371,0.14285714285714285,1,150
2025,676,France,Male,20,1,80569.73,1,0,0,68621.98,1.174092556167045,0.5,0,20
2025,700,France,Female,42,8,0.0,2,1,1,105305.72,0.0,0.2222222222222222,2,336
2025,708,France,Male,34,3,0.0,1,0,1,121457.88,0.0,0.25,1,102
2025,615,France,Female,61,1,104267.7,1,1,0,62845.64,1.6590815356238615,0.5,0,61
2025,770,France,Male,36,2,89800.14,1,1,1,105922.69,0.8477814547435045,0.3333333333333333,1,72
2025,567,France,Female,35,5,166118.45,2,1,0,127827.18,1.2995448265006981,0.3333333333333333,0,175
2025,778,Germany,Female,29,7,123229.46,1,1,0,181221.09,0.6799913851561915,0.125,0,203
2025,713,France,Male,43,5,86394.14,1,1,1,130001.13,0.6645594191418248,0.16666666666666666,1,215
2025,696,Germany,Male,43,4,114091.38,1,0,1,159888.1,0.7135657152363732,0.2,1,172
2025,583,Spain,Male,47,5,102562.23,1,1,0,92708.1,1.1062800739086023,0.16666666666666666,0,235
2025,624,Spain,Female,36,0,0.0,2,1,0,111605.9,0.0,2.0,0,0
2025,786,France,Male,37,7,165896.22,2,1,1,66977.68,2.4768511412885417,0.25,2,259
2025,623,France,Male,27,4,120509.81,1,0,0,142170.44,0.8476372610420208,0.2,0,108
2025,523,France,Male,34,2,161588.89,1,1,1,51358.66,3.146221957076819,0.3333333333333333,1,68
2025,588,France,Female,36,2,0.0,2,1,0,92536.0,0.0,0.6666666666666666,0,72
2025,665,Spain,Male,29,1,182781.74,2,1,1,63732.9,2.8678888315323556,1.0,2,29
2025,611,Spain,Male,52,7,0.0,1,0,1,73585.18,0.0,0.125,1,364
2025,653,France,Male,51,3,0.0,1,1,0,170426.65,0.0,0.25,0,153
2025,411,France,Female,54,9,0.0,1,0,1,76621.49,0.0,0.1,1,486
2025,617,France,Female,35,5,0.0,2,0,1,13066.3,0.0,0.3333333333333333,2,175
2025,612,France,Male,24,1,182705.05,1,1,1,171837.06,1.0632397153459483,0.5,1,24
2025,681,France,Male,29,8,0.0,1,1,0,66367.33,0.0,0.1111111111111111,0,232
2025,806,France,Female,67,1,0.0,2,0,1,103945.58,0.0,1.0,2,67
2025,731,Spain,Female,37,1,128932.4,1,1,1,180712.52,0.7134629440010908,0.5,1,37
2025,637,Germany,Female,39,3,109698.41,1,1,1,88391.29,1.2410404798880084,0.25,1,117
2025,657,Spain,Male,41,8,109402.13,1,1,1,66463.62,1.6460205444641076,0.1111111111111111,1,328
2025,637,France,Male,32,3,0.0,2,1,1,197827.06,0.0,0.5,2,96
2025,737,Germany,Female,40,2,162485.8,2,1,0,149381.32,1.0877177433045624,0.6666666666666666,0,80
2025,630,France,Female,28,1,0.0,2,1,1,133267.78,0.0,1.0,2,28
2025,559,France,Female,46,5,0.0,1,1,0,21006.1,0.0,0.16666666666666666,0,230
2025,769,France,Male,48,2,96542.16,2,0,1,197885.72,0.48786578503095107,0.6666666666666666,2,96
2025,633,France,Female,26,8,124281.84,1,1,1,60116.57,2.067313099980588,0.1111111111111111,1,208
2025,606,Spain,Female,53,1,109330.06,1,1,1,75860.01,1.4411890904168032,0.5,1,53
2025,814,France,Male,31,1,118870.92,1,1,0,101704.19,1.168779292384194,0.5,0,31
2025,538,Spain,Female,42,9,0.0,1,0,0,152855.96,0.0,0.1,0,378
2025,821,Germany,Male,45,0,135827.33,2,1,1,131778.58,1.0307160639000368,2.0,2,0
2025,570,France,Female,46,3,0.0,2,0,0,820.46,0.0,0.5,0,138
2025,714,France,Male,34,5,141173.03,1,0,1,98896.06,1.4274744871081102,0.16666666666666666,1,170
2025,655,Spain,Male,38,9,0.0,1,0,1,90490.33,0.0,0.1,1,342
2025,482,France,Female,35,2,133111.73,1,0,1,79957.95,1.66475085028005,0.3333333333333333,1,70
2025,623,France,Female,35,0,130557.24,1,1,1,47880.71,2.726662017709894,1.0,1,0
2025,452,France,Female,35,8,0.0,2,1,1,149614.81,0.0,0.2222222222222222,2,280
2025,594,France,Male,50,7,81310.34,1,1,1,183868.01,0.44221883829145536,0.125,1,350
2025,798,Germany,Female,38,4,129055.13,1,1,0,157147.59,0.8212299582197969,0.2,0,152
2025,683,France,Female,33,9,0.0,2,1,1,38784.42,0.0,0.2,2,297
2025,725,Germany,Male,40,8,104149.66,1,1,0,62027.9,1.6790505715884048,0.1111111111111111,0,320
2025,758,Spain,Male,56,1,0.0,2,1,1,10643.38,0.0,1.0,2,56
2025,638,Germany,Female,41,9,144326.09,1,1,0,73979.85,1.9508574178317766,0.1,0,369
2025,725,France,Female,31,6,0.0,1,0,0,61326.43,0.0,0.14285714285714285,0,186
2025,712,France,Male,33,2,182888.08,1,1,0,3061.0,59.72830829523187,0.3333333333333333,0,66
2025,645,France,Male,39,8,0.0,2,0,0,96864.36,0.0,0.2222222222222222,0,312
2025,687,Spain,Female,39,2,0.0,3,0,0,188150.6,0.0,1.0,0,78
2025,664,France,Male,57,6,0.0,2,1,1,15304.08,0.0,0.2857142857142857,2,342
2025,811,Germany,Female,34,1,149297.19,2,1,1,186339.74,0.8012053080823872,1.0,2,34
2025,775,Germany,Male,33,3,83501.66,2,1,0,128841.31,0.648091919494458,0.5,0,99
2025,784,France,Male,38,5,136712.91,1,0,1,169920.92,0.8045631193432842,0.16666666666666666,1,190
2025,762,Spain,Female,60,10,168920.75,1,1,0,31445.03,5.371767119728627,0.09090909090909091,0,600
2025,650,France,Female,27,6,0.0,2,1,0,1002.39,0.0,0.2857142857142857,0,162
2025,610,Germany,Male,36,7,115462.02,1,0,1,42581.04,2.711519222658191,0.125,1,252
2025,582,Spain,Male,33,6,0.0,2,0,1,72970.93,0.0,0.2857142857142857,2,198
2025,536,Spain,Female,28,4,0.0,1,1,1,136197.65,0.0,0.2,1,112
2025,472,France,Male,29,8,102490.27,1,0,1,181224.56,0.5655398167896405,0.1111111111111111,1,232
2025,548,France,Male,57,6,76165.65,1,1,1,133537.53,0.5703645981425735,0.14285714285714285,1,342
2025,726,France,Female,38,4,0.0,2,0,0,6787.48,0.0,0.4,0,152
2025,486,France,Male,26,2,0.0,2,1,1,31399.4,0.0,0.6666666666666666,2,52
2025,647,Germany,Male,30,6,143138.91,2,1,0,2955.46,48.415642356060964,0.2857142857142857,0,180
2025,741,France,Male,39,5,0.0,1,0,1,40207.06,0.0,0.16666666666666666,1,195
2025,373,France,Male,42,7,0.0,1,1,0,77786.37,0.0,0.125,0,294
2025,850,Germany,Male,36,5,119984.07,1,1,0,191535.11,0.6264305461774284,0.16666666666666666,0,180
2025,563,France,Female,35,2,183572.84,1,1,1,66006.75,2.781080100442751,0.3333333333333333,1,70
2025,542,France,Male,38,8,65942.26,1,1,1,68093.23,0.9683971755022415,0.1111111111111111,1,304
2025,742,Spain,Male,24,8,0.0,2,1,0,4070.28,0.0,0.2222222222222222,0,192
2025,743,Germany,Male,65,2,131935.51,1,1,1,96399.67,1.3686161102407277,0.3333333333333333,1,130
2025,694,Germany,Male,33,4,124067.32,1,1,1,77906.87,1.592487639567094,0.2,1,132
2025,413,France,Male,34,9,0.0,2,0,0,6534.18,0.0,0.2,0,306
2025,760,Spain,Female,57,1,0.0,2,1,1,25101.17,0.0,1.0,2,57
2025,541,France,Male,36,5,0.0,2,1,0,124795.84,0.0,0.3333333333333333,0,180
2025,494,Germany,Female,38,7,174937.64,1,1,0,40084.32,4.364132305791746,0.125,0,266
2025,462,France,Male,27,4,176913.52,1,1,0,80587.27,2.1952763100634867,0.2,0,108
2025,850,France,Male,38,5,0.0,2,1,0,16491.64,0.0,0.3333333333333333,0,190
2025,606,France,Male,32,5,83161.65,1,1,1,116885.59,0.7114729756424581,0.16666666666666666,1,160
2025,534,Spain,Male,34,5,170600.78,1,0,1,5240.53,32.547897274269154,0.16666666666666666,1,170
2025,646,France,Male,50,0,104129.24,2,1,0,181794.86,0.5727811403405997,2.0,0,0
2025,730,France,Female,35,0,155470.55,1,1,1,53718.28,2.8941294447729007,1.0,1,0
2025,566,France,Female,42,6,0.0,1,1,0,180702.12,0.0,0.14285714285714285,0,252
2025,677,France,Female,37,3,0.0,2,1,1,38252.25,0.0,0.5,2,111
2025,776,Spain,Male,39,2,104349.45,1,0,0,79503.05,1.3125048346593664,0.3333333333333333,0,78
2025,636,Germany,Female,48,3,120568.41,1,1,0,190160.04,0.6340331857671793,0.25,0,144
2025,516,France,Female,47,6,109387.33,1,0,0,121365.45,0.9012979287109412,0.14285714285714285,0,282
2025,592,Spain,Male,31,7,110071.1,1,0,0,43921.36,2.506037926923781,0.125,0,217
2025,700,France,Male,26,4,119009.57,1,1,0,141926.43,0.8385240964343539,0.2,0,104
2025,579,France,Female,26,10,162482.76,1,1,1,18458.2,8.802264453497443,0.09090909090909091,1,260
2025,522,Germany,Male,25,1,111432.13,1,1,1,168683.57,0.6605946827264639,0.5,1,25
2025,543,France,Female,42,5,0.0,2,0,0,101905.34,0.0,0.3333333333333333,0,210
2025,632,France,Male,40,5,147650.68,1,1,1,199674.83,0.739451940678048,0.16666666666666666,1,200
2025,652,Spain,Female,75,10,0.0,2,1,1,114675.75,0.0,0.18181818181818182,2,750
2025,724,Germany,Female,35,0,171982.95,2,0,1,167313.07,1.0279048857038742,2.0,2,0
2025,715,France,Male,32,8,175307.32,1,1,0,187051.23,0.9372105320529993,0.1111111111111111,0,256
2025,739,Germany,Male,58,1,110597.76,1,0,1,160122.66,0.6907021735576117,0.5,1,58
2025,640,Spain,Female,46,3,0.0,1,1,1,156260.08,0.0,0.25,1,138
2025,637,Germany,Male,41,2,138014.4,2,1,0,140298.24,0.9837145233288506,0.6666666666666666,0,82
2025,569,France,Male,35,10,124525.52,1,1,1,193793.78,0.6425638502750177,0.09090909090909091,1,350
2025,774,Germany,Male,42,2,132193.94,2,1,1,162865.52,0.8116704403090335,0.6666666666666666,2,84
2025,767,Germany,Female,35,6,132253.22,1,1,0,115566.57,1.144380036717913,0.14285714285714285,0,210
2025,722,France,Male,40,6,0.0,2,1,1,111893.09,0.0,0.2857142857142857,2,240
2025,686,France,Male,35,4,0.0,1,1,0,8816.37,0.0,0.2,0,140
2025,780,Spain,Female,33,6,145580.61,1,1,1,154598.56,0.9416625118467348,0.14285714285714285,1,198
2025,591,France,Male,33,9,131765.72,1,1,0,118782.06,1.1092972348077244,0.1,0,297
2025,850,France,Female,62,1,124678.35,1,1,0,70916.0,1.7580883286095013,0.5,0,62
2025,808,Germany,Male,39,3,124216.93,1,0,1,171442.36,0.7245362550057348,0.25,1,117
2025,623,France,Male,48,5,118469.38,1,1,1,158590.25,0.7470108218454675,0.16666666666666666,1,240
2025,510,France,Female,52,6,191665.21,1,1,1,131312.56,1.459599526507392,0.14285714285714285,1,312
2025,714,Spain,Female,31,6,152926.6,1,1,1,50899.91,3.004398153196082,0.14285714285714285,1,186
2025,704,France,Male,23,6,166594.78,1,1,1,155823.2,1.0691200724919492,0.14285714285714285,1,138
2025,772,Germany,Male,30,6,99785.28,2,0,0,197238.03,0.5059104174260034,0.2857142857142857,0,180
2025,501,France,Female,34,5,0.0,1,1,0,27380.99,0.0,0.16666666666666666,0,170
2025,777,Germany,Female,46,0,107362.8,1,1,0,487.3,219.8705713700594,1.0,0,0
2025,487,Spain,Female,31,1,0.0,2,1,0,158750.13,0.0,1.0,0,31
2025,623,France,Female,24,5,0.0,2,1,0,116160.04,0.0,0.3333333333333333,0,120
2025,648,Spain,Male,42,2,98795.61,2,1,0,89123.99,1.1085062674340833,0.6666666666666666,0,84
2025,621,France,Male,47,0,0.0,1,1,1,133831.37,0.0,1.0,1,0
2025,553,France,Male,37,2,0.0,2,1,0,33877.29,0.0,0.6666666666666666,0,74
2025,596,France,Male,42,7,0.0,2,1,1,121568.37,0.0,0.25,2,294
2025,660,Germany,Female,29,6,180520.29,1,1,1,123850.58,1.4575533876919455,0.14285714285714285,1,174
2025,432,France,Male,42,9,152603.45,1,1,0,110265.24,1.3839544179614722,0.1,0,378
2025,785,Spain,Female,61,4,129855.72,2,1,0,170214.82,0.7628886668700947,0.4,0,244
2025,769,Germany,Female,34,7,137239.17,1,1,1,71379.92,1.9226310055964537,0.125,1,238
2025,672,France,Female,45,9,0.0,1,1,1,92027.69,0.0,0.1,1,405
2025,477,Germany,Female,24,2,95675.62,2,0,0,162699.7,0.5880467631669685,0.6666666666666666,0,48
2025,710,Spain,Female,27,2,135277.96,1,1,0,142200.15,0.951314106812779,0.3333333333333333,0,54
2025,850,France,Male,40,6,97339.99,1,0,1,88815.25,1.095970500893699,0.14285714285714285,1,240
2025,520,Germany,Male,61,8,133802.29,2,1,1,90304.01,1.4816707290104947,0.2222222222222222,2,488
2025,623,France,Female,24,7,148167.83,2,1,1,109470.34,1.3534851222246844,0.25,2,168
2025,565,France,Male,36,6,106192.1,1,1,0,149575.59,0.7099513366363013,0.14285714285714285,0,216
2025,771,Spain,Female,41,5,0.0,2,0,1,92914.67,0.0,0.3333333333333333,2,205
2025,710,Spain,Male,23,6,0.0,2,1,1,134188.11,0.0,0.2857142857142857,2,138
2025,723,France,Male,30,3,124119.54,1,1,0,162198.32,0.7652284855448221,0.25,0,90
2025,601,France,Female,40,3,92055.36,1,0,1,164652.02,0.5590869818239593,0.25,1,120
2025,710,France,Male,47,5,158623.14,1,0,0,83499.89,1.8996580755007524,0.16666666666666666,0,235
2025,555,France,Male,40,10,139930.18,1,1,1,105720.09,1.3235786729024455,0.09090909090909091,1,400
2025,601,France,Male,40,10,127847.86,1,0,0,173245.68,0.7379527272903585,0.09090909090909091,0,400
2025,742,France,Male,32,6,160485.16,1,1,0,29023.03,5.529389268134026,0.14285714285714285,0,192
2025,765,Spain,Male,45,2,91549.78,1,1,1,47139.44,1.9420646052518813,0.3333333333333333,1,90
2025,689,Germany,Male,45,0,130170.82,2,1,0,150856.38,0.8628733973770458,2.0,0,0
2025,592,France,Male,60,9,0.0,4,1,1,13614.01,0.0,0.4,4,540
2025,677,France,Female,24,0,148298.59,2,0,0,182913.95,0.8107516088761471,2.0,0,0
2025,809,Germany,Male,50,10,118098.62,1,1,1,100720.02,1.1725320097036347,0.09090909090909091,1,500
2025,649,Spain,Male,32,1,0.0,1,0,1,91167.19,0.0,0.5,1,32
2025,554,Spain,Male,66,8,0.0,2,1,1,116747.62,0.0,0.2222222222222222,2,528
2025,543,France,Male,30,4,140916.81,1,1,0,157711.18,0.8935061959069998,0.2,0,120
2025,546,Spain,Female,45,2,0.0,1,0,0,197789.83,0.0,0.3333333333333333,0,90
2025,774,Germany,Male,36,9,130809.77,1,1,0,152290.28,0.8589445830385036,0.1,0,324
2025,537,France,Male,28,0,88963.31,2,1,1,189839.93,0.4686202812006873,2.0,2,0
2025,655,Spain,Female,28,3,113811.85,2,0,1,76844.23,1.4810528903355487,0.5,2,84
2025,651,Germany,Male,29,3,121890.06,1,1,0,54530.51,2.2352225346409806,0.25,0,87
2025,643,Spain,Male,34,3,83132.09,1,1,1,21360.88,3.8916092591101528,0.25,1,102
2025,681,France,Female,29,2,148143.84,1,1,1,52021.39,2.8476938487447425,0.3333333333333333,1,58
2025,850,Germany,Female,39,5,114491.82,1,1,0,99689.48,1.1484729534856288,0.16666666666666666,0,195
2025,568,France,Male,51,4,0.0,3,1,1,66586.56,0.0,0.6,3,204
2025,641,France,Female,40,9,0.0,1,0,0,151648.66,0.0,0.1,0,360
2025,487,France,Female,53,10,89550.85,1,0,1,90076.85,0.9941495051225134,0.09090909090909091,1,530
2025,703,Spain,Male,39,6,152685.4,1,0,0,183656.12,0.8313611800076142,0.14285714285714285,0,234
2025,686,Spain,Male,22,8,0.0,2,0,0,142331.85,0.0,0.2222222222222222,0,176
2025,688,France,Female,38,7,123544.21,1,1,1,157664.02,0.7835866827023522,0.125,1,266
2025,697,France,Male,40,4,0.0,2,0,1,26543.28,0.0,0.4,2,160
2025,793,France,Male,56,8,119496.25,2,1,0,29880.99,3.9989388256940046,0.2222222222222222,0,448
2025,480,Spain,Male,39,5,121626.9,1,1,1,82438.13,1.4753539975494645,0.16666666666666666,1,195
2025,610,France,Male,36,4,129440.3,2,1,0,102638.35,1.2611176902425825,0.4,0,144
2025,709,France,Male,36,0,0.0,2,1,0,46811.77,0.0,2.0,0,0
2025,508,France,Female,60,7,143262.04,1,1,1,129562.74,1.1057263397922907,0.125,1,420
2025,517,Spain,Female,29,5,0.0,2,1,0,103402.88,0.0,0.3333333333333333,0,145
2025,537,France,Female,45,7,158621.04,1,1,0,120892.96,1.312067534225862,0.125,0,315
2025,701,France,Male,39,9,140236.98,1,0,1,146651.99,0.9562503976223057,0.1,1,351
2025,579,Germany,Male,31,6,139729.54,1,0,1,135815.38,1.0288121359146813,0.14285714285714285,1,186
2025,566,Germany,Male,54,4,118614.6,2,1,1,172601.62,0.687212048113754,0.4,2,216
2025,774,France,Female,36,9,114997.42,1,1,0,75304.09,1.5270869472435395,0.1,0,324
2025,577,France,Male,37,2,127261.35,1,1,0,56185.05,2.2649990522558534,0.3333333333333333,0,74
2025,850,Germany,Female,66,0,127120.62,1,0,1,118929.64,1.0688634989267694,1.0,1,0
2025,702,Spain,Female,26,4,135219.57,1,0,1,59747.63,2.2631409289217177,0.2,1,104
2025,683,France,Male,43,8,0.0,1,1,0,96754.8,0.0,0.1111111111111111,0,344
2025,556,Spain,Male,38,8,0.0,2,0,0,417.41,0.0,0.2222222222222222,0,304
2025,669,Germany,Female,30,7,139872.81,1,1,0,188795.85,0.7408641086967287,0.125,0,210
2025,641,France,Female,37,2,0.0,2,1,0,3939.87,0.0,0.6666666666666666,0,74
2025,822,France,Male,37,3,105563.0,1,1,0,182624.93,0.5780285417300818,0.25,0,111
2025,538,Spain,Female,30,8,0.0,2,1,1,41192.95,0.0,0.2222222222222222,2,240
2025,681,France,Female,37,7,69609.85,1,1,1,72127.83,0.9650766552015332,0.125,1,259
2025,520,France,Male,31,4,93249.4,1,1,0,77335.75,1.2057579352636358,0.2,0,124
2025,747,Spain,Female,41,5,94521.17,2,1,0,194926.86,0.4849033380862028,0.3333333333333333,0,205
2025,599,Germany,Male,61,1,124737.96,1,0,1,90389.61,1.3799880319426985,0.5,1,61
2025,582,France,Male,52,2,151457.88,1,0,1,40893.61,3.703614730645432,0.3333333333333333,1,104
2025,659,France,Male,31,4,118342.26,1,0,0,161574.19,0.7324284130502956,0.2,0,124
2025,623,Germany,Male,42,1,149332.48,2,1,0,100834.22,1.480955562947153,1.0,0,42
2025,730,Spain,Male,29,2,0.0,2,1,0,14174.09,0.0,0.6666666666666666,0,58
2025,742,Germany,Male,55,5,155196.17,1,0,1,121207.66,1.2804049644637603,0.16666666666666666,1,275
2025,461,France,Male,51,9,119889.84,1,0,0,56767.67,2.111901511872658,0.1,0,459
2025,610,France,Male,41,6,0.0,3,0,0,56118.81,0.0,0.42857142857142855,0,246
2025,630,Spain,Male,26,7,0.0,2,1,1,6656.64,0.0,0.25,2,182
2025,632,Germany,Male,42,4,119624.6,2,1,1,195978.86,0.6103923127611175,0.4,2,168
2025,634,Germany,Female,59,3,95727.05,1,0,0,97939.4,0.9774010520684009,0.25,0,177
2025,845,Germany,Female,41,2,81733.74,2,0,0,199761.29,0.4091550011766485,0.6666666666666666,0,82
2025,693,Spain,Female,34,10,107556.06,2,0,0,154631.35,0.6955598876949098,0.18181818181818182,0,340
2025,510,Germany,Female,50,7,123936.54,1,1,1,23768.01,5.214207070466966,0.125,1,350
2025,477,Germany,Female,36,3,117700.86,1,0,0,74042.0,1.5896284591386087,0.25,0,108
2025,653,Germany,Male,31,2,154741.45,2,0,0,25183.01,6.144432518887978,0.6666666666666666,0,62
2025,782,Spain,Male,34,6,147422.44,1,0,1,42143.61,3.4980140995491475,0.14285714285714285,1,204
2025,694,Germany,Male,31,6,109052.59,2,1,1,19448.93,5.606837145429315,0.2857142857142857,2,186
2025,439,France,Male,28,7,110976.23,2,1,0,138526.96,0.8011106927439053,0.25,0,196
2025,516,France,Female,29,2,104982.57,1,1,0,157378.5,0.6670663587061848,0.3333333333333333,0,58
2025,647,Germany,Male,51,4,131156.76,1,1,0,29883.63,4.388769745518014,0.2,0,204
2025,667,France,Male,24,4,0.0,2,0,0,180329.83,0.0,0.4,0,96
2025,788,France,Male,32,4,112079.58,1,0,0,89368.59,1.2541131720532679,0.2,0,128
2025,529,Germany,Male,72,5,94216.05,1,1,1,78695.68,1.1972048884400208,0.16666666666666666,1,360
2025,613,France,Male,42,7,115076.06,1,1,1,79323.61,1.4506980872644692,0.125,1,294
2025,727,Spain,Male,28,1,0.0,1,1,0,40357.39,0.0,0.5,0,28
2025,501,Germany,Male,27,4,95331.83,2,1,0,132104.76,0.7216326525050838,0.4,0,108
2025,679,France,Female,30,1,112543.42,1,1,1,179435.21,0.6272057351189039,0.5,1,30
2025,540,Germany,Male,39,1,82531.11,1,1,0,114092.52,0.723363693222893,0.5,0,39
2025,616,France,Female,31,3,136789.14,1,1,0,59346.4,2.3048885039614206,0.25,0,93
2025,743,Spain,Male,43,2,161807.18,2,0,1,93228.86,1.7355724871838272,0.6666666666666666,2,86
2025,696,France,Male,29,8,0.0,2,1,0,191166.09,0.0,0.2222222222222222,0,232
2025,670,France,Female,45,5,47884.92,1,1,1,54340.24,0.8811893140458333,0.16666666666666666,1,225
2025,518,France,Male,40,4,0.0,2,0,1,194416.58,0.0,0.4,2,160
2025,673,France,Female,34,8,42157.08,1,1,0,20598.59,2.046500925503857,0.1111111111111111,0,272
2025,608,France,Female,34,4,88772.87,1,1,1,168822.01,0.5258339488201282,0.2,1,136
2025,737,France,Male,54,9,0.0,1,1,0,83470.4,0.0,0.1,0,486
2025,652,France,Female,37,4,0.0,2,1,0,143393.24,0.0,0.4,0,148
2025,850,Spain,Female,32,9,0.0,2,1,1,18924.92,0.0,0.2,2,288
2025,655,France,Female,51,3,0.0,2,0,1,15801.02,0.0,0.5,2,153
2025,769,Spain,Male,38,6,0.0,2,0,0,104393.78,0.0,0.2857142857142857,0,228
2025,656,France,Male,44,10,143571.52,1,0,0,127444.14,1.126535856918514,0.09090909090909091,0,440
2025,745,Germany,Male,45,10,117231.63,3,1,1,122381.02,0.9579154683016345,0.2727272727272727,3,450
2025,689,France,Male,47,1,93871.95,3,1,0,156878.42,0.5983700730153132,1.5,0,47
2025,486,Germany,Male,37,1,101438.0,1,0,0,51364.56,1.9748251552207354,0.5,0,37
2025,577,France,Female,35,4,108155.49,1,1,0,105407.79,1.0260575991812448,0.2,0,140
2025,607,France,Female,21,0,0.0,2,1,0,116106.52,0.0,2.0,0,0
2025,531,France,Male,44,3,0.0,2,1,1,34416.79,0.0,0.5,2,132
2025,699,Germany,Male,59,3,106819.65,1,0,1,163570.25,0.6530466081294848,0.25,1,177
2025,695,France,Male,45,9,43134.65,1,0,1,77330.35,0.5577899519405778,0.1,1,405
2025,750,Germany,Male,40,5,168286.81,3,1,0,20451.99,8.227980847788025,0.5,0,200
2025,670,France,Male,36,3,0.0,1,1,0,140754.19,0.0,0.25,0,108
2025,697,France,Female,34,2,126558.92,1,1,0,73334.43,1.7257541136664776,0.3333333333333333,0,68
2025,616,France,Male,46,2,0.0,2,1,0,137136.46,0.0,0.6666666666666666,0,92
2025,637,Germany,Female,46,2,143500.82,1,1,0,166996.46,0.8592994168893348,0.3333333333333333,0,92
2025,625,Germany,Female,35,5,86147.46,2,1,0,163440.8,0.5270834021651745,0.3333333333333333,0,175
2025,620,France,Female,41,9,0.0,2,0,0,88852.47,0.0,0.2,0,369
2025,806,France,Male,31,9,0.0,2,0,1,140168.36,0.0,0.2,2,279
2025,425,Spain,Female,39,5,0.0,2,1,0,140941.47,0.0,0.3333333333333333,0,195
2025,675,France,Male,69,1,0.0,2,1,0,157097.09,0.0,1.0,0,69
2025,662,Spain,Female,30,9,0.0,2,0,1,157884.83,0.0,0.2,2,270
2025,788,Germany,Female,42,6,138650.49,2,1,0,64746.07,2.1414172100760696,0.2857142857142857,0,252
2025,661,Germany,Male,35,2,117212.18,1,1,1,83052.03,1.4112932424018725,0.3333333333333333,1,70
2025,507,France,Female,33,1,113452.66,1,0,0,142911.99,0.7938582769837788,0.5,0,33
2025,606,Spain,Male,35,7,0.0,1,1,0,106837.06,0.0,0.125,0,245
2025,833,France,Male,30,1,0.0,2,1,0,141860.62,0.0,1.0,0,30
2025,838,Spain,Female,40,6,61671.19,1,0,1,150659.35,0.40933921897831776,0.14285714285714285,1,240
2025,483,France,Female,44,5,136836.49,1,1,0,192359.9,0.7113529308710865,0.16666666666666666,0,220
2025,784,Spain,Male,23,2,0.0,1,1,1,6847.73,0.0,0.3333333333333333,1,46
2025,679,Spain,Male,42,2,0.0,1,1,1,168294.27,0.0,0.3333333333333333,1,84
2025,641,Germany,Male,42,3,121765.37,2,1,1,166516.84,0.7312451927072798,0.5,2,126
2025,712,Spain,Female,48,8,0.0,2,1,0,183235.33,0.0,0.2222222222222222,0,384
2025,693,Spain,Male,47,8,107604.66,1,1,1,80149.27,1.3425364630711787,0.1111111111111111,1,376
2025,788,Spain,Male,34,6,156478.62,1,0,1,181196.76,0.8635792186393474,0.14285714285714285,1,204
2025,652,France,Female,74,5,0.0,2,1,1,937.15,0.0,0.3333333333333333,2,370
2025,767,France,Male,36,3,139180.2,1,0,0,123880.19,1.123497441379115,0.25,0,108
2025,614,Germany,Male,32,7,99462.8,2,1,1,51117.06,1.9457467673851474,0.25,2,224
2025,529,France,Female,31,7,0.0,2,1,1,175697.87,0.0,0.25,2,217
2025,567,Spain,Male,40,8,28649.64,1,1,1,95140.62,0.301126257887978,0.1111111111111111,1,320
2025,503,Spain,Female,36,9,0.0,2,1,1,16274.67,0.0,0.2,2,324
2025,545,Spain,Female,32,4,0.0,1,1,0,94739.2,0.0,0.2,0,128
2025,644,France,Female,46,9,95441.27,1,1,0,108761.05,0.877523639909325,0.1,0,414
2025,645,France,Female,45,8,85325.93,1,0,0,22558.74,3.7822213376572598,0.1111111111111111,0,360
2025,574,Germany,Female,43,3,141349.43,1,1,1,100187.43,1.4108358619852612,0.25,1,129
2025,595,Spain,Male,37,2,157084.99,1,1,0,134767.13,1.1655944918134575,0.3333333333333333,0,74
2025,669,France,Female,33,9,0.0,2,0,1,107221.03,0.0,0.2,2,297
2025,598,Spain,Male,41,8,0.0,2,1,1,161954.43,0.0,0.2222222222222222,2,328
2025,491,Germany,Female,68,1,95039.12,1,0,1,116471.14,0.8159815729323767,0.5,1,68
2025,706,France,Female,44,4,129605.99,1,0,0,69865.49,1.855052257527178,0.2,0,176
2025,583,France,Female,57,3,238387.56,1,0,1,147964.99,1.6110969824890167,0.25,1,171
2025,551,Spain,Male,49,1,150777.72,2,1,1,135757.27,1.1106337757545084,1.0,2,49
2025,571,Germany,Female,34,1,101736.66,1,0,1,195651.66,0.519986081456802,0.5,1,34
2025,422,Spain,Female,54,4,0.0,2,1,1,7166.71,0.0,0.4,2,216
2025,656,France,Male,46,9,143267.14,2,0,0,193099.43,0.7419307144991858,0.2,0,414
2025,844,France,Female,41,10,76319.64,1,1,1,141175.18,0.5405985627320417,0.09090909090909091,1,410
2025,589,France,Female,61,1,0.0,1,1,0,61108.56,0.0,0.5,0,61
2025,515,Germany,Male,45,7,120961.5,3,1,1,39288.11,3.0787538837097608,0.375,3,315
2025,612,Germany,Male,76,6,96166.88,1,1,1,191393.26,0.5024543578266141,0.14285714285714285,1,456
2025,626,Germany,Male,39,10,132287.92,3,1,1,51467.92,2.5702486082863216,0.2727272727272727,3,390
2025,508,Germany,Female,41,5,82161.7,2,1,0,187776.49,0.4375481853549113,0.3333333333333333,0,205
2025,701,France,Male,44,7,0.0,2,1,0,23425.78,0.0,0.25,0,308
2025,655,Germany,Female,44,6,146498.76,1,1,0,64853.51,2.258883152459251,0.14285714285714285,0,264
2025,768,Germany,Male,49,1,133384.66,1,1,0,102397.22,1.3026072132894497,0.5,0,49
2025,813,France,Female,62,10,64667.95,2,0,1,140454.14,0.46041711253856565,0.18181818181818182,2,620
2025,686,Germany,Female,27,1,115095.88,2,0,0,78622.46,1.4638872417978044,1.0,0,27
2025,771,France,Female,57,4,0.0,1,0,0,85876.67,0.0,0.2,0,228
2025,745,France,Female,55,9,110123.59,1,0,1,51548.14,2.136283747895697,0.1,1,495
2025,414,France,Male,38,8,0.0,1,0,1,77661.12,0.0,0.1111111111111111,1,304
2025,602,Spain,Male,30,9,113672.18,2,0,0,102135.92,1.11293918007318,0.2,0,270
2025,685,Germany,Female,21,6,97956.5,1,1,1,164966.27,0.5937935446225182,0.14285714285714285,1,126
2025,485,France,Male,29,7,182123.79,1,1,0,116828.51,1.5588851652292304,0.125,0,203
2025,512,Germany,Male,41,7,122403.24,1,0,1,37439.9,3.2692387202230715,0.125,1,287
2025,475,France,Female,57,1,0.0,2,1,0,89248.99,0.0,1.0,0,57
2025,727,France,Male,32,1,59271.82,1,1,1,46019.43,1.2879458101543162,0.5,1,32
2025,608,Spain,Female,35,6,0.0,2,1,1,143463.28,0.0,0.2857142857142857,2,210
2025,761,Spain,Female,34,2,0.0,2,1,0,61251.25,0.0,0.6666666666666666,0,68
2025,745,France,Male,47,5,0.0,2,0,0,145789.71,0.0,0.3333333333333333,0,235
2025,606,France,Male,32,6,0.0,2,0,1,36540.63,0.0,0.2857142857142857,2,192
2025,634,Germany,Female,56,3,116251.24,1,0,1,42429.88,2.739779141983386,0.25,1,168
2025,554,Germany,Female,51,7,105701.91,1,0,1,179797.79,0.5878899963676062,0.125,1,357
2025,519,France,Female,38,7,125328.56,1,1,0,188225.67,0.6658384808061472,0.125,0,266
2025,776,Germany,Female,37,2,103769.22,2,1,0,194099.12,0.5346169801440618,0.6666666666666666,0,74
2025,600,Germany,Female,29,6,74430.1,2,1,1,96051.1,0.774893000777703,0.2857142857142857,2,174
2025,570,Germany,Male,29,4,122028.65,2,1,1,173792.77,0.7021462852206958,0.4,2,116
2025,721,Spain,Female,36,2,0.0,2,1,1,106977.8,0.0,0.6666666666666666,2,72
2025,659,Spain,Male,27,4,0.0,2,1,0,99341.87,0.0,0.4,0,108
2025,506,France,Female,57,6,0.0,2,0,1,194421.12,0.0,0.2857142857142857,2,342
2025,562,Spain,Female,35,0,0.0,2,1,0,119899.52,0.0,2.0,0,0
2025,730,France,Male,33,0,0.0,2,1,0,1474.79,0.0,2.0,0,0
2025,592,Germany,Male,33,2,156570.86,1,1,1,37140.2,4.215557386406471,0.3333333333333333,1,66
2025,610,Germany,Female,69,5,86038.21,3,0,0,192743.06,0.4463857926412882,0.5,0,345
2025,801,France,Male,42,6,0.0,2,1,1,95804.33,0.0,0.2857142857142857,2,252
2025,481,Germany,Male,44,3,163714.52,1,1,0,96123.72,1.7031469116372977,0.25,0,132
2025,794,Germany,Female,54,1,75900.84,1,1,1,192154.66,0.39499663970345705,0.5,1,54
2025,842,Germany,Female,35,9,119948.09,1,1,0,48217.97,2.4875705557377104,0.1,0,315
2025,720,France,Female,37,2,120328.88,2,1,1,138470.21,0.868981212773399,0.6666666666666666,2,74
2025,523,France,Female,40,2,102967.41,1,1,0,128702.1,0.8000383052156474,0.3333333333333333,0,80
2025,609,France,Male,34,1,0.0,1,1,1,181177.9,0.0,0.5,1,34
2025,785,France,Female,40,3,0.0,2,1,1,96832.82,0.0,0.5,2,120
2025,546,Germany,Female,74,8,114888.74,2,1,1,66732.63,1.7216018370347903,0.2222222222222222,2,592
2025,790,France,Female,41,2,126619.27,1,1,0,198224.38,0.6387641683421165,0.3333333333333333,0,82
2025,693,Spain,Female,45,4,0.0,2,1,1,26589.56,0.0,0.4,2,180
2025,806,France,Male,34,5,113958.55,1,0,1,32125.98,3.5471292353031627,0.16666666666666666,1,170
2025,847,France,Male,51,5,97565.74,1,0,0,144184.06,0.6766702458631983,0.16666666666666666,0,255
2025,697,France,Male,63,7,148368.02,1,0,0,118862.08,1.2482262785046458,0.125,0,441
2025,581,Germany,Female,54,2,152508.99,1,1,0,187597.98,0.8129521279913141,0.3333333333333333,0,108
2025,850,Germany,Female,36,6,143644.16,1,1,0,22102.25,6.498780043658738,0.14285714285714285,0,216
2025,723,Spain,Male,30,1,0.0,3,1,0,164647.72,0.0,1.5,0,30
2025,697,France,Female,25,1,0.0,2,0,0,87803.32,0.0,1.0,0,25
2025,538,France,Female,32,2,0.0,1,1,1,80130.54,0.0,0.3333333333333333,1,64
2025,788,Spain,Male,36,10,109632.85,1,1,1,16149.13,6.788357121583542,0.09090909090909091,1,360
2025,796,France,Male,51,6,0.0,2,0,1,194733.28,0.0,0.2857142857142857,2,306
2025,629,France,Female,61,6,0.0,2,1,1,133672.61,0.0,0.2857142857142857,2,366
2025,850,France,Female,35,5,0.0,1,1,1,80992.8,0.0,0.16666666666666666,1,175
2025,638,France,Female,32,0,0.0,2,1,0,160129.99,0.0,2.0,0,0
2025,590,France,Male,32,9,0.0,2,1,0,138889.15,0.0,0.2,0,288
2025,702,France,Male,26,5,56738.47,2,1,1,100442.22,0.5648810342798648,0.3333333333333333,2,130
2025,757,Spain,Male,33,5,77253.22,1,0,1,194239.63,0.39771915896277726,0.16666666666666666,1,165
2025,751,France,Female,48,9,0.0,1,1,0,137508.42,0.0,0.1,0,432
2025,521,Spain,Female,22,10,0.0,1,1,1,101311.95,0.0,0.09090909090909091,1,220
2025,778,Spain,Male,33,5,116474.28,2,1,1,32757.55,3.5555383251090174,0.3333333333333333,2,165
2025,756,France,Female,28,6,0.0,1,1,1,164394.65,0.0,0.14285714285714285,1,168
2025,684,France,Male,54,6,0.0,2,1,1,94888.6,0.0,0.2857142857142857,2,324
2025,763,Spain,Female,32,10,95153.77,1,0,1,81310.1,1.1702433001152364,0.09090909090909091,1,320
2025,635,Germany,Female,44,2,79064.85,2,0,1,113291.75,0.6978809323632802,0.6666666666666666,2,88
2025,729,Spain,Female,42,7,0.0,2,1,0,58268.2,0.0,0.25,0,294
2025,643,Spain,Female,20,0,133313.34,1,1,1,3965.69,33.60820734667947,1.0,1,0
2025,350,Spain,Male,54,1,152677.48,1,1,1,191973.49,0.7953008756528017,0.5,1,54
2025,850,Germany,Female,70,1,96947.58,3,1,0,62282.99,1.5565409345162378,1.5,0,70
2025,699,France,Male,39,2,109724.38,1,1,1,180022.39,0.6095006876606422,0.3333333333333333,1,78
2025,611,France,Male,28,2,0.0,2,0,0,25395.83,0.0,0.6666666666666666,0,56
2025,698,France,Male,37,8,0.0,2,0,0,145004.39,0.0,0.2222222222222222,0,296
2025,615,Germany,Male,43,3,86920.86,1,1,1,150048.37,0.5792817390702807,0.25,1,129
2025,658,Spain,Male,36,1,0.0,2,0,1,84927.42,0.0,1.0,2,36
2025,573,France,Female,32,9,125321.84,2,1,1,130234.63,0.962270002456317,0.2,2,288
2025,655,France,Female,36,2,147149.59,1,1,1,87816.86,1.67562258975566,0.3333333333333333,1,72
2025,566,Spain,Male,44,5,0.0,2,1,0,66462.79,0.0,0.3333333333333333,0,220
2025,759,France,Male,41,9,0.0,2,0,1,190294.12,0.0,0.2,2,369
2025,450,Spain,Female,34,2,0.0,2,1,0,175480.93,0.0,0.6666666666666666,0,68
2025,667,Spain,Male,35,4,97585.32,2,0,0,57213.46,1.7056058905388605,0.4,0,140
2025,620,France,Female,42,1,0.0,2,0,1,65565.92,0.0,1.0,2,42
2025,663,Germany,Female,29,4,102714.65,2,0,0,21170.81,4.851481758054696,0.4,0,116
2025,762,Spain,Female,26,7,123709.46,2,1,1,169654.57,0.72918006759224,0.25,2,182
2025,739,Spain,Male,38,0,128366.44,1,1,0,12796.43,10.030642089857103,1.0,0,0
2025,713,Spain,Male,42,0,109121.71,1,0,1,167873.49,0.6500196069099005,1.0,1,0
2025,727,France,Male,35,5,136364.46,1,0,0,142754.71,0.9552294615746018,0.16666666666666666,0,175
2025,826,Spain,Male,41,5,146466.46,2,0,0,180934.67,0.8094946673588462,0.3333333333333333,0,205
2025,484,France,Male,41,5,0.0,1,1,1,74267.35,0.0,0.16666666666666666,1,205
2025,633,France,Female,37,9,156091.97,1,1,0,72008.61,2.167654706087146,0.1,0,333
2025,521,Spain,Female,34,7,70731.07,1,1,1,20243.97,3.493760178454204,0.125,1,238
2025,754,France,Male,34,7,0.0,2,1,1,65219.85,0.0,0.25,2,238
2025,763,France,Female,38,0,152582.2,2,0,0,31892.82,4.784067885251751,2.0,0,0
2025,660,Spain,Male,42,5,0.0,2,1,0,115509.59,0.0,0.3333333333333333,0,210
2025,608,France,Male,42,10,163548.07,1,1,0,38866.85,4.207798218836391,0.09090909090909091,0,420
2025,795,Germany,Male,37,2,139265.63,2,1,1,198745.94,0.7007183607455792,0.6666666666666666,2,74
2025,791,France,Female,52,7,0.0,1,1,1,122782.5,0.0,0.125,1,364
2025,689,France,Male,34,1,165312.27,1,1,0,155495.63,1.0631244548515295,0.5,0,34
2025,796,Spain,Male,41,8,107525.07,1,1,0,18510.41,5.808583462848049,0.1111111111111111,0,328
2025,594,France,Male,27,0,197041.8,1,0,0,151912.49,1.2970658497806877,1.0,0,0
2025,712,Germany,Female,40,3,109308.79,2,1,0,120158.72,0.9096957782524793,0.5,0,120
2025,784,Spain,Male,48,7,0.0,2,1,1,182609.97,0.0,0.25,2,336
2025,800,France,Female,49,7,108007.36,1,0,0,47125.11,2.291879384909979,0.125,0,343
2025,588,France,Male,40,5,0.0,2,0,0,100727.68,0.0,0.3333333333333333,0,200
2025,850,France,Female,35,6,81684.97,1,1,0,824.0,99.01208484848485,0.14285714285714285,0,210
2025,648,Germany,Male,33,7,135310.41,2,0,1,171668.2,0.7882043488290269,0.25,2,231
2025,790,France,Female,31,9,0.0,2,1,0,84126.75,0.0,0.2,0,279
2025,571,France,Male,32,5,131354.25,1,1,0,125256.53,1.0486734809476126,0.16666666666666666,0,160
2025,532,Spain,Female,37,5,0.0,2,0,1,6761.84,0.0,0.3333333333333333,2,185
2025,593,France,Male,31,9,0.0,2,0,1,20492.16,0.0,0.2,2,279
2025,538,Spain,Male,39,2,122773.5,2,1,1,58467.08,2.0998380654880404,0.6666666666666666,2,78
2025,668,Germany,Female,59,5,120170.07,1,0,1,50454.8,2.381689914737255,0.16666666666666666,1,295
2025,759,Germany,Male,31,4,98899.91,1,1,1,47832.82,2.0675729013488784,0.2,1,124
2025,607,France,Female,49,9,119960.29,2,1,0,103068.22,1.1638808365872952,0.2,0,441
2025,529,France,Male,30,2,116295.29,1,1,0,75285.47,1.5447037163516897,0.3333333333333333,0,60
2025,427,Spain,Female,39,9,0.0,2,1,0,28368.37,0.0,0.2,0,351
2025,724,Germany,Male,54,8,172192.49,1,1,1,136902.01,1.2577699350803169,0.1111111111111111,1,432
2025,546,Germany,Female,58,3,106458.31,4,1,0,128881.87,0.8260082197114326,1.0,0,174
2025,636,Germany,Male,36,6,96643.32,1,0,0,182059.28,0.5308314367087649,0.14285714285714285,0,216
2025,730,Germany,Female,33,7,130367.87,1,1,0,15142.1,8.609060892419649,0.125,0,231
2025,481,France,Male,40,3,0.0,1,1,1,32319.93,0.0,0.25,1,120
2025,667,France,Male,42,6,0.0,1,1,0,88890.05,0.0,0.14285714285714285,0,252
2025,557,Germany,Male,57,1,120043.13,1,1,0,132370.75,0.9068636623750914,0.5,0,57
2025,526,France,Male,52,8,93590.47,1,0,1,21228.71,4.40846671951713,0.1111111111111111,1,416
2025,633,Spain,Male,58,6,98308.51,1,1,1,132034.13,0.7445632840290307,0.14285714285714285,1,348
2025,756,Spain,Male,30,2,145127.85,1,0,0,7554.68,19.207781430658788,0.3333333333333333,0,60
2025,707,France,Female,36,6,0.0,1,0,0,98810.78,0.0,0.14285714285714285,0,216
2025,516,France,Male,35,10,57369.61,1,1,1,101699.77,0.5641020220397545,0.09090909090909091,1,350
2025,540,Germany,Male,39,4,127278.31,1,1,1,16150.34,7.880356057144485,0.2,1,156
2025,844,France,Female,28,4,0.0,2,0,1,123318.37,0.0,0.4,2,112
2025,678,Germany,Female,30,1,139676.95,2,0,1,16146.0,8.650334427447824,1.0,2,30
2025,533,Germany,Female,22,10,115743.6,1,0,0,43852.05,2.6393511967810674,0.09090909090909091,0,220
2025,624,France,Female,71,4,170252.05,3,1,1,73679.59,2.3106770724827257,0.6,3,284
2025,564,Germany,Male,33,3,109341.87,1,1,0,75632.78,1.4456750674103556,0.25,0,99
2025,812,Spain,Female,44,8,0.0,3,1,0,66926.83,0.0,0.3333333333333333,0,352
2025,787,France,Male,32,4,0.0,2,1,1,13238.93,0.0,0.4,2,128
2025,701,France,Female,39,9,0.0,2,0,1,145894.9,0.0,0.2,2,351
2025,470,France,Male,35,1,96473.59,1,0,0,5962.3,16.17788640517834,0.5,0,35
2025,706,Spain,Female,53,3,0.0,3,0,0,88479.02,0.0,0.75,0,159
2025,696,Germany,Male,42,7,162318.61,1,1,0,121061.89,1.3407792429207661,0.125,0,294
2025,618,France,Male,30,3,133844.22,1,1,1,31406.93,4.261478550162332,0.25,1,90
2025,725,France,Male,37,6,124348.38,2,0,1,176984.34,0.7025914123734769,0.2857142857142857,2,222
2025,684,France,Female,26,5,87098.91,1,0,0,106095.82,0.8209379885278371,0.16666666666666666,0,130
2025,789,France,Female,27,8,66201.96,1,1,1,79458.12,0.8331574777067756,0.1111111111111111,1,216
2025,628,Germany,Male,29,3,113146.98,2,0,1,124749.08,0.9069892380028934,0.5,2,87
2025,686,France,Female,34,1,0.0,2,1,0,87278.48,0.0,1.0,0,34
2025,617,France,Female,28,0,0.0,2,1,1,7597.83,0.0,2.0,2,0
2025,588,France,Female,34,3,120777.88,1,1,1,131729.52,0.9168557142262858,0.25,1,102
2025,720,Spain,Male,34,3,0.0,2,1,1,77047.78,0.0,0.5,2,102
2025,668,Germany,Female,28,1,124511.01,1,0,0,114258.18,1.0897243442496263,0.5,0,28
2025,711,Germany,Male,26,9,128793.63,1,1,0,19262.05,6.6860455639164105,0.1,0,234
2025,738,France,Male,18,4,0.0,2,1,1,47799.15,0.0,0.4,2,72
2025,543,France,Female,67,0,128843.67,1,1,1,134612.48,0.9571379478489077,1.0,1,0
2025,728,Germany,Male,32,5,61825.5,1,1,1,156124.93,0.39599764113494795,0.16666666666666666,1,160
2025,772,Germany,Female,42,0,101979.16,1,1,0,90928.48,1.1215192256680673,1.0,0,0
2025,720,Germany,Female,57,1,162082.31,4,0,0,27145.73,5.9706016157378805,2.0,0,57
2025,786,Germany,Female,33,0,122325.58,1,0,0,34712.34,3.523878140219294,1.0,0,0
2025,679,France,Female,43,4,0.0,3,1,0,115136.51,0.0,0.6,0,172
2025,673,France,Male,41,5,0.0,1,1,1,65657.29,0.0,0.16666666666666666,1,205
2025,646,France,Female,38,2,0.0,2,0,0,178752.73,0.0,0.6666666666666666,0,76
2025,629,France,Male,46,1,130666.2,1,1,1,161125.67,0.8109532704920916,0.5,1,46
2025,760,France,Male,34,2,0.0,2,1,0,164162.44,0.0,0.6666666666666666,0,68
2025,822,Germany,Female,46,3,115074.02,2,1,0,26249.86,4.383628574454323,0.5,0,138
2025,481,Spain,Female,37,8,0.0,2,1,0,44215.86,0.0,0.2222222222222222,0,296
2025,803,France,Female,65,2,151659.52,2,0,1,6930.17,21.88079646004931,0.6666666666666666,2,130
2025,623,Spain,Female,40,7,0.0,1,1,1,25904.12,0.0,0.125,1,280
2025,625,France,Male,39,5,0.0,1,1,0,99800.87,0.0,0.16666666666666666,0,195
2025,739,France,Male,34,9,0.0,1,1,0,60584.33,0.0,0.1,0,306
2025,592,France,Male,37,3,96651.03,1,1,1,3232.82,29.88757259216654,0.25,1,111
2025,498,France,Female,31,10,0.0,2,1,0,13892.57,0.0,0.18181818181818182,0,310
2025,543,Germany,Female,37,3,122304.65,2,0,0,33998.7,3.597227328476428,0.5,0,111
2025,757,Germany,Male,31,8,149085.9,2,1,1,197077.36,0.7564803157485175,0.2222222222222222,2,248
2025,807,Spain,Female,42,1,0.0,1,1,0,16500.66,0.0,0.5,0,42
2025,830,Spain,Male,40,4,0.0,2,0,1,81622.52,0.0,0.4,2,160
2025,630,Germany,Female,31,2,112373.49,2,1,1,131167.98,0.8567078130820259,0.6666666666666666,2,62
2025,646,France,Male,30,7,0.0,2,1,0,153566.97,0.0,0.25,0,210
2025,743,France,Female,73,6,0.0,2,0,1,107867.38,0.0,0.2857142857142857,2,438
2025,709,France,Female,24,3,110949.41,1,1,1,168515.61,0.6583885707171537,0.25,1,72
2025,620,Germany,Female,34,8,102251.57,1,1,0,120672.09,0.847343595825714,0.1111111111111111,0,272
2025,680,France,Female,25,4,123816.5,1,1,1,90162.35,1.373246446588331,0.2,1,100
2025,642,Germany,Female,36,2,124495.98,3,1,1,57904.22,2.1499958034871467,1.0,3,72
2025,675,France,Male,34,1,124619.33,2,0,1,163667.56,0.7614127600316152,1.0,2,34
2025,537,Spain,Female,33,7,136082.0,1,1,0,62746.54,2.1687224710323303,0.125,0,231
2025,470,Spain,Female,48,6,140576.11,1,1,1,116971.05,1.2017923085044673,0.14285714285714285,1,288
2025,646,Germany,Male,46,1,170826.55,2,1,0,45041.32,3.7925788458498584,1.0,0,46
2025,604,France,Male,33,3,0.0,1,1,0,42171.13,0.0,0.25,0,99
2025,601,Germany,Male,48,9,163630.76,1,0,1,41816.49,3.912974212464689,0.1,1,432
2025,676,France,Male,33,6,171490.78,1,0,0,79099.64,2.168007490204883,0.14285714285714285,0,198
2025,645,Germany,Female,41,2,138881.04,1,1,0,129936.53,1.0688293058979959,0.3333333333333333,0,82
2025,581,Spain,Female,43,4,170172.9,1,0,1,100236.02,1.6977050993734648,0.2,1,172
2025,668,Spain,Male,38,1,147904.31,1,1,1,69370.05,2.1320754118612877,0.5,1,38
2025,686,Spain,Female,47,6,0.0,1,1,0,32080.69,0.0,0.14285714285714285,0,282
2025,703,France,Male,32,1,125685.79,1,1,1,56246.72,2.234504616364894,0.5,1,32
2025,643,Germany,Male,25,4,115142.9,1,1,1,148098.95,0.7774675143374457,0.2,1,100
2025,681,Spain,Female,32,3,0.0,2,1,1,59679.9,0.0,0.5,2,96
2025,722,France,Female,38,3,0.0,2,0,1,167984.72,0.0,0.5,2,114
2025,697,France,Male,27,8,141223.68,2,1,0,90591.15,1.5588953347503067,0.2222222222222222,0,216
2025,592,France,Male,37,4,212692.97,1,0,0,176395.02,1.2057696653246486,0.2,0,148
2025,640,France,Female,30,6,107499.7,1,1,1,187632.22,0.5729246665382601,0.14285714285714285,1,180
2025,536,France,Male,39,4,0.0,2,1,0,27150.35,0.0,0.4,0,156
2025,661,France,Female,31,7,144162.3,2,1,1,14490.79,9.947860133220257,0.25,2,217
2025,743,Germany,Female,34,1,131736.88,1,1,1,108543.21,1.2136702639413008,0.5,1,34
2025,555,France,Male,29,4,128744.04,1,1,1,47454.93,2.7129178587375695,0.2,1,116
2025,564,France,Male,35,4,0.0,1,1,0,158937.55,0.0,0.2,0,140
2025,494,France,Male,28,9,114731.76,2,0,1,79479.74,1.4435165047532268,0.2,2,252
2025,711,France,Female,21,0,82844.33,2,0,1,1408.68,58.76818143124681,2.0,2,0
2025,632,Germany,Male,30,1,58668.02,1,1,1,78670.52,0.7457339072640263,0.5,1,30
2025,714,Spain,Male,29,4,0.0,2,1,1,37605.9,0.0,0.4,2,116
2025,607,Spain,Male,28,1,135936.1,2,1,1,110560.14,1.2295106580847484,1.0,2,28
2025,630,Spain,Male,39,10,105473.74,1,0,0,58854.88,1.7920680142748695,0.09090909090909091,0,390
2025,675,Germany,Female,29,8,121326.42,1,1,0,133457.52,0.9090946010790469,0.1111111111111111,0,232
2025,673,France,Male,30,1,64097.75,1,1,1,77783.35,0.8240442968283466,0.5,1,30
2025,762,Germany,Male,46,6,123571.77,3,0,1,57014.17,2.1673489704582134,0.42857142857142855,3,276
2025,850,Spain,Male,30,2,0.0,2,0,1,27937.12,0.0,0.6666666666666666,2,60
2025,618,Spain,Male,33,4,0.0,2,1,1,77550.18,0.0,0.4,2,132
2025,635,France,Female,58,1,0.0,1,1,1,58907.08,0.0,0.5,1,58
2025,606,France,Female,36,10,0.0,2,0,1,155641.46,0.0,0.18181818181818182,2,360
2025,647,Germany,Female,35,3,166518.63,2,1,0,147930.46,1.1256471747118566,0.5,0,105
2025,645,France,Male,25,0,174400.36,1,1,0,42669.37,4.087153685332468,1.0,0,0
2025,697,France,Female,49,7,195238.29,4,0,1,131083.56,1.4894072192789145,0.5,4,343
2025,556,Spain,Female,48,8,168522.37,1,1,1,151310.16,1.113747128764329,0.1111111111111111,1,384
2025,592,France,Male,54,8,0.0,1,1,1,28737.71,0.0,0.1111111111111111,1,432
2025,539,Spain,Male,38,8,71460.67,2,1,1,10074.05,7.092835271288976,0.2222222222222222,2,304
2025,796,Spain,Female,23,3,146584.19,2,0,0,125445.8,1.1684968448776694,0.5,0,69
2025,765,France,Male,41,2,0.0,2,0,1,191215.61,0.0,0.6666666666666666,2,82
2025,758,France,Female,52,7,125095.94,1,1,0,171189.83,0.7307397247854924,0.125,0,364
2025,551,Spain,Female,48,5,95679.29,1,0,0,94978.1,1.0073720429020698,0.16666666666666666,0,240
2025,634,France,Female,24,2,87413.19,1,1,0,63340.65,1.380027043817141,0.3333333333333333,0,48
2025,693,Germany,Male,40,0,120711.73,1,0,0,27345.18,4.414208127058331,1.0,0,0
2025,756,Germany,Male,44,10,137452.09,1,1,0,189543.9,0.7251690232762791,0.09090909090909091,0,440
2025,743,France,Male,40,8,68155.59,1,1,0,94876.65,0.71835242546585,0.1111111111111111,0,320
2025,506,France,Male,43,2,0.0,2,1,0,105568.6,0.0,0.6666666666666666,0,86
2025,773,France,Female,40,10,0.0,2,0,1,69303.15,0.0,0.18181818181818182,2,400
2025,807,Germany,Female,40,1,134590.21,1,1,1,46253.65,2.909766045143569,0.5,1,40
2025,546,Spain,Male,25,7,127728.24,2,1,1,105279.74,1.21321563659222,0.25,2,175
2025,527,Spain,Female,35,8,0.0,1,1,0,98031.53,0.0,0.1111111111111111,0,280
2025,632,Germany,Male,42,6,59972.26,2,0,1,148172.94,0.40474229139078033,0.2857142857142857,2,252
2025,745,Spain,Female,35,8,0.0,2,1,1,116581.1,0.0,0.2222222222222222,2,280
2025,747,France,Female,45,1,114959.12,1,1,0,189362.39,0.6070820764245929,0.5,0,45
2025,603,France,Male,30,8,0.0,2,1,1,47536.46,0.0,0.2222222222222222,2,240
2025,850,France,Female,55,10,98488.08,1,1,0,155879.57,0.631817551090556,0.09090909090909091,0,550
2025,782,Germany,Female,72,5,148666.99,1,1,0,2605.65,57.03373678859839,0.16666666666666666,0,360
2025,628,Germany,Male,38,10,113525.84,1,1,0,46044.48,2.46551539912278,0.09090909090909091,0,380
2025,706,Spain,Female,46,2,127660.46,2,1,0,150156.82,0.8501752356287539,0.6666666666666666,0,92
2025,627,France,Male,37,2,125190.86,1,0,1,84584.69,1.480047748029247,0.3333333333333333,1,74
2025,720,France,Female,34,6,110717.38,1,1,1,9398.45,11.7791338854933,0.14285714285714285,1,204
2025,832,Spain,Male,29,8,93833.86,1,0,1,10417.87,9.0061455800869,0.1111111111111111,1,232
2025,790,Spain,Male,46,2,131365.37,2,1,1,180290.68,0.7286269116800065,0.6666666666666666,2,92
2025,449,France,Female,37,6,0.0,2,1,0,82176.48,0.0,0.2857142857142857,0,222
2025,774,France,Female,26,5,0.0,2,1,1,64716.08,0.0,0.3333333333333333,2,130
2025,636,Germany,Female,31,9,80844.69,2,1,1,74641.9,1.0830861341132245,0.2,2,279
2025,670,France,Male,68,4,0.0,2,1,1,11426.7,0.0,0.4,2,272
2025,702,Germany,Male,28,1,103033.83,1,1,1,40321.87,2.5552206477366317,0.5,1,28
2025,574,France,Female,34,5,112324.45,2,1,1,17993.43,6.242178829782326,0.3333333333333333,2,170
2025,841,France,Male,31,2,0.0,2,1,0,173240.52,0.0,0.6666666666666666,0,62
2025,635,Germany,Male,43,5,78992.75,2,0,0,153265.31,0.5153953925034145,0.3333333333333333,0,215
2025,568,France,Female,47,7,0.0,2,1,1,45978.39,0.0,0.25,2,329
2025,666,Germany,Female,21,1,121827.43,2,1,1,99818.31,1.2204795845613439,1.0,2,21
2025,630,France,Female,36,8,126598.99,2,1,1,134407.93,0.9418941881316963,0.2222222222222222,2,288
2025,474,Spain,Male,37,3,0.0,2,0,0,57175.32,0.0,0.5,0,111
2025,625,France,Female,39,5,0.0,2,1,0,32615.21,0.0,0.3333333333333333,0,195
2025,688,France,Male,29,1,0.0,2,1,0,154695.57,0.0,1.0,0,29
2025,684,Spain,Male,41,2,119782.72,2,0,0,120284.67,0.9958187039237508,0.6666666666666666,0,82
2025,494,France,Male,69,9,93320.8,1,1,1,24489.44,3.810499117206551,0.1,1,621
2025,720,France,Female,34,3,118307.57,2,1,1,136120.29,0.8691334764752817,0.5,2,102
2025,705,Germany,Male,41,4,72252.64,2,1,1,142514.66,0.5069803557026645,0.4,2,164
2025,663,Spain,Female,53,6,150200.23,1,0,1,151317.27,0.9926113350357496,0.14285714285714285,1,318
2025,833,Germany,Male,59,1,130854.59,1,1,1,30722.52,4.259101496182729,0.5,1,59
2025,683,France,Male,30,4,114779.35,1,0,0,183171.47,0.6266190001150282,0.2,0,120
2025,703,Germany,Male,42,9,63227.0,1,0,1,137316.32,0.46044446541776374,0.1,1,378
2025,660,France,Male,40,5,131754.11,2,1,1,38761.61,3.398999964140701,0.3333333333333333,2,200
2025,627,Germany,Male,52,1,76101.81,2,0,1,177238.35,0.4293731047873962,1.0,2,52
2025,689,France,Male,22,4,136444.25,1,1,0,51980.25,2.6248743537333175,0.2,0,88
2025,712,Spain,Male,47,1,139887.01,1,1,1,95719.73,1.4614076804470675,0.5,1,47
2025,476,Germany,Male,30,3,134366.42,1,1,0,68343.53,1.9660157147909278,0.25,0,90
2025,706,Spain,Female,29,1,209490.21,1,1,1,133267.69,1.5719386901754642,0.5,1,29
2025,781,France,Male,38,2,117810.79,1,0,1,65632.33,1.7949841947681153,0.3333333333333333,1,76
2025,690,France,Male,39,6,0.0,2,1,0,160532.88,0.0,0.2857142857142857,0,234
2025,699,Spain,Male,26,6,79932.41,1,0,0,150242.44,0.5320193014749929,0.14285714285714285,0,156
2025,716,Spain,Male,33,2,0.0,2,1,1,92916.53,0.0,0.6666666666666666,2,66
2025,692,Germany,Male,45,6,142084.04,4,1,0,188305.85,0.7545346332329387,0.5714285714285714,0,270
2025,850,Germany,Female,30,8,154870.28,1,1,1,54191.38,2.8577870172891466,0.1111111111111111,1,240
2025,494,Spain,Male,67,5,0.0,2,1,1,85890.16,0.0,0.3333333333333333,2,335
2025,532,Germany,Male,24,8,142755.25,1,0,0,34231.48,4.170169675115562,0.1111111111111111,0,192
2025,656,France,Male,63,8,0.0,2,0,1,57014.43,0.0,0.2222222222222222,2,504
2025,717,Germany,Male,35,7,58469.37,2,1,1,172459.39,0.3390307188798541,0.25,2,245
2025,418,France,Female,39,2,0.0,2,0,0,9041.71,0.0,0.6666666666666666,0,78
2025,501,Germany,Male,25,6,104013.79,1,1,0,114774.35,0.9062380554709699,0.14285714285714285,0,150
2025,477,Germany,Male,48,8,129250.0,2,1,1,157937.35,0.81835728941071,0.2222222222222222,2,384
2025,515,Germany,Male,60,9,113715.36,1,1,0,18424.24,6.17171662350124,0.1,0,540
2025,718,France,Male,38,7,0.0,2,1,0,38308.34,0.0,0.25,0,266
2025,613,France,Male,40,4,0.0,1,0,0,151325.24,0.0,0.2,0,160
2025,453,France,Female,37,4,131834.76,2,1,0,8949.2,14.729811624321243,0.4,0,148
2025,811,France,Female,45,5,0.0,2,1,1,146123.19,0.0,0.3333333333333333,2,225
2025,701,Spain,Female,34,6,107980.37,1,1,1,119374.74,0.9045419948810369,0.14285714285714285,1,204
2025,802,France,Female,60,3,92887.06,1,1,0,39473.63,2.353082473477269,0.25,0,180
2025,505,Germany,Female,33,3,106506.77,3,1,0,45445.78,2.3435493119644564,0.75,0,99
2025,776,Germany,Male,38,5,112281.7,1,0,1,89893.6,1.2490372057943413,0.16666666666666666,1,190
2025,446,France,Female,39,1,90217.07,1,1,0,191350.48,0.47147307143900846,0.5,0,39
2025,507,Germany,Female,46,8,102785.16,1,1,1,70323.68,1.4615802020002084,0.1111111111111111,1,368
2025,802,France,Male,33,8,0.0,2,1,0,143706.18,0.0,0.2222222222222222,0,264
2025,554,France,Male,24,10,0.0,1,0,0,92180.62,0.0,0.09090909090909091,0,240
2025,597,France,Male,61,5,0.0,2,1,1,81299.17,0.0,0.3333333333333333,2,305
2025,808,Germany,Female,37,2,100431.84,1,1,0,35140.49,2.857927765726496,0.3333333333333333,0,74
2025,699,France,Male,44,8,158697.61,1,1,0,107181.22,1.4806337282433597,0.1111111111111111,0,352
2025,614,Spain,Male,36,5,0.0,2,1,0,130610.78,0.0,0.3333333333333333,0,180
2025,820,Germany,Male,39,9,111336.89,1,1,0,16770.31,6.638532708536184,0.1,0,351
2025,681,Germany,Female,44,3,105206.7,2,1,1,163558.36,0.6432325242651965,0.5,2,132
2025,651,France,Male,40,4,0.0,2,1,1,147715.83,0.0,0.4,2,160
2025,697,Germany,Male,43,8,103409.16,1,1,0,66893.28,1.5458595264049484,0.1111111111111111,0,344
2025,661,France,Female,34,0,0.0,2,1,0,185555.63,0.0,2.0,0,0
2025,754,Spain,Male,35,4,0.0,2,1,1,9658.41,0.0,0.4,2,140
2025,749,Germany,Male,46,10,78136.36,2,1,1,73470.98,1.0634851544765773,0.18181818181818182,2,460
2025,542,Spain,Male,32,2,131945.94,1,0,1,159737.56,0.8260118283274871,0.3333333333333333,1,64
2025,674,France,Female,31,1,0.0,1,1,0,128954.05,0.0,0.5,0,31
2025,702,France,Male,40,3,148556.74,1,0,1,146056.29,1.0171128055299394,0.25,1,120
2025,760,France,Male,38,6,162888.73,1,1,0,91098.76,1.7880258960067514,0.14285714285714285,0,228
2025,513,Spain,Female,31,5,174853.46,1,1,0,84238.63,2.075667473848116,0.16666666666666666,0,155
2025,597,France,Male,19,2,0.0,2,1,1,91036.74,0.0,0.6666666666666666,2,38
2025,704,Germany,Female,35,3,154206.07,2,1,1,40261.49,3.83001821298186,0.5,2,105
2025,823,France,Male,38,1,0.0,2,1,0,156603.7,0.0,1.0,0,38
2025,640,Spain,Male,36,4,0.0,1,0,0,173016.46,0.0,0.2,0,144
2025,805,Germany,Male,50,9,130023.38,1,1,0,62989.82,2.064163952779151,0.1,0,450
2025,447,France,Male,41,3,0.0,4,1,1,197490.39,0.0,1.0,4,123
2025,589,France,Female,46,10,107238.85,2,1,0,37024.28,2.896368373176381,0.18181818181818182,0,460
2025,670,France,Female,35,3,103465.02,2,1,1,174627.06,0.5924879426593871,0.5,2,105
2025,755,France,Female,29,4,148654.84,2,1,1,28805.09,5.160535150726808,0.4,2,116
2025,516,France,Female,46,1,104947.72,1,1,0,115789.25,0.9063605959914587,0.5,0,46
2025,599,Germany,Male,46,9,123444.72,1,1,1,31368.08,3.9352355886752175,0.1,1,414
2025,589,Germany,Male,38,8,92219.21,1,1,0,99106.97,0.9304923710979047,0.1111111111111111,0,304
2025,433,Spain,Male,34,9,152806.74,1,1,0,19687.99,7.761024816407544,0.1,0,306
2025,665,France,Female,55,8,136354.16,1,1,1,93769.89,1.4541203565413532,0.1111111111111111,1,440
2025,687,Germany,Male,41,10,134318.21,2,1,1,198064.52,0.6781503918501312,0.18181818181818182,2,410
2025,732,France,Male,26,7,0.0,2,1,0,154364.66,0.0,0.25,0,182
2025,635,Germany,Female,28,3,81623.67,2,1,1,156791.36,0.520584485111392,0.5,2,84
2025,472,France,Female,26,5,0.0,2,1,0,108411.66,0.0,0.3333333333333333,0,130
2025,460,France,Female,27,7,0.0,2,1,0,156150.08,0.0,0.25,0,189
2025,667,Germany,Female,39,4,83765.35,2,1,0,118358.54,0.7077194622419115,0.4,0,156
2025,455,Germany,Female,37,6,170057.62,1,0,1,54398.56,3.126084475683259,0.14285714285714285,1,222
2025,571,Germany,Female,66,9,111577.01,1,0,1,189271.9,0.589503357321624,0.1,1,594
2025,705,Germany,Female,43,10,146547.78,1,0,1,10072.55,14.547779084831069,0.09090909090909091,1,430
2025,537,France,Male,59,9,0.0,2,0,0,103799.77,0.0,0.2,0,531
2025,621,Spain,Male,53,9,170491.84,1,1,0,35588.07,4.790567441071093,0.1,0,477
2025,598,Germany,Female,50,5,88379.81,3,0,1,64157.24,1.377528591806758,0.5,3,250
2025,607,Spain,Female,33,2,108431.87,2,0,1,109291.39,0.9921264417403627,0.6666666666666666,2,66
2025,523,France,Female,73,7,0.0,2,0,0,130883.9,0.0,0.25,0,511
2025,423,France,Female,36,5,97665.61,1,1,0,118372.55,0.8250627779601102,0.16666666666666666,0,180
2025,701,France,Male,41,10,0.0,2,1,1,146257.77,0.0,0.18181818181818182,2,410
2025,683,France,Male,33,8,0.0,1,0,0,73564.44,0.0,0.1111111111111111,0,264
2025,608,France,Female,47,6,0.0,1,1,1,126012.57,0.0,0.14285714285714285,1,282
2025,718,France,Male,29,2,0.0,1,1,0,126336.72,0.0,0.3333333333333333,0,58
2025,590,France,Male,36,1,0.0,2,1,0,48876.84,0.0,1.0,0,36
2025,779,France,Male,49,9,106160.37,1,0,0,116893.87,0.9081696228414472,0.1,0,441
2025,538,France,Female,38,8,88758.95,2,0,0,28226.15,3.144453124031296,0.2222222222222222,0,304
2025,680,France,Female,37,10,123806.28,1,1,0,81776.84,1.5139343372238738,0.09090909090909091,0,370
2025,721,France,Male,42,4,102936.72,1,0,0,1187.88,86.5829351995155,0.2,0,168
2025,760,Spain,Male,43,6,175735.5,1,1,1,157337.29,1.1169277357723921,0.14285714285714285,1,258
2025,628,Germany,Male,50,4,122227.71,1,0,1,14217.77,8.59622245806072,0.2,1,200
2025,850,France,Male,49,5,122486.47,1,0,1,59748.19,2.0500105524443093,0.16666666666666666,1,245
2025,516,France,Female,46,6,62212.29,1,0,1,171681.86,0.36236750715825683,0.14285714285714285,1,276
2025,803,France,Female,32,9,192122.84,1,1,1,54277.45,3.5395785988730335,0.1,1,288
2025,579,Spain,Male,56,4,99340.83,1,0,0,4523.74,21.9550360904715,0.2,0,224
2025,497,Germany,Female,55,7,131778.66,1,1,1,9972.64,13.212694663132018,0.125,1,385
2025,532,France,Male,38,9,0.0,2,0,0,30583.95,0.0,0.2,0,342
2025,580,Germany,Male,35,10,136281.41,2,1,1,24799.47,5.49511400388783,0.18181818181818182,2,350
2025,710,Germany,Male,45,9,108231.37,1,1,1,188574.08,0.5739431212225921,0.1,1,405
2025,619,France,Male,43,1,125211.92,1,1,1,113410.49,1.1040496866763676,0.5,1,43
2025,750,Germany,Female,52,6,107467.56,1,1,0,126233.18,0.8513348761801282,0.14285714285714285,0,312
2025,646,Germany,Male,48,8,169023.33,2,1,1,175657.55,0.9622266038288486,0.2222222222222222,2,384
2025,506,Germany,Female,59,3,190353.08,1,1,0,78365.75,2.4290031167555117,0.25,0,177
2025,711,France,Female,25,7,0.0,3,1,1,9679.28,0.0,0.375,3,175
2025,546,Spain,Male,42,7,139070.51,1,1,1,86945.0,1.5995044050330092,0.125,1,294
2025,720,France,Female,38,10,0.0,2,1,1,56229.72,0.0,0.18181818181818182,2,380
2025,718,Spain,Male,32,8,0.0,2,1,1,41399.33,0.0,0.2222222222222222,2,256
2025,567,Germany,Male,29,5,129750.68,1,1,0,109257.59,1.1875558708930802,0.16666666666666666,0,145
2025,466,Germany,Female,56,2,111920.13,3,1,0,197634.11,0.5662967981751826,1.0,0,112
2025,603,France,Male,31,4,0.0,2,0,1,9607.1,0.0,0.4,2,124
2025,516,Germany,Female,33,10,138847.9,1,1,1,127256.7,1.0910766106883905,0.09090909090909091,1,330
2025,778,France,Female,65,7,0.0,1,1,1,77867.23,0.0,0.125,1,455
2025,721,France,Male,54,5,0.0,2,1,1,4493.12,0.0,0.3333333333333333,2,270
2025,753,Germany,Male,32,5,159904.79,1,1,0,148811.14,1.074541297504357,0.16666666666666666,0,160
2025,834,Spain,Male,34,5,0.0,2,0,0,53437.1,0.0,0.3333333333333333,0,170
2025,680,France,Female,43,4,0.0,2,1,1,58761.33,0.0,0.4,2,172
2025,718,Spain,Male,40,9,0.0,2,0,0,121537.91,0.0,0.2,0,360
2025,844,France,Male,40,7,113348.14,1,1,0,31904.31,3.5526418643166293,0.125,0,280
2025,753,France,Female,50,4,0.0,2,1,1,861.4,0.0,0.4,2,200
2025,671,Germany,Male,28,8,119859.52,2,1,0,125422.66,0.9556372378225927,0.2222222222222222,0,224
2025,648,Germany,Male,34,3,95039.73,2,1,1,147055.87,0.646278749166904,0.5,2,102
2025,780,Germany,Male,51,4,126725.25,1,1,0,195259.31,0.6490067028983002,0.2,0,204
2025,699,France,Female,49,2,0.0,1,0,0,105760.01,0.0,0.3333333333333333,0,98
2025,625,Spain,Female,57,7,0.0,1,0,0,84106.17,0.0,0.125,0,399
2025,613,France,Male,36,9,131307.11,1,0,0,83343.73,1.5754698587421183,0.1,0,324
2025,473,France,Female,35,6,69617.36,1,1,0,143345.69,0.48565725514834,0.14285714285714285,0,210
2025,660,Germany,Female,23,6,166070.48,2,0,0,90494.72,1.835119716158952,0.2857142857142857,0,138
2025,573,Spain,Female,72,8,98765.84,1,1,1,96015.53,1.0286337154654517,0.1111111111111111,1,576
2025,667,Germany,Male,55,9,154393.43,1,1,1,137674.96,1.1214262097754757,0.1,1,495
2025,682,Germany,Female,35,2,117438.92,2,1,1,16910.98,6.944125998256857,0.6666666666666666,2,70
2025,590,France,Male,31,8,112211.61,1,1,0,26261.42,4.272706399486415,0.1111111111111111,0,248
2025,737,Germany,Male,50,4,127552.85,2,1,0,4225.11,30.182094171708737,0.4,0,200
2025,850,France,Female,38,2,0.0,2,1,0,9015.07,0.0,0.6666666666666666,0,76
2025,757,France,Male,28,3,75381.15,1,1,1,199727.72,0.3774176793402571,0.25,1,84
2025,518,Germany,Female,41,5,110624.99,1,1,0,89327.67,1.2384040868402049,0.16666666666666666,0,205
2025,789,Spain,Female,40,4,0.0,2,1,0,137402.27,0.0,0.4,0,160
2025,644,Germany,Female,32,8,141528.88,1,1,1,167087.34,0.8470302595620975,0.1111111111111111,1,256
2025,599,Spain,Male,42,6,0.0,2,1,0,113868.4,0.0,0.2857142857142857,0,252
2025,639,Spain,Female,28,8,97840.72,1,1,1,178222.77,0.548976828399489,0.1111111111111111,1,224
2025,714,Spain,Male,34,5,0.0,2,1,0,193040.32,0.0,0.3333333333333333,0,170
2025,678,Spain,Female,61,8,0.0,2,1,1,159938.82,0.0,0.2222222222222222,2,488
2025,622,France,Male,35,8,0.0,2,1,1,131772.51,0.0,0.2222222222222222,2,280
2025,689,Spain,Male,40,2,0.0,2,1,1,164768.82,0.0,0.6666666666666666,2,80
2025,712,France,Male,24,2,0.0,1,0,1,121232.51,0.0,0.3333333333333333,1,48
2025,545,Germany,Male,33,1,132527.9,2,0,1,107429.71,1.2336128095960641,1.0,2,33
2025,495,Germany,Male,39,8,120252.02,2,1,1,10160.23,11.83439603276375,0.2222222222222222,2,312
2025,416,Germany,Female,41,10,122189.66,2,1,0,98301.61,1.2429950740880633,0.18181818181818182,0,410
2025,688,France,Male,52,1,0.0,2,1,1,172033.57,0.0,1.0,2,52
2025,767,France,Female,44,2,152509.25,1,1,1,136915.15,1.1138879525899612,0.3333333333333333,1,88
2025,690,France,Male,47,2,0.0,2,1,0,151375.73,0.0,0.6666666666666666,0,94
2025,528,Spain,Male,23,7,104744.89,1,1,0,170262.97,0.6151911646368871,0.125,0,161
2025,627,Germany,Female,30,4,79871.02,2,1,0,129826.89,0.6152069482142859,0.4,0,120
2025,618,Spain,Female,40,8,0.0,2,1,0,80204.38,0.0,0.2222222222222222,0,320
2025,813,France,Male,34,0,0.0,2,1,0,43169.15,0.0,2.0,0,0
2025,580,Spain,Male,32,9,142188.2,2,0,1,128028.6,1.110588488911939,0.2,2,288
2025,683,Germany,Female,35,5,95698.79,1,0,1,182566.76,0.5241823090780102,0.16666666666666666,1,175
2025,763,Spain,Female,39,7,0.0,2,1,0,19458.75,0.0,0.25,0,273
2025,702,France,Male,37,10,150525.8,1,1,1,94728.49,1.589006760196851,0.09090909090909091,1,370
2025,577,France,Female,46,1,0.0,1,1,1,158750.53,0.0,0.5,1,46
2025,694,Germany,Female,58,1,143212.22,1,0,0,102628.56,1.3954285685332763,0.5,0,58
2025,649,France,Female,45,5,92786.66,1,1,0,173365.9,0.5352040095312312,0.16666666666666666,0,225
2025,683,France,Female,40,1,0.0,2,0,0,75762.0,0.0,1.0,0,40
2025,675,Spain,Male,35,8,0.0,2,1,0,29062.25,0.0,0.2222222222222222,0,280
2025,650,Germany,Female,25,2,114330.95,1,1,1,25325.07,4.514358129784842,0.3333333333333333,1,50
2025,741,Spain,Male,35,6,74371.49,1,0,0,99595.67,0.7467266726889564,0.14285714285714285,0,210
2025,725,France,Male,66,4,86459.8,1,1,1,141476.56,0.6111202370185067,0.2,1,264
2025,762,France,Male,29,6,141389.06,1,1,0,54122.89,2.6123225806570813,0.14285714285714285,0,174
2025,602,France,Female,39,6,154121.32,2,1,0,176614.86,0.8726357870691795,0.2857142857142857,0,234
2025,585,Germany,Female,40,3,162261.01,2,1,0,137028.51,1.1841318705729882,0.5,0,120
2025,730,Spain,Female,33,9,0.0,2,0,0,176576.62,0.0,0.2,0,297
2025,730,France,Female,32,9,127661.69,1,0,0,60905.51,2.09602700926387,0.1,0,288
2025,702,Spain,Female,38,2,0.0,1,1,1,161888.63,0.0,0.3333333333333333,1,76
2025,566,Germany,Female,35,1,123042.0,1,1,0,66245.44,1.8573375414588316,0.5,0,35
2025,552,France,Female,38,9,134105.01,1,0,0,57850.1,2.3181064837142253,0.1,0,342
2025,791,Germany,Male,35,5,129828.58,1,1,1,181918.26,0.7136604447489507,0.16666666666666666,1,175
2025,721,France,Male,69,2,108424.19,1,1,1,178418.35,0.6076929996662358,0.3333333333333333,1,138
2025,697,France,Male,35,5,133087.76,1,1,0,64771.61,2.0546919446352403,0.16666666666666666,0,175
2025,647,France,Female,40,9,0.0,2,0,1,92357.21,0.0,0.2,2,360
2025,850,Germany,Male,32,9,141827.33,2,1,1,149458.73,0.9489334016594301,0.2,2,288
2025,597,Spain,Female,66,3,0.0,1,1,1,70532.53,0.0,0.25,1,198
2025,695,France,Female,36,2,0.0,2,0,1,167749.54,0.0,0.6666666666666666,2,72
2025,692,France,Female,30,7,0.0,2,1,1,18826.34,0.0,0.25,2,210
2025,767,Germany,Female,33,1,144753.21,1,1,1,132480.75,1.0926275505871563,0.5,1,33
2025,786,France,Female,62,8,0.0,1,1,1,165702.64,0.0,0.1111111111111111,1,496
2025,697,France,Female,39,6,151553.19,1,1,1,44946.29,3.37179816625207,0.14285714285714285,1,234
2025,692,France,Male,40,6,163505.16,1,0,0,90424.09,1.8081835472875947,0.14285714285714285,0,240
2025,489,France,Male,34,5,0.0,1,0,0,43540.59,0.0,0.16666666666666666,0,170
2025,549,France,Female,52,1,0.0,1,0,1,8636.05,0.0,0.5,1,52
2025,657,Spain,Male,34,5,154983.98,1,1,0,27738.01,5.587221029157133,0.16666666666666666,0,170
2025,698,France,Male,41,3,90605.29,1,1,1,14357.0,6.310439476250174,0.25,1,123
2025,615,France,Male,30,7,0.0,2,1,1,156346.84,0.0,0.25,2,210
2025,727,France,Male,62,5,0.0,2,0,1,38652.96,0.0,0.3333333333333333,2,310
2025,589,Germany,Male,48,5,126111.61,1,0,1,133961.19,0.9413970464352666,0.16666666666666666,1,240
2025,691,Germany,Male,27,3,160358.68,2,1,0,142367.72,1.1263617457542638,0.5,0,81
2025,689,Germany,Female,40,4,78119.59,4,1,0,119259.34,0.6550341043803832,0.8,0,160
2025,663,Germany,Male,49,7,116150.65,3,1,1,84358.71,1.3768498018781712,0.375,3,343
2025,637,Germany,Female,55,1,123378.2,1,1,0,81431.99,1.5150886636975995,0.5,0,55
2025,712,France,Male,32,9,100606.02,1,1,0,165693.06,0.6071794003961277,0.1,0,288
2025,577,Germany,Female,43,3,127940.47,1,0,0,125140.72,1.0223646438613758,0.25,0,129
2025,614,France,Female,41,8,121558.46,1,1,1,598.8,202.66498832944316,0.1111111111111111,1,328
2025,511,Germany,Female,40,9,124401.6,1,1,0,198814.24,0.6257146081960318,0.1,0,360
2025,569,Spain,Female,41,4,139840.36,1,1,1,163524.7,0.8551583023341284,0.2,1,164
2025,571,France,Female,35,8,0.0,2,0,0,84569.13,0.0,0.2222222222222222,0,280
2025,656,Spain,Male,33,4,0.0,2,1,0,116706.0,0.0,0.4,0,132
2025,641,Spain,Male,25,10,0.0,2,1,1,180808.39,0.0,0.18181818181818182,2,250
2025,742,Germany,Male,33,0,181656.51,1,1,1,107667.91,1.68717701330867,1.0,1,0
2025,603,Spain,Female,56,5,90778.76,2,1,0,162223.67,0.5595866522644182,0.3333333333333333,0,280
2025,607,Germany,Male,39,2,84468.67,2,1,1,121945.42,0.6926703547344809,0.6666666666666666,2,78
2025,682,Spain,Female,64,9,0.0,2,1,1,103318.44,0.0,0.2,2,576
2025,755,France,Female,29,3,0.0,3,1,0,4733.94,0.0,0.75,0,87
2025,679,Germany,Male,35,1,110245.13,1,1,1,178291.09,0.6183399947804752,0.5,1,35
2025,585,France,Female,35,2,0.0,2,1,0,98621.04,0.0,0.6666666666666666,0,70
2025,816,Germany,Female,25,2,150355.35,2,1,1,35770.84,4.2031762973333215,0.6666666666666666,2,50
2025,581,Spain,Female,44,7,189318.16,2,1,0,45026.23,4.204526016812493,0.25,0,308
2025,777,Germany,Male,35,7,122917.69,1,1,1,76169.68,1.6137139644808214,0.125,1,245
2025,546,France,Female,47,8,0.0,1,1,1,66408.01,0.0,0.1111111111111111,1,376
2025,850,France,Female,28,9,0.0,2,1,1,164864.67,0.0,0.2,2,252
2025,602,Spain,Male,34,8,98382.72,1,1,0,39542.0,2.4879933237235416,0.1111111111111111,0,272
2025,613,Spain,Male,35,4,123557.65,2,0,1,170903.4,0.7229635398503491,0.4,2,140
2025,850,Spain,Male,49,8,0.0,1,0,0,25867.67,0.0,0.1111111111111111,0,392
2025,438,Germany,Male,59,7,127197.14,1,1,0,51565.98,2.4666393106596507,0.125,0,413
2025,572,France,Female,38,7,0.0,2,1,1,133122.62,0.0,0.25,2,266
2025,683,France,Female,29,0,157829.12,1,0,0,129891.66,1.2150734306311073,1.0,0,0
2025,719,Germany,Female,76,10,95052.29,1,1,0,176244.87,0.5393164106483743,0.09090909090909091,0,760
2025,815,France,Male,35,4,0.0,2,0,1,198490.33,0.0,0.4,2,140
2025,519,France,Male,36,9,0.0,2,0,1,145562.4,0.0,0.2,2,324
2025,662,France,Male,34,2,0.0,2,0,1,21497.27,0.0,0.6666666666666666,2,68
2025,628,Germany,Male,39,1,115341.19,1,1,1,107674.3,1.0711945079326457,0.5,1,39
2025,584,France,Female,35,2,114321.28,2,0,0,15959.01,7.162982980587104,0.6666666666666666,0,70
2025,823,Spain,Female,46,3,81576.75,1,1,1,28370.95,2.8752606006989296,0.25,1,138
2025,512,Spain,Male,39,3,0.0,1,1,0,134878.19,0.0,0.25,0,117
2025,656,France,Male,38,10,0.0,1,1,1,136521.82,0.0,0.09090909090909091,1,380
2025,712,Spain,Female,39,5,163097.55,2,1,1,23702.42,6.880760244724179,0.3333333333333333,2,195
2025,732,Spain,Male,54,0,134249.7,1,0,1,13404.4,10.014598594596208,1.0,1,0
2025,479,France,Male,47,6,121797.09,1,0,1,5811.9,20.952896144781434,0.14285714285714285,1,282
2025,737,Germany,Male,43,8,96353.8,1,0,0,10209.8,9.436459435107926,0.1111111111111111,0,344
2025,628,Germany,Female,36,3,91286.51,1,1,0,63085.94,1.4469953686135355,0.25,0,108
2025,529,France,Male,42,1,157498.9,1,1,1,82276.62,1.9142374317584783,0.5,1,42
2025,720,France,Male,33,9,0.0,2,1,1,142956.48,0.0,0.2,2,297
2025,711,France,Male,64,4,0.0,2,1,1,3185.67,0.0,0.4,2,256
2025,676,Spain,Female,64,4,116954.32,1,1,1,91149.48,1.2830905553102958,0.2,1,256
2025,576,France,Male,24,3,0.0,1,0,1,78498.04,0.0,0.25,1,72
2025,487,France,Male,37,6,0.0,2,1,1,126477.41,0.0,0.2857142857142857,2,222
2025,516,France,Female,40,9,0.0,2,0,1,33266.29,0.0,0.2,2,360
2025,534,France,Female,49,7,0.0,1,1,0,13566.48,0.0,0.125,0,343
2025,714,France,Male,52,4,100755.66,1,1,1,186775.25,0.5394457807135543,0.2,1,208
2025,622,Spain,Female,58,2,0.0,2,1,1,33277.31,0.0,0.6666666666666666,2,116
2025,534,France,Male,35,2,81951.74,2,1,0,115668.53,0.7084989452278401,0.6666666666666666,0,70
2025,649,Spain,Female,47,8,110783.28,1,1,1,71420.16,1.5511268649235044,0.1111111111111111,1,376
2025,577,Spain,Female,33,6,0.0,2,1,0,57975.8,0.0,0.2857142857142857,0,198
2025,673,France,Female,42,4,0.0,2,1,0,121440.8,0.0,0.4,0,168
2025,580,Germany,Male,44,9,143391.07,1,0,0,146891.07,0.9761661742529736,0.1,0,396
2025,775,France,Male,31,9,0.0,2,1,0,169278.51,0.0,0.2,0,279
2025,608,France,Female,30,8,0.0,2,1,0,128875.86,0.0,0.2222222222222222,0,240
2025,691,France,Male,34,8,133936.04,2,1,0,91359.79,1.4660122794472334,0.2222222222222222,0,272
2025,590,France,Female,45,2,81828.22,1,1,0,52167.97,1.5685228211329454,0.3333333333333333,0,90
2025,590,France,Male,39,9,0.0,2,1,1,104730.52,0.0,0.2,2,351
2025,849,France,Female,41,6,0.0,2,1,1,169203.51,0.0,0.2857142857142857,2,246
2025,367,Spain,Male,42,6,93608.28,1,1,0,168816.73,0.5544931803075424,0.14285714285714285,0,252
2025,606,Spain,Male,33,8,0.0,2,1,1,63176.77,0.0,0.2222222222222222,2,264
2025,714,Germany,Male,39,3,149887.49,2,1,0,63846.36,2.347591035870551,0.5,0,117
2025,724,France,Female,34,3,132352.69,1,1,0,80320.3,1.6477906856587232,0.25,0,102
2025,512,France,Male,43,1,0.0,2,1,1,52471.36,0.0,1.0,2,43
2025,655,France,Female,34,3,0.0,2,1,0,159638.77,0.0,0.5,0,102
2025,658,France,Female,29,8,0.0,2,0,1,130461.09,0.0,0.2222222222222222,2,232
2025,562,France,Male,30,3,111099.79,2,0,0,140650.19,0.7898958409097,0.5,0,90
2025,719,Spain,Male,37,10,145382.61,1,1,0,80408.59,1.8080257591165432,0.09090909090909091,0,370
2025,735,Germany,Female,43,9,98807.45,1,0,0,184570.04,0.5353356084464821,0.1,0,387
2025,756,Germany,Female,39,3,100717.85,3,1,1,73406.04,1.3720461961141603,0.75,3,117
2025,620,France,Male,32,7,0.0,2,1,1,34665.79,0.0,0.25,2,224
2025,567,France,Male,59,3,0.0,2,1,0,25843.7,0.0,0.5,0,177
2025,736,France,Male,43,4,202443.47,1,1,0,72375.03,2.7971065834917996,0.2,0,172
2025,593,France,Male,50,6,171740.69,1,0,0,20893.61,8.21937762896747,0.14285714285714285,0,300
2025,627,France,Female,41,6,0.0,3,1,1,138700.75,0.0,0.42857142857142855,3,246
2025,742,France,Female,35,2,79126.17,1,1,1,126997.53,0.6230479203184478,0.3333333333333333,1,70
2025,538,Germany,Male,39,7,108055.1,2,1,0,27231.26,3.9679079150977556,0.25,0,273
2025,703,Spain,Male,73,5,137761.55,1,1,1,159677.46,0.8627434783627046,0.16666666666666666,1,365
2025,599,France,Male,50,3,121159.65,1,0,0,4033.39,30.031714831734163,0.25,0,150
2025,606,Spain,Female,46,8,0.0,2,1,1,183717.94,0.0,0.2222222222222222,2,368
2025,468,France,Female,22,1,76318.64,1,1,1,194783.12,0.39181140639185574,0.5,1,22
2025,579,France,Female,33,1,118392.75,1,1,1,157564.75,0.7513863260258019,0.5,1,33
2025,577,Spain,Female,44,8,115557.0,1,0,1,127506.76,0.9062742534258308,0.1111111111111111,1,352
2025,599,France,Male,58,4,0.0,1,0,0,176407.15,0.0,0.2,0,232
2025,739,Spain,Male,31,1,0.0,2,1,1,58469.75,0.0,1.0,2,31
2025,774,France,Female,28,1,71264.02,2,0,1,68759.57,1.0364082205833953,1.0,2,28
2025,663,Spain,Male,33,9,0.0,2,0,0,91514.62,0.0,0.2,0,297
2025,768,Germany,Female,47,5,104552.61,1,1,0,48137.08,2.1719314521892024,0.16666666666666666,0,235
2025,693,Germany,Female,43,1,121927.92,1,1,0,87994.95,1.3856083149281302,0.5,0,43
2025,575,France,Male,27,3,139301.68,1,1,0,99843.98,1.395179607427434,0.25,0,81
2025,562,France,Female,51,1,124662.54,1,1,1,65390.46,1.9064039860862565,0.5,1,51
2025,773,Spain,Female,39,4,0.0,2,0,1,182081.45,0.0,0.4,2,156
2025,623,Spain,Female,40,4,0.0,3,1,0,31669.18,0.0,0.6,0,160
2025,527,Spain,Male,37,5,93722.73,2,1,1,139093.73,0.6738050391988251,0.3333333333333333,2,185
2025,551,Germany,Male,54,5,102994.04,1,1,0,176680.16,0.5829373092184814,0.16666666666666666,0,270
2025,767,France,Male,43,1,76408.85,2,1,0,77837.63,0.9816314855490134,1.0,0,43
2025,555,France,Male,51,5,0.0,3,1,0,189122.89,0.0,0.5,0,255
2025,616,France,Female,31,8,0.0,1,0,1,76456.17,0.0,0.1111111111111111,1,248
2025,691,Germany,Female,38,5,114753.76,1,1,0,107665.02,1.0658307978691883,0.16666666666666666,0,190
2025,724,Spain,Male,39,3,0.0,2,0,1,95562.81,0.0,0.5,2,117
2025,626,Spain,Female,48,2,0.0,2,1,1,95794.98,0.0,0.6666666666666666,2,96
2025,749,Spain,Female,28,3,0.0,1,1,0,3408.7,0.0,0.25,0,84
2025,539,Germany,Female,43,3,116220.5,3,1,0,55803.96,2.082619537761518,0.75,0,129
2025,660,France,Male,19,5,127649.64,1,1,1,40368.65,3.1620199828336384,0.16666666666666666,1,95
2025,655,Spain,Female,35,1,106405.03,1,1,1,82900.25,1.2835153872830627,0.5,1,35
2025,773,Spain,Male,51,4,0.0,2,0,0,123587.83,0.0,0.4,0,204
2025,527,Germany,Female,30,6,126663.51,1,1,1,162267.91,0.7805778075418144,0.14285714285714285,1,180
2025,782,France,Female,35,4,0.0,1,1,1,119565.34,0.0,0.2,1,140
2025,688,France,Male,38,7,148045.68,1,1,0,175479.92,0.8436568488471566,0.125,0,266
2025,718,France,Male,36,9,0.0,1,1,0,45909.87,0.0,0.1,0,324
2025,769,France,Female,25,10,0.0,2,0,0,187925.75,0.0,0.18181818181818182,0,250
2025,812,Germany,Male,33,2,127154.14,2,0,1,105383.49,1.2065735669451927,0.6666666666666666,2,66
2025,659,Spain,Male,60,2,0.0,1,1,0,177480.45,0.0,0.3333333333333333,0,120
2025,654,France,Male,40,6,0.0,1,0,0,183872.88,0.0,0.14285714285714285,0,240
2025,411,France,Female,35,2,0.0,2,1,1,93825.78,0.0,0.6666666666666666,2,70
2025,770,France,Female,33,4,0.0,1,1,0,26080.54,0.0,0.2,0,132
2025,654,France,Female,24,8,145081.73,1,1,1,130075.07,1.1153606501180424,0.1111111111111111,1,192
2025,710,Spain,Male,35,1,106518.52,1,1,1,127951.81,0.8324828505134042,0.5,1,35
2025,690,Spain,Male,26,8,116318.23,1,1,1,83253.05,1.397148006613492,0.1111111111111111,1,208
2025,721,Germany,Male,68,4,136525.99,1,0,0,175399.14,0.7783687629895847,0.2,0,272
2025,649,Spain,Female,49,2,0.0,1,1,0,84863.85,0.0,0.3333333333333333,0,98
2025,632,Germany,Male,48,6,126066.26,1,1,0,64345.61,1.9591748500814572,0.14285714285714285,0,288
2025,693,France,Male,43,6,128760.32,1,1,0,36342.79,3.5428423948080265,0.14285714285714285,0,258
2025,476,France,Female,40,4,0.0,2,0,0,182547.04,0.0,0.4,0,160
2025,489,France,Male,38,8,0.0,2,0,1,196990.79,0.0,0.2222222222222222,2,304
2025,639,Germany,Female,37,5,151242.48,1,0,1,49637.65,3.046869324608949,0.16666666666666666,1,185
2025,718,Germany,Male,32,9,169947.41,2,1,1,27979.16,6.073854116631213,0.2,2,288
2025,850,France,Male,40,6,0.0,1,1,0,136985.08,0.0,0.14285714285714285,0,240
2025,773,France,Female,50,4,0.0,2,1,0,129372.94,0.0,0.4,0,200
2025,622,France,Male,31,7,0.0,1,1,0,35408.77,0.0,0.125,0,217
2025,652,Spain,Female,38,6,123081.84,2,1,1,188657.97,0.6524038586662484,0.2857142857142857,2,228
2025,540,France,Male,37,6,0.0,2,1,0,141998.89,0.0,0.2857142857142857,0,222
2025,451,France,Female,36,2,0.0,2,1,1,180142.42,0.0,0.6666666666666666,2,72
2025,510,France,Female,30,0,0.0,2,1,1,130553.47,0.0,2.0,2,0
2025,509,France,Male,30,6,0.0,2,1,0,180598.86,0.0,0.2857142857142857,0,180
2025,693,France,Male,29,2,151352.74,1,0,0,197145.89,0.767715585064517,0.3333333333333333,0,58
2025,774,Spain,Female,36,8,117152.3,1,0,0,101828.39,1.1504763015864083,0.1111111111111111,0,288
2025,648,France,Male,38,10,82697.28,1,1,0,74846.67,1.1048744737144123,0.09090909090909091,0,380
2025,689,Spain,Female,63,1,0.0,2,1,1,186526.12,0.0,1.0,2,63
2025,610,France,Female,57,7,72092.95,4,0,1,113228.82,0.6366957926807619,0.5,4,399
2025,682,France,Male,40,4,0.0,1,0,1,105352.55,0.0,0.2,1,160
2025,703,Germany,Female,38,9,99167.54,1,1,0,65720.92,1.5088959665207589,0.1,0,342
2025,690,Germany,Male,43,2,166522.78,1,0,0,119644.59,1.3918003998308672,0.3333333333333333,0,86
2025,693,France,Female,28,8,0.0,2,1,1,158545.25,0.0,0.2222222222222222,2,224
2025,609,France,Male,26,10,126392.18,1,0,1,43651.49,2.8954174206328207,0.09090909090909091,1,260
2025,499,Spain,Female,42,0,147187.84,1,1,1,14868.94,9.89834794222438,1.0,1,0
2025,577,France,Female,30,8,92472.1,2,0,1,126434.61,0.7313770226599927,0.2222222222222222,2,240
2025,654,Germany,Female,32,1,114510.85,1,1,1,126143.23,0.9077771531840974,0.5,1,32
2025,769,France,Female,31,6,117852.26,2,1,0,147668.64,0.7980804991466085,0.2857142857142857,0,186
2025,477,Germany,Female,39,4,182491.57,1,1,0,185830.72,0.982025942610874,0.2,0,156
2025,773,Germany,Female,42,8,152324.66,2,1,0,171733.22,0.8869790773207576,0.2222222222222222,0,336
2025,704,France,Female,33,0,130499.09,2,1,1,74804.36,1.7445152325983058,2.0,2,0
2025,635,Spain,Male,29,2,0.0,2,0,0,117173.8,0.0,0.6666666666666666,0,58
2025,733,Spain,Female,38,5,0.0,2,1,1,1271.51,0.0,0.3333333333333333,2,190
2025,669,Germany,Male,45,1,123949.75,1,0,0,110881.56,1.117847116805384,0.5,0,45
2025,678,Germany,Female,25,10,76968.12,2,0,1,131501.72,0.5852967908192317,0.18181818181818182,2,250
2025,670,Spain,Female,32,3,0.0,2,1,0,46175.7,0.0,0.5,0,96
2025,775,France,Male,30,4,0.0,2,1,0,49337.84,0.0,0.4,0,120
2025,761,France,Male,36,9,127637.92,1,1,1,81062.93,1.574534074526118,0.1,1,324
2025,726,France,Female,48,4,0.0,1,1,0,114020.06,0.0,0.2,0,192
2025,640,Germany,Female,46,5,107978.4,2,1,0,155876.06,0.6927151435881584,0.3333333333333333,0,230
2025,678,Germany,Female,37,2,113383.07,1,1,1,135123.96,0.8390978987153818,0.3333333333333333,1,74
2025,540,Spain,Female,40,8,0.0,2,1,0,3560.0,0.0,0.2222222222222222,0,320
2025,612,France,Female,38,7,110615.47,1,1,1,193502.93,0.5716445655651542,0.125,1,266
2025,808,France,Male,45,7,118626.55,2,1,0,147132.46,0.8062513448674422,0.25,0,315
2025,700,Spain,Male,47,4,0.0,1,1,0,121798.52,0.0,0.2,0,188
2025,643,Spain,Female,45,9,150840.03,2,1,0,155516.35,0.969924127436585,0.2,0,405
2025,715,France,Male,23,7,139224.92,2,1,0,65057.71,2.1399889422953517,0.25,0,161
2025,580,Germany,Male,45,2,179334.83,2,1,1,169303.65,1.059243381679121,0.6666666666666666,2,90
2025,643,France,Female,46,6,0.0,2,0,0,106781.59,0.0,0.2857142857142857,0,276
2025,631,Spain,Male,55,9,99685.06,1,1,0,114474.98,0.8707945544558781,0.1,0,495
2025,712,France,Male,35,7,124616.23,1,1,1,69320.97,1.7976440946499355,0.125,1,245
2025,649,France,Male,38,1,122214.0,1,0,1,88965.46,1.3737086987613083,0.5,1,38
2025,679,France,Male,60,6,0.0,2,1,1,77331.77,0.0,0.2857142857142857,2,360
2025,558,France,Female,56,7,121235.05,2,1,1,116253.1,1.042845370614886,0.25,2,392
2025,528,Spain,Male,40,4,0.0,2,1,0,25399.7,0.0,0.4,0,160
2025,776,Germany,Female,32,4,109421.13,2,1,1,126517.46,0.8648629614998475,0.4,2,128
2025,543,France,Male,22,8,0.0,2,0,0,127587.22,0.0,0.2222222222222222,0,176
2025,680,France,Female,32,5,0.0,1,1,1,150684.23,0.0,0.16666666666666666,1,160
2025,640,Germany,Female,74,2,116800.25,1,1,1,34130.43,3.422073144898998,0.3333333333333333,1,148
2025,537,Germany,Female,47,4,124192.28,2,1,1,50881.51,2.440765599024105,0.4,2,188
2025,646,France,Female,73,6,97259.25,1,0,1,104719.66,0.9287493986382438,0.14285714285714285,1,438
2025,628,Spain,Male,42,7,0.0,2,0,1,172967.87,0.0,0.25,2,294
2025,695,Spain,Male,63,1,146202.93,1,1,1,126688.83,1.1540226235997,0.5,1,63
2025,559,Spain,Male,25,5,0.0,2,1,1,163221.22,0.0,0.3333333333333333,2,125
2025,736,Germany,Male,46,5,130812.91,1,1,1,77981.54,1.6774640836269248,0.16666666666666666,1,230
2025,526,Germany,Female,35,9,118536.4,1,1,0,40980.87,2.8924107172269102,0.1,0,315
2025,550,Spain,Male,62,7,80927.56,1,0,1,64490.67,1.2548529135623252,0.125,1,434
2025,749,France,Female,27,9,0.0,2,1,0,132734.87,0.0,0.2,0,243
2025,591,Germany,Male,46,4,129269.27,1,1,0,163504.33,0.7906119635366016,0.2,0,184
2025,834,France,Female,28,6,0.0,1,1,0,74287.53,0.0,0.14285714285714285,0,168
2025,750,Spain,Female,38,7,97257.41,2,0,1,179883.04,0.5406672543044952,0.25,2,266
2025,721,France,Male,41,7,0.0,2,0,1,61018.85,0.0,0.25,2,287
2025,841,Spain,Male,28,4,0.0,2,1,1,179436.6,0.0,0.4,2,112
2025,676,Germany,Male,28,1,69459.05,2,1,1,128461.29,0.5406960283831155,1.0,2,28
2025,850,Germany,Female,32,0,116968.91,1,0,0,175094.62,0.6680287605138268,1.0,0,0
2025,529,Spain,Female,39,2,82766.43,1,1,1,122925.44,0.6733004714038736,0.3333333333333333,1,78
2025,767,Germany,Male,20,3,119714.25,2,0,1,150135.38,0.7973700311676624,0.5,2,60
2025,553,France,Female,31,4,0.0,2,1,1,89087.4,0.0,0.4,2,124
2025,728,Germany,Female,35,8,125884.95,2,1,0,54359.02,2.3157634967757557,0.2222222222222222,0,280
2025,802,Germany,Female,41,4,90757.64,2,0,1,169183.66,0.5364413062035294,0.4,2,164
2025,835,Germany,Male,20,4,124365.42,1,0,0,180197.74,0.6901569899989312,0.2,0,80
2025,553,Germany,Male,43,6,85200.82,2,1,1,160574.09,0.530597990012025,0.2857142857142857,2,258
2025,681,Germany,Male,49,8,142946.18,1,0,0,187280.51,0.7632690488238801,0.1111111111111111,0,392
2025,601,France,Male,32,8,93012.89,1,1,0,86957.42,1.0696248850887586,0.1111111111111111,0,256
2025,627,France,Female,55,2,159441.27,1,1,0,100686.11,1.583532092638273,0.3333333333333333,0,110
2025,808,France,Female,33,2,103516.87,1,1,0,113907.8,0.9087697350863146,0.3333333333333333,0,66
2025,812,Spain,Female,49,8,66079.45,2,0,0,91556.57,0.7217256858171311,0.2222222222222222,0,392
2025,667,France,Male,31,1,119266.69,1,1,1,28257.63,4.22054041544123,0.5,1,31
2025,713,Spain,Male,38,6,116980.78,2,0,1,76038.38,1.5384236431175529,0.2857142857142857,2,228
2025,850,France,Female,26,4,62610.96,2,0,1,179365.1,0.3490679676928918,0.4,2,104
2025,784,Spain,Male,33,10,0.0,2,1,0,162022.47,0.0,0.18181818181818182,0,330
2025,784,Spain,Male,38,10,122267.85,1,0,0,145759.93,0.8388245739101693,0.09090909090909091,0,380
2025,716,France,Male,39,1,70657.61,2,1,1,76476.05,0.923906060707101,1.0,2,39
2025,674,Germany,Male,47,6,106901.94,1,1,1,2079.2,51.390222094029426,0.14285714285714285,1,282
2025,695,France,Female,42,7,121453.63,1,0,0,46374.64,2.6189100570903174,0.125,0,294
2025,727,Germany,Male,34,2,146407.11,1,1,1,72073.72,2.03132402040549,0.3333333333333333,1,68
2025,826,France,Female,49,0,0.0,1,0,0,178709.98,0.0,1.0,0,0
2025,774,Spain,Female,43,1,116360.07,1,1,0,17004.14,6.8426411073357825,0.5,0,43
2025,738,France,Female,39,1,94435.45,2,0,1,189430.86,0.49851936205451397,1.0,2,39
2025,848,Spain,Male,35,5,120046.74,2,1,0,84710.65,1.4171219661050165,0.3333333333333333,0,175
2025,547,Germany,Male,32,8,155726.85,1,1,0,67789.99,2.2971614664426645,0.1111111111111111,0,256
2025,766,Germany,Female,34,6,106434.94,1,0,1,137995.66,0.7712863485246672,0.14285714285714285,1,204
2025,723,Germany,Female,47,10,90450.0,2,0,0,103379.31,0.8749248285287595,0.18181818181818182,0,470
2025,743,France,Male,36,4,0.0,2,1,1,190911.02,0.0,0.4,2,144
2025,568,Germany,Male,26,1,112930.28,2,1,0,22095.73,5.1107236229071,1.0,0,26
2025,531,Spain,Male,31,2,118899.45,2,0,0,41409.36,2.8712488855445835,0.6666666666666666,0,62
2025,619,Germany,Female,41,8,142015.76,2,1,0,114323.66,1.2422145843250267,0.2222222222222222,0,328
2025,592,Germany,Female,70,5,71816.74,2,1,0,105096.82,0.6833323469506789,0.3333333333333333,0,350
2025,719,France,Female,22,7,114415.84,1,1,1,177497.4,0.6446020921878732,0.125,1,154
2025,655,Germany,Female,36,10,122314.39,1,1,0,9181.66,13.320147974552036,0.09090909090909091,0,360
2025,537,France,Male,37,3,0.0,2,1,1,20603.32,0.0,0.5,2,111
2025,689,Germany,Male,26,4,120727.97,1,0,1,149073.88,0.8098478429095499,0.2,1,104
2025,518,France,Male,38,3,90957.81,1,0,1,162304.59,0.5604108275013818,0.25,1,114
2025,586,France,Female,28,5,0.0,3,1,0,170487.4,0.0,0.5,0,140
2025,585,France,Female,32,8,144705.87,2,0,0,171482.56,0.8438468970436582,0.2222222222222222,0,256
2025,600,Germany,Male,28,2,116623.31,1,0,1,59905.29,1.946762351666244,0.3333333333333333,1,56
2025,531,Spain,Female,42,6,75302.85,2,0,0,57034.35,1.3202838239793393,0.2857142857142857,0,252
2025,645,Germany,Male,47,9,152076.93,1,1,0,121840.2,1.2481568631957005,0.1,0,423
2025,710,Spain,Male,22,8,0.0,3,1,0,107292.91,0.0,0.3333333333333333,0,176
2025,654,France,Male,32,6,0.0,2,1,1,137898.57,0.0,0.2857142857142857,2,192
2025,490,Spain,Female,48,8,155413.06,1,1,0,187921.3,0.827007013004843,0.1111111111111111,0,384
2025,705,France,Male,61,4,0.0,2,1,1,191313.7,0.0,0.4,2,244
2025,512,Spain,Female,46,3,0.0,2,1,1,56408.14,0.0,0.5,2,138
2025,582,Germany,Male,41,6,70349.48,2,0,1,178074.04,0.3950552531112726,0.2857142857142857,2,246
2025,690,France,Male,38,1,94456.0,2,0,1,55034.02,1.7162890101611665,1.0,2,38
2025,758,Germany,Female,47,9,95523.16,1,1,0,73294.48,1.3032612652239948,0.1,0,423
2025,670,Germany,Female,40,2,147171.2,1,0,1,69850.04,2.1069292597504634,0.3333333333333333,1,80
2025,444,France,Male,36,7,0.0,2,0,1,138743.86,0.0,0.25,2,252
2025,850,Spain,Male,36,6,0.0,2,0,1,41291.05,0.0,0.2857142857142857,2,216
2025,736,Germany,Female,36,8,103914.17,1,1,1,110035.88,0.944357655360639,0.1111111111111111,1,288
2025,535,France,Female,27,6,0.0,2,0,1,49775.58,0.0,0.2857142857142857,2,162
2025,516,Spain,Female,33,3,0.0,2,1,1,58685.59,0.0,0.5,2,99
2025,631,Germany,Male,48,1,106396.48,1,1,1,150661.42,0.7061912320272035,0.5,1,48
2025,609,France,Male,25,10,0.0,1,0,1,109895.16,0.0,0.09090909090909091,1,250
2025,816,Germany,Female,38,5,130878.75,3,1,0,71905.77,1.8201172156668974,0.5,0,190
2025,666,France,Male,40,5,0.0,2,1,0,147878.05,0.0,0.3333333333333333,0,200
2025,645,Spain,Male,49,2,0.0,2,0,0,10023.15,0.0,0.6666666666666666,0,98
2025,700,France,Male,38,9,65962.63,1,1,1,100950.48,0.6534092417466293,0.1,1,342
2025,593,France,Female,33,0,95927.04,1,1,0,199478.05,0.48088779247745567,1.0,0,0
2025,716,France,Female,44,6,155114.9,1,0,0,133871.83,1.1586734963323029,0.14285714285714285,0,264
2025,676,Spain,Female,36,4,0.0,2,1,1,3173.31,0.0,0.4,2,144
2025,700,France,Female,36,4,0.0,2,1,0,130789.15,0.0,0.4,0,144
2025,638,France,Female,36,6,0.0,1,1,0,164247.51,0.0,0.14285714285714285,0,216
2025,781,France,Female,27,5,0.0,2,0,0,72969.9,0.0,0.3333333333333333,0,135
2025,527,Spain,Female,29,2,27755.97,1,1,0,97468.44,0.2847658712310238,0.3333333333333333,0,58
2025,652,Germany,Female,58,3,116353.2,2,0,1,193502.9,0.6012964079793741,0.5,2,174
2025,600,France,Female,41,1,0.0,2,1,1,91193.65,0.0,1.0,2,41
2025,728,Germany,Male,45,3,108924.33,2,1,0,84300.4,1.292082100653133,0.5,0,135
2025,724,France,Female,41,5,109798.25,1,0,1,149593.61,0.7339719659685601,0.16666666666666666,1,205
2025,520,France,Male,34,3,0.0,2,1,1,104703.96,0.0,0.5,2,102
2025,719,Spain,Male,44,4,0.0,1,0,0,84972.9,0.0,0.2,0,176
2025,554,Spain,Male,30,6,135370.12,1,1,1,179689.05,0.7533534550187949,0.14285714285714285,1,180
2025,526,Germany,Male,58,9,190298.89,2,1,1,191263.76,0.9949500890807068,0.2,2,522
2025,655,France,Male,27,2,131691.33,1,1,0,49480.66,2.6614169775225807,0.3333333333333333,0,54
2025,833,France,Female,28,4,136674.51,2,0,0,5278.78,25.88640246373902,0.4,0,112
2025,673,Germany,Male,47,1,183579.54,2,0,1,34047.54,5.391700789519903,1.0,2,47
2025,494,France,Male,25,6,0.0,2,0,1,109988.09,0.0,0.2857142857142857,2,150
2025,691,France,Female,33,1,128306.83,1,1,1,113580.79,1.1296426126054187,0.5,1,33
2025,679,Spain,Male,39,5,0.0,2,1,1,100060.54,0.0,0.3333333333333333,2,195
2025,787,France,Female,42,10,145988.65,2,1,1,79510.37,1.8360726270972316,0.18181818181818182,2,420
2025,612,Germany,Male,46,9,161450.03,1,1,1,96961.0,1.6650856005445431,0.1,1,414
2025,529,France,Female,31,2,164003.05,2,1,1,60993.23,2.688828926932924,0.6666666666666666,2,62
2025,639,Germany,Male,38,5,130170.82,1,1,1,149599.62,0.8701221960176369,0.16666666666666666,1,190
2025,678,Spain,Male,29,6,0.0,2,1,0,64443.75,0.0,0.2857142857142857,0,174
2025,564,France,Male,26,7,84006.88,2,0,0,183490.99,0.4578231453045989,0.25,0,182
2025,527,Germany,Female,39,9,96748.89,2,1,0,94711.43,1.0215015072467257,0.2,0,351
2025,579,Spain,Female,39,2,151963.26,2,1,0,158948.63,0.9560466419456277,0.6666666666666666,0,78
2025,615,France,Male,35,7,0.0,2,1,0,150784.29,0.0,0.25,0,245
2025,678,Spain,Female,39,6,0.0,1,0,1,185366.56,0.0,0.14285714285714285,1,234
2025,692,Spain,Female,47,3,0.0,2,1,0,150802.41,0.0,0.5,0,141
2025,792,Germany,Female,59,9,101609.77,1,0,0,161479.19,0.6292398466957464,0.1,0,531
2025,616,Spain,Male,71,4,0.0,2,1,1,173599.38,0.0,0.4,2,284
2025,639,France,Male,27,8,0.0,2,1,0,192247.35,0.0,0.2222222222222222,0,216
2025,659,Germany,Female,30,8,154159.51,1,1,0,40441.1,3.811857198315617,0.1111111111111111,0,240
2025,710,Germany,Female,62,9,148214.36,1,1,0,48571.14,3.0514274232100953,0.1,0,558
2025,633,France,Female,47,0,0.0,1,1,1,6342.84,0.0,1.0,1,0
2025,639,Spain,Female,39,1,141789.15,1,1,0,92455.96,1.5335692412988702,0.5,0,39
2025,523,France,Female,26,4,0.0,2,1,0,185488.81,0.0,0.4,0,104
2025,773,France,Male,25,2,135903.33,1,1,0,73656.38,1.8450741799396067,0.3333333333333333,0,50
2025,655,Germany,Male,34,7,118028.35,1,1,0,51226.32,2.304011804638619,0.125,0,238
2025,635,France,Male,34,3,134692.4,2,1,1,83773.02,1.6078063342310658,0.5,2,102
2025,581,Spain,Female,29,8,0.0,2,1,0,46735.19,0.0,0.2222222222222222,0,232
2025,756,Germany,Male,41,6,149049.92,1,0,1,50422.36,2.955969614083631,0.14285714285714285,1,246
2025,474,France,Male,37,3,98431.37,1,0,0,75698.44,1.3002919176152425,0.25,0,111
2025,769,Spain,Male,41,1,72509.91,1,1,0,25723.73,2.8186849774516585,0.5,0,41
2025,536,Spain,Male,53,2,143923.96,1,1,0,2019.78,71.22198359049476,0.3333333333333333,0,106
2025,655,France,Female,39,6,94631.26,2,1,1,148948.52,0.6353243702967287,0.2857142857142857,2,234
2025,718,France,Female,25,4,108691.95,1,1,0,63030.97,1.7243939860994348,0.2,0,100
2025,574,Germany,Male,54,1,99774.5,1,0,0,4896.11,20.37415945322854,0.5,0,54
2025,558,Spain,Female,31,7,0.0,2,1,0,166720.28,0.0,0.25,0,217
2025,701,France,Female,37,3,0.0,2,1,1,164268.28,0.0,0.5,2,111
2025,656,Spain,Male,47,1,0.0,2,1,1,197961.93,0.0,1.0,2,47
2025,509,Spain,Male,38,2,0.0,1,0,0,168460.12,0.0,0.3333333333333333,0,76
2025,709,France,Female,32,2,0.0,2,0,0,109681.29,0.0,0.6666666666666666,0,64
2025,665,France,Female,37,5,160389.82,1,0,1,183542.08,0.8738538113232055,0.16666666666666666,1,185
2025,690,France,Male,21,8,0.0,2,1,1,155782.89,0.0,0.2222222222222222,2,168
2025,592,France,Male,28,5,137222.77,1,0,0,39608.58,3.46438336382259,0.16666666666666666,0,140
2025,850,Spain,Female,45,5,174088.3,4,1,0,5669.31,30.701725302496683,0.6666666666666666,0,225
2025,643,Germany,Male,41,2,127841.52,1,1,0,172363.41,0.7416932532649867,0.3333333333333333,0,82
2025,700,France,Female,32,8,110923.15,2,1,1,161845.81,0.6853588896809273,0.2222222222222222,2,256
2025,670,Spain,Male,42,3,81589.04,1,1,0,188227.8,0.4334567292571594,0.25,0,126
2025,850,France,Male,38,7,80293.98,1,0,0,126555.74,0.6344504449150633,0.125,0,266
2025,653,Germany,Female,37,3,125734.2,2,1,0,134625.09,0.9339512125769975,0.5,0,111
2025,703,France,Male,44,6,98862.54,1,1,0,151516.7,0.6524817892563046,0.14285714285714285,0,264
2025,485,Germany,Female,30,5,156771.68,1,1,1,141148.21,1.1106805344500335,0.16666666666666666,1,150
2025,549,Germany,Female,45,3,143734.01,2,1,1,96404.38,1.4909334935456922,0.5,2,135
2025,468,Germany,Male,42,9,181627.14,2,1,0,172668.39,1.0518780427729548,0.2,0,378
2025,757,France,Female,49,2,0.0,2,0,0,164482.92,0.0,0.6666666666666666,0,98
2025,420,Germany,Female,34,1,135549.9,1,0,0,149471.13,0.9068573519357755,0.5,0,34
2025,659,Germany,Male,48,4,123593.22,2,1,0,82469.06,1.4986435077166187,0.4,0,192
2025,549,France,Female,46,7,0.0,1,1,1,109057.56,0.0,0.125,1,322
2025,738,Spain,Male,38,5,177997.07,1,0,1,19233.41,9.25409565461067,0.16666666666666666,1,190
2025,556,Spain,Male,46,3,131764.96,1,1,1,108500.66,1.2144050146329557,0.25,1,138
2025,735,France,Female,53,8,123845.36,2,0,1,170454.93,0.7265535437810817,0.2222222222222222,2,424
2025,671,Spain,Female,29,6,0.0,2,0,0,12048.67,0.0,0.2857142857142857,0,174
2025,809,France,Male,24,7,109558.36,1,1,0,183515.13,0.596995806308688,0.125,0,168
2025,804,France,Female,71,8,0.0,2,0,1,147995.96,0.0,0.2222222222222222,2,568
2025,481,Spain,Male,39,1,111233.09,1,1,1,123995.15,0.8970689009295854,0.5,1,39
2025,669,France,Female,42,9,0.0,2,0,0,135630.32,0.0,0.2,0,378
2025,718,France,Female,41,1,0.0,2,0,1,27509.52,0.0,1.0,2,41
2025,488,Germany,Male,32,3,114540.38,1,1,0,92568.07,1.2373504454565656,0.25,0,96
2025,663,Spain,Male,31,4,103430.11,2,0,1,36479.27,2.8352342238695054,0.4,2,124
2025,639,France,Female,38,5,0.0,2,0,0,93716.38,0.0,0.3333333333333333,0,190
2025,704,France,Female,40,6,95452.89,1,0,1,179964.55,0.5303953451091057,0.14285714285714285,1,240
2025,660,France,Female,20,6,167685.56,1,1,0,57929.9,2.8945788862247954,0.14285714285714285,0,120
2025,498,Germany,Male,37,8,108432.88,2,1,1,14865.05,7.293994033384793,0.2222222222222222,2,296
2025,620,France,Male,22,0,0.0,1,1,0,32589.45,0.0,1.0,0,0
2025,667,Germany,Male,33,9,124573.33,2,0,0,683.37,182.02628695004165,0.2,0,297
2025,786,France,Male,32,9,0.0,2,1,0,133112.41,0.0,0.2,0,288
2025,728,Spain,Female,29,1,0.0,1,1,1,83056.22,0.0,0.5,1,29
2025,405,Germany,Male,31,5,133299.67,2,1,1,72950.14,1.827245879913597,0.3333333333333333,2,155
2025,681,France,Male,23,7,157761.56,1,0,0,147759.84,1.0676818025669048,0.125,0,161
2025,498,Germany,Male,42,3,152039.7,1,1,1,53445.17,2.844725824132955,0.25,1,126
2025,706,Germany,Female,48,10,104478.12,3,0,1,158248.71,0.6602104989639476,0.2727272727272727,3,480
2025,748,France,Female,34,8,0.0,2,1,0,53584.03,0.0,0.2222222222222222,0,272
2025,673,France,Male,39,7,82255.51,2,1,0,109545.56,0.7508725970035024,0.25,0,273
2025,554,Spain,Female,46,7,87603.35,3,0,1,96929.24,0.9037772938558699,0.375,3,322
2025,608,France,Male,33,4,0.0,1,0,1,130474.03,0.0,0.2,1,132
2025,438,Spain,Female,54,2,0.0,1,0,0,191763.07,0.0,0.3333333333333333,0,108
2025,624,France,Female,32,2,79368.87,2,1,1,145471.94,0.5455919843236824,0.6666666666666666,2,64
2025,492,France,Female,28,9,0.0,2,1,0,95957.09,0.0,0.2,0,252
2025,728,Spain,Female,43,8,128412.61,1,0,1,139024.31,0.9236635401136671,0.1111111111111111,1,344
2025,773,Spain,Male,41,9,102827.44,1,0,1,64595.25,1.591848443214583,0.1,1,369
2025,618,France,Female,31,4,0.0,2,1,0,29176.04,0.0,0.4,0,124
2025,483,France,Male,27,1,77805.66,1,1,1,2101.89,36.99939606921903,0.5,1,27
2025,846,France,Female,38,5,0.0,1,1,1,187616.16,0.0,0.16666666666666666,1,190
2025,608,Spain,Female,41,1,83807.86,1,0,1,112542.58,0.7446702868346644,0.5,1,41
2025,490,Spain,Male,31,3,145260.23,1,0,1,114066.77,1.2734555080720873,0.25,1,93
2025,756,Germany,Female,26,5,155143.52,1,0,1,135034.57,1.1489085431342274,0.16666666666666666,1,130
2025,609,France,Male,77,1,0.0,1,0,1,18708.76,0.0,0.5,1,77
2025,652,Spain,Male,31,1,132862.59,1,0,0,158054.49,0.8406072449618802,0.5,0,31
2025,626,Germany,Male,36,2,181671.16,2,1,1,57531.14,3.1577333991052656,0.6666666666666666,2,72
2025,685,France,Female,33,1,0.0,3,0,1,70221.13,0.0,1.5,3,33
2025,555,France,Male,24,5,0.0,2,1,0,27513.47,0.0,0.3333333333333333,0,120
2025,658,France,Female,40,5,143566.12,1,1,1,189607.71,0.757170490743806,0.16666666666666666,1,200
2025,721,France,Male,41,2,0.0,2,1,0,168219.75,0.0,0.6666666666666666,0,82
2025,501,Germany,Female,34,7,93244.42,1,0,1,199805.63,0.46667330308308586,0.125,1,238
2025,583,France,Male,24,9,135125.28,1,0,0,89801.9,1.5046872651105923,0.1,0,216
2025,690,France,Female,36,6,110480.48,1,0,0,81292.33,1.359034990939601,0.14285714285714285,0,216
2025,697,France,Female,25,4,165686.11,2,1,0,15467.98,10.710861996072138,0.4,0,100
2025,654,France,Male,42,7,99263.09,1,1,1,67607.9,1.4681956073830518,0.125,1,294
2025,414,Spain,Male,60,3,0.0,2,1,1,93844.82,0.0,0.5,2,180
2025,850,Spain,Male,37,4,88141.1,1,1,0,109659.12,0.8037662187493504,0.2,0,148
2025,534,France,Male,38,3,0.0,1,0,0,143938.27,0.0,0.25,0,114
2025,705,France,Female,55,8,0.0,2,1,1,14392.68,0.0,0.2222222222222222,2,440
2025,795,Spain,Male,35,8,0.0,2,1,0,167155.36,0.0,0.2222222222222222,0,280
2025,638,France,Female,43,3,145860.98,1,1,1,142763.51,1.0216893540278322,0.25,1,129
2025,754,Germany,Female,39,3,160761.41,1,1,1,24156.03,6.654849954650882,0.25,1,117
2025,653,France,Female,38,8,102133.38,1,1,1,166520.96,0.6133328000703331,0.1111111111111111,1,304
2025,628,Spain,Male,43,3,184926.61,1,1,0,122937.57,1.5042196277376578,0.25,0,129
2025,639,France,Male,22,4,0.0,2,1,0,28188.96,0.0,0.4,0,88
2025,686,Spain,Female,36,5,0.0,2,1,1,152979.14,0.0,0.3333333333333333,2,180
2025,678,Spain,Male,30,0,0.0,1,1,0,35113.08,0.0,1.0,0,0
2025,800,France,Female,40,3,75893.11,2,1,0,132562.23,0.5725049849796207,0.5,0,120
2025,793,France,Male,35,2,0.0,2,1,1,79704.12,0.0,0.6666666666666666,2,70
2025,616,France,Male,59,5,153861.1,1,1,1,17699.48,8.692481785804679,0.16666666666666666,1,295
2025,588,Germany,Male,49,6,132623.76,3,1,0,36292.94,3.654157140282923,0.42857142857142855,0,294
2025,495,Spain,Female,45,3,89158.94,3,1,0,135169.76,0.6596022690114342,0.75,0,135
2025,445,France,Female,33,7,0.0,2,1,0,122625.68,0.0,0.25,0,231
2025,527,France,Male,47,1,0.0,1,1,0,21312.16,0.0,0.5,0,47
2025,564,Spain,Female,24,6,149592.14,1,1,1,153771.8,0.972812747117826,0.14285714285714285,1,144
2025,739,Spain,Male,40,1,109681.61,1,1,1,193321.3,0.5673510505513333,0.5,1,40
2025,512,Germany,Female,32,2,123403.85,2,1,0,80120.19,1.5402148919655338,0.6666666666666666,0,64
2025,670,Spain,Female,40,3,0.0,1,1,1,182650.15,0.0,0.25,1,120
2025,752,Germany,Female,37,5,113291.05,2,1,1,132467.54,0.85522985306549,0.3333333333333333,2,185
2025,828,France,Male,37,4,0.0,2,1,0,94845.45,0.0,0.4,0,148
2025,732,France,Male,62,2,0.0,2,1,1,25438.87,0.0,0.6666666666666666,2,124
2025,496,Spain,Female,44,0,179356.28,2,1,0,2919.21,61.41896644419408,2.0,0,0
2025,728,Germany,Female,32,9,127772.1,2,1,1,152643.48,0.8370568002197001,0.2,2,288
2025,593,Spain,Female,40,2,0.0,1,1,1,5194.95,0.0,0.3333333333333333,1,80
2025,684,Germany,Female,56,3,127585.98,3,1,1,80593.49,1.5830608271111337,0.75,3,168
2025,670,Spain,Female,29,9,0.0,2,1,0,27359.19,0.0,0.2,0,261
2025,709,France,Male,31,6,0.0,2,1,1,71009.84,0.0,0.2857142857142857,2,186
2025,530,France,Female,48,0,0.0,1,1,0,85081.09,0.0,1.0,0,0
2025,512,Germany,Female,40,8,153537.57,2,0,0,23101.13,6.646035235712032,0.2222222222222222,0,320
2025,630,France,Male,42,6,0.0,2,1,0,162697.93,0.0,0.2857142857142857,0,252
2025,668,Spain,Male,34,0,0.0,1,0,0,99984.86,0.0,1.0,0,0
2025,509,Spain,Male,41,7,126683.8,1,0,1,114775.53,1.1037430736057277,0.125,1,287
2025,431,Germany,Male,45,5,83624.55,2,0,0,36899.62,2.2662098902403267,0.3333333333333333,0,225
2025,739,Spain,Female,41,8,0.0,1,1,0,191694.77,0.0,0.1111111111111111,0,328
2025,665,France,Male,33,2,101286.11,1,1,1,159840.51,0.6336658731514736,0.3333333333333333,1,66
2025,567,Spain,Female,41,1,0.0,2,1,0,3414.72,0.0,1.0,0,41
2025,673,Germany,Female,41,9,98612.1,1,1,0,151349.35,0.6515485428345558,0.1,0,369
2025,668,France,Male,28,4,107141.27,1,1,0,193018.71,0.5550794268626764,0.2,0,112
2025,719,France,Female,37,9,101455.7,1,1,0,25803.59,3.9316919974314644,0.1,0,333
2025,679,France,Female,33,6,0.0,2,1,1,98015.85,0.0,0.2857142857142857,2,198
2025,472,France,Male,31,4,58662.92,2,0,1,73322.0,0.8000616450499843,0.4,2,124
2025,711,France,Male,36,9,137688.71,1,1,1,46884.1,2.936726380022651,0.1,1,324
2025,720,France,Male,44,3,86102.27,1,1,0,180134.88,0.47798511878921623,0.25,0,132
2025,625,Germany,Male,31,4,77743.01,2,1,0,75335.68,1.0319410146558092,0.4,0,124
2025,792,France,Female,28,4,130142.79,1,1,0,38190.78,3.407612580508162,0.2,0,112
2025,593,Germany,Female,38,5,142658.04,2,0,1,135337.11,1.0540862437047482,0.3333333333333333,2,190
2025,686,Germany,Male,26,1,57422.62,1,1,1,79189.4,0.7251209742595063,0.5,1,26
2025,680,Spain,Male,42,0,0.0,1,1,0,136377.21,0.0,1.0,0,0
2025,700,Spain,Female,43,0,0.0,2,1,0,59475.35,0.0,2.0,0,0
2025,413,Spain,Male,35,2,0.0,2,1,1,60972.84,0.0,0.6666666666666666,2,70
2025,610,Spain,Female,31,5,0.0,2,0,0,63736.36,0.0,0.3333333333333333,0,155
2025,713,France,Male,44,1,63438.91,1,1,0,64375.4,0.9854373652456491,0.5,0,44
2025,410,Germany,Female,50,2,102278.79,2,1,0,89822.48,1.1386643002475523,0.6666666666666666,0,100
2025,616,France,Male,18,6,0.0,2,1,1,27308.58,0.0,0.2857142857142857,2,108
2025,598,Germany,Male,20,8,180293.84,2,1,1,29552.7,6.100550523284732,0.2222222222222222,2,160
2025,632,Germany,Female,41,3,81877.38,1,1,1,33642.21,2.433697022370933,0.25,1,123
2025,674,Germany,Female,44,4,131593.85,1,0,1,171345.02,0.7680006223663672,0.2,1,176
2025,603,France,Male,32,7,0.0,1,1,0,198055.94,0.0,0.125,0,224
2025,626,Spain,Male,26,8,0.0,2,0,0,191420.71,0.0,0.2222222222222222,0,208
2025,617,Germany,Male,44,9,49157.09,2,1,0,53294.17,0.9223554404648676,0.2,0,396
2025,571,Germany,Male,25,6,82506.72,2,1,0,167705.07,0.49197217488907824,0.2857142857142857,0,150
2025,498,Germany,Male,35,2,121968.11,2,0,1,188343.05,0.6475814340829987,0.6666666666666666,2,70
2025,711,Spain,Male,42,3,177626.77,3,0,1,16392.72,10.835049640960074,0.75,3,126
2025,665,France,Male,28,8,191402.82,2,1,0,83238.4,2.299425752708453,0.2222222222222222,0,224
2025,577,France,Female,37,4,0.0,1,1,1,79881.39,0.0,0.2,1,148
2025,589,Spain,Female,45,1,0.0,1,0,0,125939.22,0.0,0.5,0,45
2025,440,France,Male,42,2,0.0,2,1,0,49826.68,0.0,0.6666666666666666,0,84
2025,797,Germany,Male,32,1,151922.94,1,1,0,8877.06,17.112177660434828,0.5,0,32
2025,614,France,Male,51,4,40685.92,1,1,1,46775.28,0.8697981113504537,0.2,1,204
2025,714,Germany,Male,54,4,137986.58,2,0,1,51308.54,2.6892967662543845,0.4,2,216
2025,835,Spain,Male,45,3,100212.13,1,1,0,152577.62,0.656790119087458,0.25,0,135
2025,744,France,Female,38,9,0.0,2,0,0,20940.76,0.0,0.2,0,342
2025,667,France,Male,43,8,190227.46,1,1,0,97508.04,1.9508699911310787,0.1111111111111111,0,344
2025,577,France,Male,36,3,121092.47,2,0,1,143783.46,0.8421805110232358,0.5,2,108
2025,525,France,Male,26,7,153644.39,1,1,1,63197.88,2.431125203484619,0.125,1,182
2025,708,Spain,Female,32,8,187487.63,1,1,1,120115.5,1.560881560818039,0.1111111111111111,1,256
2025,734,France,Male,45,2,0.0,2,1,0,99593.28,0.0,0.6666666666666666,0,90
2025,699,Spain,Male,40,2,0.0,1,1,0,78387.32,0.0,0.3333333333333333,0,80
2025,418,France,Male,34,8,155973.88,1,1,0,154208.96,1.0114384310844773,0.1111111111111111,0,272
2025,746,France,Male,36,9,127157.04,1,1,1,155700.15,0.8166737368349559,0.1,1,324
2025,840,France,Female,43,7,0.0,2,1,0,90908.95,0.0,0.25,0,301
2025,614,Germany,Female,37,6,96340.81,2,1,1,139377.24,0.6912184427066951,0.2857142857142857,2,222
2025,545,Germany,Male,37,9,110483.86,1,1,1,127394.67,0.8672497267764281,0.1,1,333
2025,632,France,Female,34,2,0.0,2,0,0,165385.55,0.0,0.6666666666666666,0,68
2025,691,France,Male,28,1,0.0,2,0,0,92865.41,0.0,1.0,0,28
2025,530,France,Female,45,1,0.0,1,0,1,190663.89,0.0,0.5,1,45
2025,722,Spain,Male,37,9,0.0,2,1,0,31921.95,0.0,0.2,0,333
2025,695,Germany,Male,52,8,103023.26,1,1,1,22485.64,4.581531967425992,0.1111111111111111,1,416
2025,709,France,Female,37,9,0.0,2,1,0,16733.59,0.0,0.2,0,333
2025,736,France,Female,24,0,0.0,2,1,0,109355.73,0.0,2.0,0,0
2025,653,France,Male,44,8,0.0,2,1,1,154639.72,0.0,0.2222222222222222,2,352
2025,655,France,Female,45,7,57327.04,1,0,1,47349.0,1.2107083421330518,0.125,1,315
2025,695,France,Male,37,2,0.0,2,1,1,99692.65,0.0,0.6666666666666666,2,74
2025,519,France,Male,39,1,97700.02,1,1,1,30709.03,3.1813716886632806,0.5,1,39
2025,662,Spain,Male,33,3,0.0,2,0,1,68064.83,0.0,0.5,2,99
2025,512,France,Male,40,5,0.0,2,1,1,146457.83,0.0,0.3333333333333333,2,200
2025,583,France,Male,39,1,129299.28,2,1,0,73107.6,1.768591930361134,1.0,0,39
2025,711,France,Male,33,1,0.0,1,0,0,41590.4,0.0,0.5,0,33
2025,526,France,Male,32,7,125540.05,1,0,0,86786.41,1.4465237526963877,0.125,0,224
2025,584,Spain,Female,59,1,0.0,1,0,1,130260.11,0.0,0.5,1,59
2025,706,Spain,Male,28,3,0.0,2,0,1,181543.67,0.0,0.5,2,84
2025,555,France,Male,30,1,0.0,2,0,0,88146.86,0.0,1.0,0,30
2025,630,Germany,Male,29,6,131354.39,1,0,1,9324.31,14.085793394535948,0.14285714285714285,1,174
2025,691,Spain,Male,40,1,0.0,2,1,1,145613.17,0.0,1.0,2,40
2025,622,Spain,Male,27,9,139834.93,1,1,1,152733.89,0.9155401886235685,0.1,1,243
2025,489,Germany,Female,46,8,92060.06,1,1,0,147222.95,0.6253062765942633,0.1111111111111111,0,368
2025,779,France,Female,26,0,0.0,2,0,1,111906.0,0.0,2.0,2,0
2025,539,France,Female,40,7,81132.21,1,1,0,167289.82,0.4849770597095525,0.125,0,280
2025,488,France,Female,34,2,0.0,2,1,1,181270.84,0.0,0.6666666666666666,2,68
2025,711,France,Male,58,9,91285.13,2,1,1,26767.85,3.4101252014935275,0.2,2,522
2025,552,Spain,Male,42,4,0.0,2,0,0,195692.3,0.0,0.4,0,168
2025,584,France,Male,31,5,0.0,2,1,0,31474.27,0.0,0.3333333333333333,0,155
2025,745,Germany,Male,36,8,145071.24,1,0,0,6078.46,23.862520684402888,0.1111111111111111,0,288
2025,739,France,Female,27,6,0.0,1,1,1,57572.38,0.0,0.14285714285714285,1,162
2025,694,France,Male,42,3,156864.2,2,0,0,88890.75,1.7646654498308336,0.5,0,126
2025,660,Germany,Female,37,2,133200.09,1,0,0,71433.88,1.8646365752976695,0.3333333333333333,0,74
2025,687,Germany,Female,34,7,111388.18,2,1,0,148564.76,0.7497567407187227,0.25,0,238
2025,555,France,Male,37,9,124969.13,1,1,0,60194.05,2.076069876177526,0.1,0,333
2025,785,France,Male,36,2,0.0,1,0,1,61811.1,0.0,0.3333333333333333,1,72
2025,545,Spain,Female,33,7,173331.52,1,1,0,150452.88,1.1520574942965909,0.125,0,231
2025,710,France,Female,36,4,116085.06,1,1,0,58601.61,1.9808854929840154,0.2,0,144
2025,613,Spain,Male,30,9,111927.45,1,1,1,175795.87,0.6366862504434806,0.1,1,270
2025,677,Spain,Female,25,8,130866.19,1,1,0,42410.21,3.0856509399283825,0.1111111111111111,0,200
2025,492,Germany,Male,51,8,117808.74,2,1,1,67311.12,1.750186147754669,0.2222222222222222,2,408
2025,626,Germany,Male,49,9,171787.84,2,1,0,187192.23,0.9177032737775825,0.2,0,441
2025,621,Germany,Female,55,7,131033.76,1,0,1,75685.59,1.7312678507513684,0.125,1,385
2025,799,Spain,Female,28,3,142253.65,1,1,0,45042.56,3.1581351473995394,0.25,0,84
2025,572,Germany,Female,54,9,97382.53,1,1,1,195771.95,0.4974258701214851,0.1,1,486
2025,706,Spain,Male,57,7,0.0,1,1,0,17941.16,0.0,0.125,0,399
2025,607,Germany,Male,38,3,98205.77,1,1,0,176318.27,0.5569769543623905,0.25,0,114
2025,674,Spain,Male,36,2,0.0,2,1,1,182787.17,0.0,0.6666666666666666,2,72
2025,710,France,Female,33,2,0.0,2,1,0,72945.32,0.0,0.6666666666666666,0,66
2025,751,France,Female,44,10,0.0,2,1,0,170634.49,0.0,0.18181818181818182,0,440
2025,596,France,Male,47,6,0.0,1,1,0,74835.65,0.0,0.14285714285714285,0,282
2025,789,France,Male,27,6,0.0,2,1,0,103603.65,0.0,0.2857142857142857,0,162
2025,615,Spain,Male,42,4,0.0,3,0,1,120321.09,0.0,0.6,3,168
2025,629,Spain,Male,34,6,0.0,2,1,0,190347.72,0.0,0.2857142857142857,0,204
2025,670,France,Female,41,10,0.0,3,1,0,81602.02,0.0,0.2727272727272727,0,410
2025,556,France,Male,26,4,0.0,1,1,0,195167.38,0.0,0.2,0,104
2025,731,Spain,Male,41,3,0.0,2,1,0,101371.72,0.0,0.5,0,123
2025,499,France,Male,31,4,0.0,1,1,0,25950.49,0.0,0.2,0,124
2025,664,France,Female,31,7,104158.84,1,1,0,134169.85,0.7763149745268811,0.125,0,217
2025,429,France,Male,24,4,95741.75,1,1,0,46170.75,2.0736001992560387,0.2,0,96
2025,508,France,Male,31,8,72541.48,1,1,0,129803.08,0.5588536200094789,0.1111111111111111,0,248
2025,726,Spain,Male,36,2,0.0,1,1,0,195192.4,0.0,0.3333333333333333,0,72
2025,628,France,Male,36,3,0.0,2,1,1,8742.91,0.0,0.5,2,108
2025,800,Spain,Male,38,1,0.0,2,1,0,51553.43,0.0,1.0,0,38
2025,582,France,Male,39,5,0.0,2,1,1,129892.93,0.0,0.3333333333333333,2,195
2025,584,France,Male,35,9,0.0,2,1,0,192381.21,0.0,0.2,0,315
2025,615,Germany,Male,58,3,72309.3,1,1,1,85687.09,0.8438663996361688,0.25,1,174
2025,564,Germany,Female,44,3,111760.4,3,1,1,104722.47,1.0671953479005232,0.75,3,132
2025,752,Spain,Male,44,6,83870.33,1,1,0,178722.24,0.46927489676216705,0.14285714285714285,0,264
2025,573,France,Male,35,9,0.0,2,1,0,11743.89,0.0,0.2,0,315
2025,644,France,Male,40,8,93183.19,1,1,0,73882.49,1.2612180339613084,0.1111111111111111,0,320
2025,508,France,Male,44,3,115451.05,2,0,0,67234.33,1.7171188123862855,0.5,0,132
2025,702,France,Male,50,3,0.0,2,0,0,94949.84,0.0,0.5,0,150
2025,731,France,Male,30,7,0.0,2,1,1,184581.68,0.0,0.25,2,210
2025,630,France,Male,67,5,0.0,2,1,1,27330.27,0.0,0.3333333333333333,2,335
2025,603,Germany,Female,55,7,127723.25,2,1,0,139469.11,0.9157750718057082,0.25,0,385
2025,732,Germany,Female,61,9,94867.18,2,1,1,157527.6,0.6022219457292199,0.2,2,549
2025,729,France,Female,38,7,0.0,2,0,0,45779.9,0.0,0.25,0,266
2025,686,France,Male,25,1,0.0,2,0,1,16459.37,0.0,1.0,2,25
2025,689,Spain,Female,38,6,121021.05,1,1,1,12182.15,9.9334777951515,0.14285714285714285,1,228
2025,697,France,Female,48,1,0.0,2,1,1,87400.53,0.0,1.0,2,48
2025,698,Germany,Female,40,8,150777.1,1,1,0,114732.62,1.314149244136113,0.1111111111111111,0,320
2025,479,Germany,Male,51,1,107714.74,3,1,0,86128.21,1.2506179959156714,1.5,0,51
2025,838,Spain,Male,35,0,0.0,2,0,1,197305.91,0.0,2.0,2,0
2025,626,France,Male,21,1,0.0,2,1,0,66232.23,0.0,1.0,0,21
2025,761,France,Male,31,7,0.0,3,1,1,166698.18,0.0,0.375,3,217
2025,639,France,Male,35,8,0.0,2,1,0,170483.9,0.0,0.2222222222222222,0,280
2025,473,Spain,Male,48,8,0.0,2,1,0,71139.8,0.0,0.2222222222222222,0,384
2025,646,Germany,Female,57,6,90212.0,1,1,0,13911.27,6.484347989221026,0.14285714285714285,0,342
2025,637,Germany,Male,50,4,126345.55,1,0,1,17323.0,7.293093396444239,0.2,1,200
2025,716,Germany,Male,66,5,121411.9,1,0,0,10070.4,12.055116468415513,0.16666666666666666,0,330
2025,652,Germany,Male,33,7,128135.99,1,1,0,158437.73,0.8087415873631403,0.125,0,231
2025,588,France,Female,21,8,0.0,2,1,1,110114.19,0.0,0.2222222222222222,2,168
2025,664,France,Female,31,9,114519.57,2,0,1,79222.02,1.4455340127149912,0.2,2,279
2025,685,France,Male,33,6,0.0,1,1,0,58458.26,0.0,0.14285714285714285,0,198
2025,578,Spain,Male,28,4,0.0,2,0,0,6947.09,0.0,0.4,0,112
2025,659,France,Male,29,6,123192.12,1,1,1,56971.41,2.162311897987113,0.14285714285714285,1,174
2025,693,Spain,Female,39,0,0.0,2,0,0,81901.6,0.0,2.0,0,0
2025,543,France,Female,36,3,0.0,2,0,0,26019.59,0.0,0.5,0,108
2025,529,Spain,Female,35,5,0.0,2,1,0,56518.0,0.0,0.3333333333333333,0,175
2025,717,Germany,Female,33,10,102185.42,2,1,0,23231.93,4.3983010321986935,0.18181818181818182,0,330
2025,850,France,Female,39,2,0.0,2,1,0,179451.42,0.0,0.6666666666666666,0,78
2025,553,France,Male,32,3,116324.53,1,1,0,77304.49,1.5047382792606319,0.25,0,96
2025,534,France,Female,23,5,104822.45,1,0,1,160176.47,0.6544144441786975,0.16666666666666666,1,115
2025,567,Spain,Female,45,1,157320.51,1,1,0,62193.92,2.529475236884299,0.5,0,45
2025,718,France,Female,29,3,0.0,1,0,1,134462.29,0.0,0.25,1,87
2025,738,Germany,Male,37,7,140950.92,2,1,0,195333.98,0.7215856576226133,0.25,0,259
2025,650,Spain,Male,55,9,119618.42,1,1,1,29861.13,4.005689480288244,0.1,1,495
2025,771,Spain,Male,18,1,0.0,2,0,0,41542.95,0.0,1.0,0,18
2025,597,Germany,Female,39,8,162532.14,3,1,0,36051.46,4.508212199666819,0.3333333333333333,0,312
2025,543,Germany,Female,57,1,106138.33,2,1,1,120657.32,0.879660267107979,1.0,2,57
2025,651,France,Female,33,1,96834.78,1,1,0,108764.69,0.8903063089104661,0.5,0,33
2025,720,Germany,Male,23,0,187861.18,2,1,1,104120.17,1.8042553690090113,2.0,2,0
2025,430,France,Female,60,7,73937.02,1,1,0,161937.62,0.45657434897246874,0.125,0,420
2025,645,Germany,Male,28,7,117466.03,2,1,1,34490.06,3.4056949829897953,0.25,2,196
2025,766,Germany,Male,44,3,116822.7,1,0,0,197643.24,0.5910756620076558,0.25,0,132
2025,603,France,Male,31,8,0.0,2,1,1,169915.02,0.0,0.2222222222222222,2,248
2025,589,France,Male,37,5,0.0,1,1,0,61324.87,0.0,0.16666666666666666,0,185
2025,559,Spain,Male,67,9,125919.35,1,1,0,175910.95,0.7158089601075993,0.1,0,603
2025,687,Germany,Male,38,4,117633.28,1,0,1,88396.6,1.3307293410680832,0.2,1,152
2025,809,France,Female,24,4,0.0,2,1,0,193518.76,0.0,0.4,0,96
2025,670,France,Female,40,3,47364.45,1,1,1,148579.43,0.3187798689235184,0.25,1,120
2025,619,Germany,Female,31,2,56116.3,2,0,0,2181.94,25.70675327768972,0.6666666666666666,0,62
2025,710,Spain,Female,75,5,0.0,2,1,1,9376.89,0.0,0.3333333333333333,2,375
2025,776,France,Female,29,5,0.0,2,1,1,143301.49,0.0,0.3333333333333333,2,145
2025,682,Spain,Female,54,0,83102.72,2,1,1,54132.93,1.5351318479925622,2.0,2,0
2025,662,Spain,Female,41,4,90350.77,1,1,0,75884.65,1.1906173301539884,0.2,0,164
2025,516,Spain,Female,27,1,0.0,1,0,1,112311.15,0.0,0.5,1,27
2025,734,France,Male,22,5,130056.23,1,0,0,121894.31,1.0669502378721545,0.16666666666666666,0,110
2025,604,France,Male,40,1,84315.02,1,0,0,36209.1,2.328494536054858,0.5,0,40
2025,587,Germany,Male,40,5,138241.9,2,1,0,159418.1,0.8671602085321017,0.3333333333333333,0,200
2025,585,France,Male,55,10,106415.57,3,1,1,122960.98,0.8654347465777634,0.2727272727272727,3,550
2025,792,Spain,Female,40,7,0.0,1,1,0,141652.2,0.0,0.125,0,280
2025,753,France,Male,33,5,122568.05,2,1,1,82820.85,1.4798999297890592,0.3333333333333333,2,165
2025,575,Spain,Female,31,6,0.0,2,1,1,95686.42,0.0,0.2857142857142857,2,186
2025,776,Spain,Male,33,2,0.0,2,1,1,176921.0,0.0,0.6666666666666666,2,66
2025,762,France,Male,28,2,0.0,2,1,0,167909.52,0.0,0.6666666666666666,0,56
2025,675,France,Female,32,2,155663.31,1,1,0,97658.66,1.5939366366829455,0.3333333333333333,0,64
2025,649,France,Male,41,0,0.0,2,0,1,130567.02,0.0,2.0,2,0
2025,593,Germany,Female,29,5,101713.84,3,1,0,134594.99,0.7556974022777351,0.5,0,145
2025,781,Spain,Male,35,1,0.0,2,0,0,42117.9,0.0,1.0,0,35
2025,698,Spain,Female,38,1,171848.38,1,0,0,16957.45,10.133495690938735,0.5,0,38
2025,629,France,Female,37,10,99546.25,3,0,1,25136.95,3.95999872702428,0.2727272727272727,3,370
2025,733,Germany,Male,34,3,100337.96,3,1,0,48559.19,2.066259625425683,0.75,0,102
2025,547,France,Male,43,1,92350.36,1,0,1,80262.91,1.150583867643627,0.5,1,43
2025,663,Spain,Female,33,8,122528.18,1,1,0,196260.3,0.6243114663970941,0.1111111111111111,0,264
2025,611,France,Female,40,8,100812.33,2,1,0,147358.27,0.6841261496477283,0.2222222222222222,0,320
2025,850,Germany,Male,53,2,94078.97,2,1,0,36980.54,2.5439440866983904,0.6666666666666666,0,106
2025,648,France,Female,54,9,120633.42,1,0,0,5924.38,20.35876517624186,0.1,0,486
2025,675,France,Female,38,1,104016.88,1,0,0,22068.83,4.713080254809394,0.5,0,38
2025,410,France,Female,35,7,117183.74,1,1,1,109733.73,1.0678819731911675,0.125,1,245
2025,634,France,Male,44,9,149961.11,1,1,0,57121.51,2.6252542123936777,0.1,0,396
2025,510,France,Male,65,2,0.0,2,1,1,48071.61,0.0,0.6666666666666666,2,130
2025,759,France,Female,39,6,0.0,2,1,1,140497.67,0.0,0.2857142857142857,2,234
2025,727,France,Male,34,10,0.0,2,1,1,198637.34,0.0,0.18181818181818182,2,340
2025,678,Germany,Female,54,1,123699.28,2,0,1,105221.76,1.1755943295918108,1.0,2,54
2025,685,Spain,Female,30,2,0.0,3,1,1,172576.43,0.0,1.0,3,60
2025,516,France,Female,42,8,56228.25,1,1,0,46857.52,1.1999578731893368,0.1111111111111111,0,336
2025,650,Germany,Female,35,3,165982.43,2,1,1,24482.16,6.779452897420104,0.5,2,105
2025,743,France,Female,46,9,0.0,1,1,0,113436.08,0.0,0.1,0,414
2025,517,France,Male,37,5,113308.84,1,0,1,31517.16,3.5950334664206287,0.16666666666666666,1,185
2025,701,France,Female,43,2,160416.56,1,0,1,37266.43,4.304470686602215,0.3333333333333333,1,86
2025,608,Germany,Female,48,2,127924.25,2,1,0,32202.61,3.972357446882508,0.6666666666666666,0,96
2025,645,Germany,Female,37,2,136925.09,2,0,1,153400.24,0.8925944144910433,0.6666666666666666,2,74
2025,644,Germany,Female,40,4,77270.08,2,1,1,115800.1,0.6672655095676984,0.4,2,160
2025,740,France,Female,37,9,0.0,2,1,1,73225.31,0.0,0.2,2,333
2025,637,France,Female,38,3,104339.56,1,0,0,119882.86,0.870338676115367,0.25,0,114
2025,850,Germany,Male,41,8,60880.68,1,1,0,31825.84,1.9128722801258309,0.1111111111111111,0,328
2025,452,France,Female,60,6,121730.49,1,1,1,142963.29,0.8514747983569882,0.14285714285714285,1,360
2025,806,Germany,Male,36,8,167983.17,2,1,1,106714.28,1.5741248113672195,0.2222222222222222,2,288
2025,622,Spain,Female,41,9,0.0,2,1,1,155786.39,0.0,0.2,2,369
2025,715,France,Male,41,4,94267.9,1,0,1,152821.12,0.6168472208080872,0.2,1,164
2025,698,France,Male,48,4,101238.24,2,0,1,177815.87,0.5693399057131081,0.4,2,192
2025,688,France,Female,54,9,0.0,1,1,0,191212.63,0.0,0.1,0,486
2025,649,France,Male,39,3,113096.41,1,1,1,60335.24,1.8744358282849578,0.25,1,117
2025,711,France,Male,51,7,0.0,3,1,0,38409.79,0.0,0.375,0,357
2025,684,Germany,Female,63,3,81245.79,1,1,0,69643.31,1.1665818786918845,0.25,0,189
2025,592,Spain,Male,37,9,0.0,3,1,1,10656.89,0.0,0.3,3,333
2025,603,France,Female,39,9,76769.68,1,0,0,48224.72,1.5918825058495756,0.1,0,351
2025,787,France,Male,46,7,117685.31,2,1,1,93360.35,1.2605356499236566,0.25,2,322
2025,782,France,Male,33,7,191523.09,1,1,1,167058.75,1.1464346738217912,0.125,1,231
2025,631,Germany,Female,34,6,125227.82,2,0,1,128247.03,0.9764502425495347,0.2857142857142857,2,204
2025,724,Germany,Male,31,2,160997.54,2,0,1,64831.36,2.483289826253433,0.6666666666666666,2,62
2025,570,Germany,Female,50,5,129293.74,1,1,0,177805.44,0.7271600511207581,0.16666666666666666,0,250
2025,792,Germany,Female,50,4,146710.76,1,1,0,16528.4,8.875746246082738,0.2,0,200
2025,521,Germany,Female,61,0,125193.96,1,1,1,109356.53,1.144813347558234,1.0,1,0
2025,785,France,Male,55,5,0.0,2,1,1,7008.65,0.0,0.3333333333333333,2,275
2025,660,Spain,Male,31,1,84560.04,1,1,1,137784.25,0.6137089419948797,0.5,1,31
2025,548,France,Female,32,2,172448.77,1,1,0,188083.77,0.9168672721347932,0.3333333333333333,0,64
2025,766,Spain,Male,36,5,78381.13,1,0,1,153831.6,0.5095222339088074,0.16666666666666666,1,180
2025,612,Spain,Female,26,4,0.0,2,1,1,179780.74,0.0,0.4,2,104
2025,599,Spain,Female,39,4,0.0,1,1,0,194273.2,0.0,0.2,0,156
2025,690,France,Female,26,5,157624.84,1,1,1,49599.27,3.177902862222323,0.16666666666666666,1,130
2025,623,France,Female,44,6,0.0,2,0,0,167162.43,0.0,0.2857142857142857,0,264
2025,662,France,Male,38,0,105271.56,1,0,1,179833.45,0.5853803873506994,1.0,1,0
2025,585,France,Female,30,6,0.0,2,1,1,137757.69,0.0,0.2857142857142857,2,180
2025,632,France,Female,49,5,167962.7,1,0,0,140201.21,1.1980032269106173,0.16666666666666666,0,245
2025,715,France,Female,35,3,0.0,1,1,1,152012.36,0.0,0.25,1,105
2025,713,France,Female,59,3,0.0,2,1,1,62700.08,0.0,0.5,2,177
2025,583,France,Female,29,10,0.0,2,1,1,111285.85,0.0,0.18181818181818182,2,290
2025,659,France,Male,32,9,95377.13,1,0,1,187551.24,0.5085363416613953,0.1,1,288
2025,749,Germany,Female,32,7,79523.13,1,0,1,157648.12,0.5044311696760503,0.125,1,224
2025,766,Germany,Male,30,4,127786.28,2,1,1,28879.3,4.424686724168378,0.4,2,120
2025,553,Spain,Male,42,7,0.0,2,1,0,7680.23,0.0,0.25,0,294
2025,614,Germany,Female,35,6,128100.28,1,0,0,69454.24,1.8443573155891477,0.14285714285714285,0,210
2025,715,France,Male,40,7,0.0,1,1,1,141359.11,0.0,0.125,1,280
2025,695,France,Male,28,5,171069.39,2,1,1,88689.4,1.9288377321559045,0.3333333333333333,2,140
2025,554,France,Female,35,10,74988.59,2,0,1,190155.13,0.3943527353023013,0.18181818181818182,2,350
2025,575,France,Male,29,4,121823.4,2,1,1,50368.87,2.4185768198329676,0.4,2,116
2025,477,France,Female,30,6,131286.46,1,1,0,194144.45,0.6762273336820409,0.14285714285714285,0,180
2025,629,France,Male,59,9,113657.83,1,1,1,116848.79,0.9726832200554234,0.1,1,531
2025,797,Spain,Female,31,8,0.0,2,1,0,117916.63,0.0,0.2222222222222222,0,248
2025,531,France,Male,31,3,96288.26,1,1,0,56794.73,1.6953432942934263,0.25,0,93
2025,508,Spain,Male,54,10,0.0,1,1,1,175749.36,0.0,0.09090909090909091,1,540
2025,617,France,Female,79,7,0.0,1,1,1,160589.18,0.0,0.125,1,553
2025,806,France,Male,40,5,80613.93,1,1,1,142838.64,0.5643666562027179,0.16666666666666666,1,200
2025,578,Germany,Male,34,8,147487.23,2,1,0,66680.77,2.21180736504145,0.2222222222222222,0,272
2025,681,Spain,Female,37,6,121231.39,1,1,1,146366.08,0.8282695125160658,0.14285714285714285,1,222
2025,644,France,Female,39,9,0.0,1,1,0,3740.93,0.0,0.1,0,351
2025,724,France,Male,28,9,0.0,2,1,1,100240.2,0.0,0.2,2,252
2025,732,France,Male,41,8,0.0,2,1,1,170886.17,0.0,0.2222222222222222,2,328
2025,622,Germany,Male,33,3,96926.12,2,1,0,48553.77,1.9962224102801847,0.5,0,99
2025,554,Germany,Female,55,0,108477.27,1,0,1,140003.0,0.774815505271278,1.0,1,0
2025,705,Germany,Female,48,1,156848.13,2,1,1,99475.95,1.5767283777799783,1.0,2,48
2025,589,France,Male,32,2,0.0,2,0,1,9468.64,0.0,0.6666666666666666,2,64
2025,546,Germany,Female,42,9,86351.85,2,1,0,57380.13,1.5048823541815926,0.2,0,378
2025,686,France,Male,38,6,149238.97,1,1,1,97825.23,1.5255516848599808,0.14285714285714285,1,228
2025,645,France,Female,38,5,101430.3,2,0,1,4400.32,23.04542728090664,0.3333333333333333,2,190
2025,783,Spain,Female,44,3,81811.71,1,1,0,164213.53,0.4982001897152463,0.25,0,132
2025,619,Spain,Female,38,1,0.0,1,1,0,112442.63,0.0,0.5,0,38
2025,509,Spain,Female,25,3,108738.71,2,1,0,106920.57,1.0169950740528781,0.5,0,75
2025,740,Germany,Male,40,4,114318.78,2,1,0,129333.69,0.883898820958244,0.4,0,160
2025,541,France,Male,37,9,212314.03,1,0,1,148814.54,1.426692602130127,0.1,1,333
2025,535,Spain,Female,49,7,115309.75,1,1,0,111421.77,1.0348849701008151,0.125,0,343
2025,695,France,Female,42,5,0.0,1,0,1,72172.13,0.0,0.16666666666666666,1,210
2025,492,Germany,Female,52,8,125396.24,1,1,0,10014.72,12.51994265015396,0.1111111111111111,0,416
2025,634,France,Female,37,7,51582.5,2,1,1,184312.88,0.2798622653920584,0.25,2,259
2025,623,France,Female,28,4,0.0,2,1,0,41227.67,0.0,0.4,0,112
2025,746,France,Male,47,8,142382.03,1,1,1,62086.62,2.2932434839666906,0.1111111111111111,1,376
2025,652,France,Male,48,4,59486.31,1,1,0,163944.18,0.3628426892452709,0.2,0,192
2025,717,Spain,Female,39,6,0.0,2,1,0,93275.61,0.0,0.2857142857142857,0,234
2025,569,Spain,Female,34,3,0.0,1,1,0,133997.53,0.0,0.25,0,102
2025,574,Spain,Male,36,1,0.0,2,0,1,71709.12,0.0,1.0,2,36
2025,660,France,Female,48,0,90044.32,2,0,1,187604.97,0.47996510985231444,2.0,2,0
2025,548,Germany,Female,36,2,108913.84,2,1,1,140460.01,0.775402654444817,0.6666666666666666,2,72
2025,771,Spain,Male,45,0,139825.56,1,0,0,170984.97,0.8177604279462227,1.0,0,0
2025,505,Germany,Female,37,6,159863.9,2,0,1,125307.87,1.275758850909756,0.2857142857142857,2,222
2025,458,Germany,Female,43,1,106870.12,2,1,0,100564.37,1.0626930522902664,1.0,0,43
2025,653,France,Female,27,9,0.0,2,1,0,96429.29,0.0,0.2,0,243
2025,517,France,Male,56,9,142147.32,1,0,0,39488.04,3.5996651222719014,0.1,0,504
2025,665,Spain,Female,42,2,156371.61,2,0,1,156774.94,0.9974209690594105,0.6666666666666666,2,84
2025,507,Spain,Female,29,6,0.0,2,0,1,94780.9,0.0,0.2857142857142857,2,174
2025,727,France,Male,18,4,133550.67,1,1,1,46941.41,2.844989637302388,0.2,1,72
2025,687,Germany,Female,29,4,78939.15,1,1,0,122134.56,0.6463240517339913,0.2,0,116
2025,655,Spain,Female,35,1,82231.51,2,1,0,88798.02,0.9260407378369715,1.0,0,35
2025,452,France,Female,35,7,0.0,2,1,0,164241.67,0.0,0.25,0,245
2025,554,France,Female,45,6,0.0,2,1,1,181204.5,0.0,0.2857142857142857,2,270
2025,754,France,Male,38,2,0.0,2,1,0,180698.32,0.0,0.6666666666666666,0,76
2025,456,France,Male,29,5,107000.49,1,1,1,153419.62,0.6974322617129302,0.16666666666666666,1,145
2025,771,Spain,Female,56,2,0.0,1,1,1,25222.6,0.0,0.3333333333333333,1,112
2025,666,Germany,Male,71,1,53013.29,2,1,1,112222.64,0.4723896854530828,1.0,2,71
2025,572,Germany,Female,48,3,152827.99,1,1,0,38411.79,3.9785704188630917,0.25,0,144
2025,580,France,Female,23,5,113923.81,2,0,0,196241.43,0.5805258832149602,0.3333333333333333,0,115
2025,618,Germany,Female,40,0,140306.38,1,1,0,160618.61,0.8735320674729569,1.0,0,0
2025,521,France,Male,38,5,110641.18,1,0,1,136507.69,0.810506495960074,0.16666666666666666,1,190
2025,564,Spain,Male,37,9,100252.18,1,1,1,146033.52,0.6864964530304205,0.1,1,333
2025,528,France,Male,31,9,120962.59,1,1,0,5419.31,22.31654462567639,0.1,0,279
2025,591,France,Male,42,9,161651.37,2,1,1,131753.97,1.2269090873763624,0.2,2,378
2025,631,France,Male,26,1,149144.61,1,0,1,123697.95,1.205706354015131,0.5,1,26
2025,627,France,Male,43,8,71240.3,1,0,1,127734.16,0.5577187988021466,0.1111111111111111,1,344
2025,609,Germany,Male,31,9,103837.75,1,1,1,150218.11,0.6912419465139955,0.1,1,279
2025,604,France,Male,34,7,0.0,2,1,1,188078.55,0.0,0.25,2,238
2025,662,Germany,Male,39,5,139822.11,2,1,1,146219.9,0.9562388824032678,0.3333333333333333,2,195
2025,603,Germany,Female,40,8,148897.02,1,0,0,105052.9,1.4173392896408414,0.1111111111111111,0,320
2025,660,Germany,Male,28,1,118402.25,2,1,0,14288.93,8.28571238627481,1.0,0,28
2025,557,Spain,Male,36,1,113110.26,1,1,0,98413.1,1.149329821641411,0.5,0,36
2025,661,France,Male,39,5,0.0,2,0,0,181461.46,0.0,0.3333333333333333,0,195
2025,561,France,Male,34,1,78829.53,1,1,1,12148.2,6.488454383827741,0.5,1,34
2025,741,Spain,Male,25,4,0.0,2,1,1,73873.65,0.0,0.4,2,100
2025,710,Germany,Female,30,10,133537.1,2,1,0,155593.74,0.8582365959157746,0.18181818181818182,0,300
2025,668,Spain,Female,24,7,173962.32,1,0,0,106457.11,1.6340917568421984,0.125,0,168
2025,539,Germany,Female,34,4,91622.42,1,1,1,136603.42,0.6707134366516104,0.2,1,136
2025,669,France,Male,50,9,201009.64,1,1,0,158032.5,1.2719432272271387,0.1,0,450
2025,789,France,Male,37,3,0.0,1,1,0,121883.87,0.0,0.25,0,111
2025,603,Germany,Male,35,1,105346.03,2,1,1,130379.5,0.8079891548199308,1.0,2,35
2025,842,Spain,Male,46,9,0.0,1,0,0,17268.02,0.0,0.1,0,414
2025,755,Germany,Male,43,6,165048.5,3,1,0,16929.41,9.74864164541792,0.42857142857142855,0,258
2025,663,Germany,Male,28,8,123674.28,2,1,1,87985.2,1.4056099706544891,0.2222222222222222,2,224
2025,663,France,Male,40,6,156218.19,1,0,1,33607.72,4.648144588666274,0.14285714285714285,1,240
2025,636,France,Male,35,9,95478.17,1,0,0,169286.74,0.5639993185566775,0.1,0,315
2025,635,France,Female,33,5,0.0,2,1,0,122949.71,0.0,0.3333333333333333,0,165
2025,699,France,Male,34,2,117468.67,1,1,0,185227.42,0.6341827566201773,0.3333333333333333,0,68
2025,469,Spain,Female,31,6,0.0,1,1,0,146213.75,0.0,0.14285714285714285,0,186
2025,764,France,Female,39,5,81042.42,1,0,1,109805.17,0.7380497835413073,0.16666666666666666,1,195
2025,757,France,Female,51,1,0.0,1,1,1,22835.13,0.0,0.5,1,51
2025,685,France,Male,35,9,0.0,1,1,0,167033.83,0.0,0.1,0,315
2025,696,Germany,Male,38,6,142316.14,1,1,1,8018.49,17.746283117754373,0.14285714285714285,1,228
2025,591,Spain,Male,31,8,0.0,1,1,1,141677.33,0.0,0.1111111111111111,1,248
2025,695,France,Female,23,1,0.0,2,1,1,141756.32,0.0,1.0,2,23
2025,699,France,Male,35,5,0.0,2,1,1,78397.24,0.0,0.3333333333333333,2,175
2025,563,Spain,Male,26,7,0.0,2,0,0,6139.74,0.0,0.25,0,182
2025,713,France,Male,46,5,0.0,1,1,1,55701.62,0.0,0.16666666666666666,1,230
2025,725,France,Female,44,10,0.0,1,0,1,93777.61,0.0,0.09090909090909091,1,440
2025,576,France,Female,29,5,108541.04,1,1,1,126469.09,0.8582348601159373,0.16666666666666666,1,145
2025,613,Spain,Male,34,3,0.0,1,1,1,41724.72,0.0,0.25,1,102
2025,610,Germany,Male,49,6,113882.33,1,1,0,195813.81,0.5815818017033543,0.14285714285714285,0,294
2025,558,France,Male,38,8,113000.92,1,1,1,152872.39,0.7391797879277746,0.1111111111111111,1,304
2025,560,France,Female,35,1,0.0,2,1,0,3701.63,0.0,1.0,0,35
2025,506,Spain,Male,35,6,110046.93,2,1,0,26318.73,4.1811572535128585,0.2857142857142857,0,210
2025,485,Germany,Male,51,7,144244.59,2,1,0,51113.14,2.8220095261311253,0.25,0,357
2025,538,France,Female,62,3,75051.49,1,0,0,17682.02,4.244268795714759,0.25,0,186
2025,641,France,Female,42,7,125437.14,2,0,0,164128.58,0.7642567537186168,0.25,0,294
2025,695,Spain,Female,39,5,0.0,2,0,0,102763.69,0.0,0.3333333333333333,0,195
2025,588,Spain,Male,33,2,0.0,2,1,1,12483.56,0.0,0.6666666666666666,2,66
2025,615,France,Male,32,4,0.0,2,1,1,6225.63,0.0,0.4,2,128
2025,762,France,Male,35,9,0.0,2,1,1,43075.7,0.0,0.2,2,315
2025,663,France,Male,26,5,141462.13,1,1,0,440.2,320.63039437896646,0.16666666666666666,0,130
2025,811,France,Male,30,6,0.0,2,1,1,180591.32,0.0,0.2857142857142857,2,180
2025,658,Germany,Male,29,5,75395.53,2,0,1,54914.92,1.3729266485929763,0.3333333333333333,2,145
2025,754,Spain,Male,40,2,160625.17,1,0,1,3554.63,45.17488321338272,0.3333333333333333,1,80
2025,584,Germany,Male,32,8,40172.91,1,1,1,137439.34,0.29229344164893656,0.1111111111111111,1,256
2025,665,France,Female,44,7,0.0,2,1,1,66548.58,0.0,0.25,2,308
2025,662,Germany,Male,33,0,103471.52,1,1,1,162703.0,0.6359494542236208,1.0,1,0
2025,715,France,Male,35,2,141005.47,1,1,1,60407.93,2.3341825455276233,0.3333333333333333,1,70
2025,786,France,Male,34,9,0.0,2,1,0,144517.19,0.0,0.2,0,306
2025,655,France,Male,28,10,0.0,2,0,1,126565.21,0.0,0.18181818181818182,2,280
2025,732,Germany,Male,38,5,178787.54,1,1,1,195760.53,0.913292514622255,0.16666666666666666,1,190
2025,670,France,Male,25,7,0.0,2,1,1,144723.38,0.0,0.25,2,175
2025,576,Spain,Male,26,8,0.0,2,0,1,34101.06,0.0,0.2222222222222222,2,208
2025,584,France,Male,47,5,0.0,2,1,0,89286.29,0.0,0.3333333333333333,0,235
2025,790,Spain,Male,37,6,0.0,2,1,1,119484.01,0.0,0.2857142857142857,2,222
2025,626,France,Female,37,2,133968.96,2,1,0,148689.65,0.9009911517637457,0.6666666666666666,0,74
2025,676,Spain,Male,48,1,131659.59,2,0,1,14152.15,9.302493791134836,1.0,2,48
2025,771,France,Male,50,3,105229.72,1,1,1,16281.68,6.462678134066382,0.25,1,150
2025,691,Germany,Male,30,7,116927.89,1,1,0,21198.39,5.515625213744358,0.125,0,210
2025,520,France,Male,38,5,0.0,2,1,0,163185.76,0.0,0.3333333333333333,0,190
2025,718,Germany,Female,39,7,93148.74,2,1,1,190746.38,0.48833561960326793,0.25,2,273
2025,764,France,Female,24,7,106234.02,1,0,0,115676.38,0.9183646794213355,0.125,0,168
2025,493,Spain,Male,32,8,46161.18,1,1,1,79577.4,0.5800717280065948,0.1111111111111111,1,256
2025,486,Germany,Male,62,9,118356.89,2,1,0,168034.83,0.704355077128491,0.2,0,558
2025,825,France,Male,32,9,0.0,2,0,0,9751.03,0.0,0.2,0,288
2025,684,Germany,Male,35,3,99967.76,1,1,1,176882.08,0.5651629313555598,0.25,1,105
2025,585,France,Female,34,1,0.0,1,1,1,75503.6,0.0,0.5,1,34
2025,745,Germany,Male,51,3,99183.9,1,1,1,28922.25,3.4292100645674326,0.25,1,153
2025,842,France,Male,29,8,0.0,2,1,1,123437.05,0.0,0.2222222222222222,2,232
2025,573,Germany,Female,35,9,206868.78,2,0,1,102986.15,2.0086853554059902,0.2,2,315
2025,564,France,Male,42,7,99824.45,1,1,1,36721.4,2.7183531032830097,0.125,1,294
2025,715,Germany,Female,32,3,104857.19,2,1,0,114149.8,0.918584801858594,0.5,0,96
2025,714,Germany,Male,53,1,99141.86,1,1,1,72496.05,1.3675295753413415,0.5,1,53
2025,550,Spain,Female,33,9,72788.03,1,1,1,103608.06,0.7025257250669005,0.1,1,297
2025,556,France,Female,30,7,0.0,2,1,1,186648.19,0.0,0.25,2,210
2025,545,Germany,Female,44,2,127536.44,1,1,0,108398.63,1.1765394402176466,0.3333333333333333,0,88
2025,430,France,Male,38,9,0.0,2,1,1,12050.77,0.0,0.2,2,342
2025,659,Germany,Male,29,9,82916.48,1,1,1,84133.48,0.9855231767047232,0.1,1,261
2025,628,Germany,Female,51,9,155903.82,2,1,1,71159.84,2.1908653692114934,0.2,2,459
2025,581,Spain,Male,30,0,53291.86,1,0,0,196582.28,0.27109050169475246,1.0,0,0
2025,556,France,Female,36,2,134208.22,1,0,1,177670.57,0.7553725112014263,0.3333333333333333,1,72
2025,626,France,Female,35,3,0.0,1,0,0,80190.36,0.0,0.25,0,105
2025,637,Germany,Female,39,9,137843.8,1,1,1,117622.8,1.171903985417917,0.1,1,351
2025,678,France,Female,22,4,174852.89,1,1,1,28149.06,6.2114570981376245,0.2,1,88
2025,758,France,Female,34,1,154139.45,1,1,1,60728.89,2.5381150863273425,0.5,1,34
2025,653,France,Female,74,0,121276.32,1,1,1,160348.31,0.7563257989697617,1.0,1,0
2025,555,Spain,Male,32,10,0.0,2,0,1,168605.96,0.0,0.18181818181818182,2,320
2025,681,France,Male,47,9,97023.21,1,1,1,2168.13,44.7290895428121,0.1,1,423
2025,490,France,Female,37,3,116465.53,1,0,1,24435.77,4.765995260421079,0.25,1,111
2025,710,France,Male,43,9,128284.45,1,1,0,32996.89,3.88765615013566,0.1,0,387
2025,735,France,Male,50,2,0.0,2,0,1,147075.69,0.0,0.6666666666666666,2,100
2025,564,France,Female,53,2,45472.28,1,1,1,41055.71,1.1075480719229573,0.3333333333333333,1,106
2025,803,Germany,Male,34,4,142929.16,2,1,1,114869.56,1.2442627597532387,0.4,2,136
2025,600,Germany,Male,57,9,138456.03,2,1,1,103548.25,1.3371031658848325,0.2,2,513
2025,634,Germany,Male,48,2,107247.69,1,1,1,103712.05,1.0340809570251768,0.3333333333333333,1,96
2025,726,Spain,Female,35,9,0.0,2,0,1,100556.98,0.0,0.2,2,315
2025,727,France,Male,28,5,0.0,2,0,1,19653.08,0.0,0.3333333333333333,2,140
2025,693,Germany,Female,41,9,181461.48,3,1,1,187929.43,0.9655779535011974,0.3,3,369
2025,770,France,Female,30,8,0.0,2,1,0,100557.03,0.0,0.2222222222222222,0,240
2025,692,France,Male,29,4,0.0,1,1,0,76755.99,0.0,0.2,0,116
2025,786,Spain,Female,32,6,114512.59,1,1,0,15796.66,7.248705820988678,0.14285714285714285,0,192
2025,556,France,Female,40,9,129860.37,1,0,0,17992.94,7.216894687878253,0.1,0,360
2025,712,Spain,Male,27,10,0.0,1,1,0,94544.88,0.0,0.09090909090909091,0,270
2025,586,Spain,Male,34,5,168094.01,1,0,0,20058.61,8.379724730440921,0.16666666666666666,0,170
2025,609,France,Male,48,1,108019.27,3,1,1,184524.65,0.5853889147660502,1.5,3,48
2025,671,France,Female,29,3,0.0,2,1,0,158043.11,0.0,0.5,0,87
2025,693,France,Female,35,5,124151.09,1,1,0,88705.14,1.3995771882307133,0.16666666666666666,0,175
2025,437,Spain,Male,28,2,109161.25,1,1,0,152987.42,0.7135262263640607,0.3333333333333333,0,56
2025,603,France,Male,44,9,0.0,1,1,0,138328.24,0.0,0.1,0,396
2025,703,Spain,Male,58,4,92930.92,1,0,1,85148.78,1.091381798050447,0.2,1,232
2025,698,Germany,Male,44,10,116363.37,2,1,0,198059.16,0.5875152781861834,0.18181818181818182,0,440
2025,413,Germany,Male,39,1,130969.77,2,1,1,158891.79,0.8242650280103961,1.0,2,39
2025,850,France,Male,32,4,0.0,1,1,1,180622.02,0.0,0.2,1,128
2025,716,France,Female,52,7,65971.61,2,1,0,14608.0,4.515819700184817,0.25,0,364
2025,696,Germany,Male,30,4,114027.7,1,1,1,193716.56,0.5886286199351262,0.2,1,120
2025,677,Spain,Male,40,5,0.0,2,1,0,88947.56,0.0,0.3333333333333333,0,200
2025,576,Germany,Male,28,1,119336.29,2,0,1,58976.85,2.023408618659378,1.0,2,28
2025,744,Spain,Male,35,7,0.0,2,1,1,43036.6,0.0,0.25,2,245
2025,786,France,Male,35,3,0.0,2,1,0,92712.97,0.0,0.5,0,105
2025,466,France,Male,29,6,0.0,2,1,1,2797.27,0.0,0.2857142857142857,2,174
2025,637,Spain,Male,43,3,172196.23,1,1,1,104769.96,1.6435492239452612,0.25,1,129
2025,803,France,Male,36,1,0.0,2,1,1,149370.93,0.0,1.0,2,36
2025,677,France,Male,36,4,0.0,2,1,0,7824.31,0.0,0.4,0,144
2025,711,Spain,Female,28,5,0.0,2,1,1,93959.96,0.0,0.3333333333333333,2,140
2025,482,France,Male,55,5,97318.25,1,0,1,78416.14,1.2410328915336621,0.16666666666666666,1,275
2025,850,Germany,Female,33,7,134678.13,1,1,0,113177.95,1.1899574081576125,0.125,0,231
2025,629,Spain,Male,36,1,161757.87,2,1,1,146371.72,1.1051094083651654,1.0,2,36
2025,573,France,Female,26,4,129109.02,1,0,0,149814.68,0.8617857623447693,0.2,0,104
2025,668,France,Male,42,3,150461.07,1,1,0,108139.23,1.3913514887105383,0.25,0,126
2025,542,Spain,Male,34,8,108653.93,1,0,1,144725.14,0.7507553922187103,0.1111111111111111,1,272
2025,740,Germany,Male,33,2,126524.11,1,1,0,136869.31,0.9244087340782673,0.3333333333333333,0,66
2025,621,Spain,Male,50,3,163085.79,1,0,1,131048.36,1.2444607894307915,0.25,1,150
2025,588,Spain,Male,32,3,109109.33,1,0,1,4993.94,21.843972099764965,0.25,1,96
2025,593,France,Male,45,4,138825.19,1,0,0,10828.78,12.818837501777505,0.2,0,180
2025,488,France,Female,36,0,0.0,2,1,0,136675.22,0.0,2.0,0,0
2025,598,Germany,Male,53,10,167772.96,1,1,1,136886.86,1.2256233679158985,0.09090909090909091,1,530
2025,646,France,Female,46,8,0.0,2,1,0,133059.15,0.0,0.2222222222222222,0,368
2025,698,Germany,Male,52,8,96781.39,1,1,1,153373.71,0.6310127008553106,0.1111111111111111,1,416
2025,590,France,Male,40,8,0.0,2,1,0,62933.03,0.0,0.2222222222222222,0,320
2025,602,Germany,Female,26,8,113674.2,1,1,0,197861.16,0.5745120744663861,0.1111111111111111,0,208
2025,781,France,Female,42,3,156555.54,1,1,1,175674.01,0.8911656814478053,0.25,1,126
2025,782,France,Male,32,9,0.0,1,1,1,87566.97,0.0,0.1,1,288
2025,596,Spain,Male,60,7,121907.97,1,0,1,30314.04,4.021369260934506,0.125,1,420
2025,658,France,Male,39,7,0.0,2,1,0,48378.4,0.0,0.25,0,273
2025,633,Spain,Male,27,3,0.0,2,1,0,44008.91,0.0,0.5,0,81
2025,506,France,Female,32,3,0.0,1,1,1,80823.02,0.0,0.25,1,96
2025,776,France,Female,31,5,0.0,2,1,0,92647.94,0.0,0.3333333333333333,0,155
2025,489,Germany,Male,28,1,79460.98,2,1,1,167973.63,0.47305346051365016,1.0,2,28
2025,496,France,Female,36,7,0.0,2,0,0,108098.28,0.0,0.25,0,252
2025,735,France,Female,33,4,0.0,2,1,0,149474.69,0.0,0.4,0,132
2025,676,France,Male,40,8,114005.78,1,1,1,67998.45,1.676569148721056,0.1111111111111111,1,320
2025,617,France,Male,41,7,0.0,2,0,1,14496.67,0.0,0.25,2,287
2025,534,France,Female,42,9,144801.97,1,0,1,12483.39,11.598641984109756,0.1,1,378
2025,570,France,Male,39,10,129674.89,2,1,0,80552.36,1.6098011305797797,0.18181818181818182,0,390
2025,629,Spain,Male,31,6,132876.55,1,1,1,130862.11,1.015385848616925,0.14285714285714285,1,186
2025,629,France,Female,39,10,0.0,2,1,1,43174.49,0.0,0.18181818181818182,2,390
2025,659,Spain,Female,33,8,115409.6,1,0,1,1539.21,74.93108082664052,0.1111111111111111,1,264
2025,768,Germany,Female,43,2,129264.05,2,0,0,19150.14,6.749679131372859,0.6666666666666666,0,86
2025,520,Germany,Male,32,5,110029.77,1,1,0,56246.69,1.9561651331814693,0.16666666666666666,0,160
2025,850,France,Male,32,4,156001.68,2,1,1,151677.31,1.028503548068277,0.4,2,128
2025,706,Spain,Male,24,2,141078.57,1,1,1,24402.87,5.780991703365082,0.3333333333333333,1,48
2025,649,France,Female,31,2,0.0,2,1,0,15200.61,0.0,0.6666666666666666,0,62
2025,485,France,Female,39,2,75339.64,1,1,1,70665.16,1.06613462511618,0.3333333333333333,1,78
2025,792,France,Female,42,2,0.0,2,1,0,92664.09,0.0,0.6666666666666666,0,84
2025,537,France,Female,53,3,0.0,1,1,1,91406.62,0.0,0.25,1,159
2025,687,Spain,Female,63,1,137715.66,1,1,1,37938.74,3.6298524976713074,0.5,1,63
2025,794,France,Male,30,8,0.0,2,1,1,24113.91,0.0,0.2222222222222222,2,240
2025,668,Germany,Male,56,9,110993.79,1,1,0,134396.64,0.8258611535143027,0.1,0,504
2025,671,France,Female,31,7,41299.03,1,0,1,102681.32,0.40220195648092094,0.125,1,217
2025,506,France,Male,37,5,0.0,2,1,1,127543.81,0.0,0.3333333333333333,2,185
2025,684,France,Female,27,9,122550.05,2,0,1,137835.82,0.889095163396834,0.2,2,243
2025,687,Germany,Male,33,9,135962.4,2,1,0,121747.96,1.1167438309123954,0.2,0,297
2025,722,France,Female,35,2,163943.89,2,1,1,15068.18,10.879416796401664,0.6666666666666666,2,70
2025,603,Germany,Male,44,6,108122.39,2,1,0,108488.33,0.9966177319004551,0.2857142857142857,0,264
2025,617,Spain,Male,38,7,0.0,1,1,1,27239.28,0.0,0.125,1,266
2025,674,France,Male,28,5,0.0,1,1,1,151925.25,0.0,0.16666666666666666,1,140
2025,683,Germany,Male,73,9,124730.26,1,1,1,51999.5,2.3986357823482467,0.1,1,657
2025,682,France,Male,50,6,121818.84,2,0,1,124151.37,0.9812043056447493,0.2857142857142857,2,300
2025,455,France,Female,27,5,155879.09,2,0,0,70774.97,2.2024295816786403,0.3333333333333333,0,135
2025,585,France,Male,54,8,87105.32,1,1,1,55346.14,1.573799838618581,0.1111111111111111,1,432
2025,648,France,Male,32,0,0.0,1,0,1,117323.31,0.0,1.0,1,0
2025,452,France,Male,35,4,148172.44,1,1,1,4175.68,35.47612936590785,0.2,1,140
2025,669,Spain,Male,25,7,157228.61,2,1,0,124382.9,1.264059174861055,0.25,0,175
2025,719,France,Female,54,7,0.0,2,1,1,125041.52,0.0,0.25,2,378
2025,672,Germany,Female,23,10,110741.56,1,1,0,80778.5,1.370911679324581,0.09090909090909091,0,230
2025,652,France,Female,40,8,84390.8,2,0,1,107876.2,0.7822857842064866,0.2222222222222222,2,320
2025,850,Germany,Male,32,3,137714.25,1,0,1,159403.68,0.8639285245577483,0.25,1,96
2025,537,Germany,Female,37,7,158411.95,4,1,1,117690.58,1.345992211167528,0.5,4,259
2025,663,France,Female,33,2,0.0,2,1,0,153295.0,0.0,0.6666666666666666,0,66
2025,615,Spain,Male,59,4,155766.05,1,1,1,110275.17,1.412508704283074,0.2,1,236
2025,651,Germany,Female,34,10,148962.46,1,1,0,66389.43,2.2437339236995455,0.09090909090909091,0,340
2025,708,France,Male,52,10,105355.81,1,1,0,123.07,849.1642621100991,0.09090909090909091,0,520
2025,655,Spain,Female,56,5,0.0,2,1,1,41782.7,0.0,0.3333333333333333,2,280
2025,601,Germany,Female,54,1,131039.97,2,1,1,199661.5,0.6563073686846553,1.0,2,54
2025,579,Spain,Female,31,9,0.0,2,1,0,112395.98,0.0,0.2,0,279
2025,750,France,Male,22,5,0.0,2,0,1,105125.65,0.0,0.3333333333333333,2,110
2025,713,France,Male,33,6,94598.48,1,0,0,197519.66,0.4789295459016793,0.14285714285714285,0,198
2025,598,France,Female,34,4,0.0,2,0,0,60894.26,0.0,0.4,0,136
2025,725,Spain,Female,32,0,0.0,2,1,1,138525.19,0.0,2.0,2,0
2025,513,France,Male,40,3,141004.46,1,1,0,105028.46,1.3425229454669194,0.25,0,120
2025,640,Germany,Female,43,9,94752.49,1,1,0,184006.36,0.5149385872391192,0.1,0,387
2025,582,Spain,Female,46,8,67563.31,1,1,0,44506.09,1.518034767044981,0.1111111111111111,0,368
2025,584,France,Male,38,1,115341.55,1,0,1,173632.92,0.6642800554177433,0.5,1,38
2025,681,France,Female,63,7,0.0,2,1,1,55054.48,0.0,0.25,2,441
2025,567,France,Male,42,2,0.0,2,1,1,167984.61,0.0,0.6666666666666666,2,84
2025,642,Germany,Female,30,5,129753.69,1,1,0,582.53,222.35993008071566,0.16666666666666666,0,150
2025,667,Germany,Female,37,5,92171.35,3,1,0,178106.34,0.5175045003760093,0.5,0,185
2025,850,Spain,Female,45,4,114347.85,2,1,1,109089.04,1.048196975635906,0.4,2,180
2025,492,France,Male,35,4,141359.37,2,1,0,39519.53,3.5768591666154275,0.4,0,140
2025,756,France,Male,62,3,0.0,1,1,1,11199.04,0.0,0.25,1,186
2025,678,Germany,Male,23,10,115563.71,1,1,1,91633.53,1.2611371499368198,0.09090909090909091,1,230
2025,509,Spain,Male,29,1,0.0,2,1,0,69113.14,0.0,1.0,0,29
2025,585,France,Female,39,7,0.0,2,1,0,2401.26,0.0,0.25,0,273
2025,774,Spain,Female,43,1,110646.54,1,0,0,108804.28,1.016922524348083,0.5,0,43
2025,376,France,Female,46,6,0.0,1,1,0,157333.69,0.0,0.14285714285714285,0,276
2025,572,France,Female,47,2,0.0,2,1,0,36099.7,0.0,0.6666666666666666,0,94
2025,607,France,Male,25,3,0.0,2,0,0,187048.72,0.0,0.5,0,75
2025,664,Spain,Male,32,5,133705.74,1,0,0,134455.84,0.9944138208216108,0.16666666666666666,0,160
2025,603,Spain,Female,42,8,91611.12,1,0,0,144675.3,0.6332144242007848,0.1111111111111111,0,336
2025,627,Germany,Female,35,2,137852.96,1,1,1,172269.21,0.8002135714584663,0.3333333333333333,1,70
2025,795,Germany,Female,56,9,94348.94,1,1,0,29239.29,3.2266759324206427,0.1,0,504
2025,544,France,Female,33,6,0.0,2,1,1,124113.04,0.0,0.2857142857142857,2,198
2025,748,France,Female,26,1,77780.29,1,0,1,183049.41,0.42491185897917405,0.5,1,26
2025,635,Spain,Female,35,7,0.0,2,1,1,65951.65,0.0,0.25,2,245
2025,663,France,Male,39,4,0.0,1,1,0,76884.05,0.0,0.2,0,156
2025,472,France,Female,37,1,0.0,2,1,1,48357.9,0.0,1.0,2,37
2025,850,France,Female,34,2,0.0,2,1,1,171706.66,0.0,0.6666666666666666,2,68
2025,674,Germany,Female,38,10,83727.68,1,1,0,45418.12,1.8434456678156685,0.09090909090909091,0,380
2025,529,France,Male,67,8,103101.56,2,1,1,154002.02,0.6694775206356344,0.2222222222222222,2,536
2025,557,France,Male,39,8,146200.01,1,1,0,177944.64,0.8215992816682668,0.1111111111111111,0,312
2025,700,Germany,Female,40,4,148571.07,1,1,0,189826.96,0.7826616795544766,0.2,0,160
2025,757,Spain,Female,55,9,117294.12,4,1,0,94187.47,1.245312934799769,0.4,0,495
2025,657,France,Male,32,3,118829.03,2,1,1,73127.61,1.624932157195385,0.5,2,96
2025,570,France,Female,30,10,176173.52,1,1,0,97045.32,1.8153549768811428,0.09090909090909091,0,300
2025,603,France,Male,31,1,129743.75,1,1,0,109145.2,1.1887152278320272,0.5,0,31
2025,497,Germany,Male,24,6,111769.14,2,1,0,55859.27,2.0008700280181246,0.2857142857142857,0,144
2025,624,Spain,Female,23,6,0.0,2,0,1,196668.51,0.0,0.2857142857142857,2,138
2025,611,France,Female,26,2,107508.93,2,1,1,120801.65,0.889955063071878,0.6666666666666666,2,52
2025,600,France,Male,37,1,142663.46,1,0,1,88669.89,1.6089097560653782,0.5,1,37
2025,645,Spain,Male,49,8,0.0,2,1,0,162012.6,0.0,0.2222222222222222,0,392
2025,524,Germany,Female,31,8,107818.63,1,1,0,199725.39,0.5398316667116448,0.1111111111111111,0,248
2025,498,Spain,Male,29,8,127864.26,1,1,1,46677.9,2.7392303588987743,0.1111111111111111,1,232
2025,722,France,Male,20,6,0.0,2,1,0,195486.28,0.0,0.2857142857142857,0,120
2025,638,France,Male,34,6,114543.27,1,1,1,97755.29,1.1717227607553438,0.14285714285714285,1,204
2025,783,Spain,Female,59,9,126224.87,1,1,1,4423.63,28.527779723954318,0.1,1,531
2025,637,Spain,Female,34,9,0.0,2,0,0,26057.08,0.0,0.2,0,306
2025,530,Germany,Male,23,1,137060.88,2,1,1,165227.23,0.8295245915301519,1.0,2,23
2025,650,France,Female,64,7,142028.36,1,1,0,32275.09,4.400420249168967,0.125,0,448
2025,638,Germany,Male,62,4,108716.59,2,1,1,74241.09,1.4643524986971677,0.4,2,248
2025,478,Spain,Male,48,0,83287.05,2,0,1,44147.95,1.8865012644694836,2.0,2,0
2025,629,Germany,Male,40,2,121647.54,2,1,1,64849.74,1.8758080478341497,0.6666666666666666,2,80
2025,651,Germany,Female,37,10,117791.06,2,1,1,75837.58,1.5531812436361545,0.18181818181818182,2,370
2025,471,France,Male,42,3,164951.56,1,1,0,190531.77,0.8657385288630403,0.25,0,126
2025,559,France,Male,29,1,0.0,2,0,0,155639.76,0.0,1.0,0,29
2025,777,France,Male,23,6,0.0,2,1,1,163225.48,0.0,0.2857142857142857,2,138
2025,706,Spain,Male,68,4,114386.85,1,1,1,28601.68,3.999165462816771,0.2,1,272
2025,641,France,Male,77,9,0.0,3,1,1,81514.06,0.0,0.3,3,693
2025,748,France,Male,33,1,142645.43,1,0,0,69132.66,2.063328196424144,0.5,0,33
2025,692,France,Male,33,9,0.0,1,1,0,113505.93,0.0,0.1,0,297
2025,637,Germany,Male,40,9,154309.67,1,1,1,125334.16,1.2311762317932176,0.1,1,360
2025,702,Spain,Female,38,9,0.0,2,1,1,158527.45,0.0,0.2,2,342
2025,765,France,Male,51,3,123372.3,1,1,1,115429.32,1.068803239911316,0.25,1,153
2025,612,France,Male,41,5,0.0,3,0,0,151256.22,0.0,0.5,0,205
2025,727,Germany,Male,36,6,140418.81,1,1,1,113033.73,1.2422625329400974,0.14285714285714285,1,216
2025,644,Germany,Male,34,9,112746.54,2,0,0,141230.07,0.7983125809356255,0.2,0,306
2025,588,Germany,Male,33,9,150186.22,2,1,1,65611.01,2.289005016002406,0.2,2,297
2025,799,Germany,Female,39,7,167395.6,2,0,1,139537.43,1.1996379778674593,0.25,2,273
2025,730,Germany,Female,37,5,124053.03,1,1,0,118591.67,1.046042980565325,0.16666666666666666,0,185
2025,716,France,Female,35,8,112808.18,1,0,1,17848.3,6.320033838862028,0.1111111111111111,1,280
2025,800,France,Female,29,2,0.0,2,0,0,167773.55,0.0,0.6666666666666666,0,58
2025,484,Germany,Male,54,3,134388.11,1,0,0,49954.79,2.690140822515268,0.25,0,162
2025,654,France,Female,37,5,0.0,1,0,1,71492.28,0.0,0.16666666666666666,1,185
2025,765,France,Male,34,9,91835.16,1,0,0,138280.17,0.6641190553999506,0.1,0,306
2025,805,Germany,Male,24,6,143221.35,2,1,0,186035.72,0.7698552737330566,0.2857142857142857,0,144
2025,606,Germany,Male,36,5,190479.48,2,0,0,179351.89,1.0620374168489841,0.3333333333333333,0,180
2025,850,France,Female,29,10,0.0,2,1,1,199775.67,0.0,0.18181818181818182,2,290
2025,775,Germany,Male,25,10,60205.2,2,1,0,14073.11,4.277726975275878,0.18181818181818182,0,250
2025,600,France,Male,35,4,143744.77,2,1,0,104076.51,1.3811319083248628,0.4,0,140
2025,697,Spain,Male,56,5,110802.03,1,1,1,50230.31,2.2058359616741035,0.16666666666666666,1,280
2025,740,France,Female,30,8,105209.54,1,1,0,1852.58,56.760182997226984,0.1111111111111111,0,240
2025,550,Germany,Male,35,9,129847.75,2,1,0,197325.4,0.6580353667831572,0.2,0,315
2025,547,France,Female,49,2,0.0,1,0,0,65466.93,0.0,0.3333333333333333,0,98
2025,713,Spain,Female,26,4,122857.46,2,1,0,144682.17,0.8491482457842193,0.4,0,104
2025,696,Germany,Male,49,5,97036.22,2,1,0,152450.84,0.63650409204638,0.3333333333333333,0,245
2025,781,Germany,Female,48,9,82794.18,1,1,0,124720.68,0.6638315006661232,0.1,0,432
2025,730,Spain,Female,52,7,0.0,2,0,1,122398.84,0.0,0.25,2,364
2025,807,France,Female,36,4,0.0,2,0,1,147007.33,0.0,0.4,2,144
2025,633,Germany,Female,29,8,104944.1,1,1,1,97684.46,1.0743062478284895,0.1111111111111111,1,232
2025,678,France,Female,60,2,0.0,2,1,1,43821.56,0.0,0.6666666666666666,2,120
2025,511,Spain,Female,29,9,0.0,2,0,1,140676.98,0.0,0.2,2,261
2025,737,France,Female,70,9,87542.89,2,1,1,42576.86,2.0560659929832075,0.2,2,630
2025,746,Germany,Female,33,2,107868.14,2,1,1,146192.4,0.7378454841326626,0.6666666666666666,2,66
2025,549,Spain,Male,25,6,193858.2,1,0,1,21600.11,8.9744554793712,0.14285714285714285,1,150
2025,589,France,Male,36,1,100895.54,1,1,1,68075.14,1.4820984268497008,0.5,1,36
2025,824,Germany,Male,77,3,27517.15,2,0,1,2746.41,10.015669303089092,0.5,2,231
2025,669,France,Male,43,1,163159.85,1,0,1,15602.8,10.456417667491253,0.5,1,43
2025,640,Spain,Female,46,8,0.0,2,1,0,89043.19,0.0,0.2222222222222222,0,368
2025,684,France,Male,35,3,137179.39,1,1,1,37264.11,3.6811749650007743,0.25,1,105
2025,633,France,Male,37,2,0.0,2,1,0,182258.17,0.0,0.6666666666666666,0,74
2025,597,Spain,Female,33,2,0.0,2,1,1,4700.66,0.0,0.6666666666666666,2,66
2025,697,Germany,Female,38,6,132591.36,1,1,1,7387.8,17.944911216977044,0.14285714285714285,1,228
2025,764,France,Female,39,1,129068.54,2,1,1,187905.12,0.6868777876952598,1.0,2,39
2025,560,Spain,Female,27,7,124995.98,1,1,1,114669.79,1.0900420237795518,0.125,1,189
2025,636,France,Male,36,5,117559.05,2,1,1,111573.3,1.0536391444983297,0.3333333333333333,2,180
2025,761,Germany,Male,36,8,108239.11,2,0,0,99444.02,1.0884316781272707,0.2222222222222222,0,288
2025,612,France,Female,38,1,0.0,2,1,1,9209.21,0.0,1.0,2,38
2025,586,Spain,Male,29,2,132450.24,1,1,1,36176.63,3.661108812268797,0.3333333333333333,1,58
2025,605,Spain,Female,48,10,150315.92,1,0,1,133486.36,1.1260685655930271,0.09090909090909091,1,480
2025,620,Spain,Male,21,9,0.0,2,0,0,154882.79,0.0,0.2,0,189
2025,558,Germany,Male,41,2,124227.14,1,1,1,111184.67,1.1172945218569983,0.3333333333333333,1,82
2025,573,France,Female,47,8,154543.98,1,1,0,29586.73,5.223245581867889,0.1111111111111111,0,376
2025,793,France,Male,39,3,137817.52,1,0,0,83997.79,1.6407083959185602,0.25,0,117
2025,694,Germany,Male,37,1,95668.82,2,1,0,100335.55,0.9534792655318526,1.0,0,37
2025,527,France,Male,39,4,0.0,2,1,0,167183.07,0.0,0.4,0,156
2025,642,France,Male,26,1,138023.79,2,0,1,117060.2,1.1790737665426292,1.0,2,26
2025,608,France,Male,33,9,89968.69,1,1,0,68777.26,1.308097791366051,0.1,0,297
2025,621,Spain,Female,59,2,0.0,2,1,1,171364.18,0.0,0.6666666666666666,2,118
2025,482,Germany,Male,45,7,156353.46,1,1,0,72643.95,2.152296339938289,0.125,0,315
2025,685,France,Female,40,7,0.0,1,1,0,72852.74,0.0,0.125,0,280
2025,658,Germany,Female,55,8,119327.93,1,0,1,119439.66,0.9990561840498872,0.1111111111111111,1,440
2025,734,Spain,Female,39,3,92636.96,2,1,1,125671.29,0.737131152778389,0.5,2,117
2025,630,France,Male,43,9,0.0,2,1,1,34338.04,0.0,0.2,2,387
2025,656,Spain,Female,40,10,167878.5,1,0,1,151887.16,1.1052770670208922,0.09090909090909091,1,400
2025,529,Germany,Male,29,4,135759.4,1,0,0,112813.79,1.203382996147934,0.2,0,116
2025,850,Germany,Female,40,4,97990.49,2,0,0,106691.02,0.9184425414384318,0.4,0,160
2025,611,France,Female,46,5,0.0,1,1,0,77677.14,0.0,0.16666666666666666,0,230
2025,623,Germany,Male,33,8,96759.42,1,1,1,174777.98,0.5536101652498486,0.1111111111111111,1,264
2025,687,Spain,Female,44,7,0.0,3,1,0,155853.52,0.0,0.375,0,308
2025,776,Germany,Male,33,8,115130.34,1,0,0,129525.5,0.8888554851709881,0.1111111111111111,0,264
2025,578,Spain,Male,40,6,63609.92,1,0,0,74965.61,0.8485100233290527,0.14285714285714285,0,240
2025,689,France,Female,46,7,52016.08,2,1,1,72993.65,0.712601265983192,0.25,2,322
2025,629,France,Male,31,6,0.0,2,1,0,93881.75,0.0,0.2857142857142857,0,186
2025,676,France,Female,34,8,82909.14,1,1,0,91817.38,0.9029688827008274,0.1111111111111111,0,272
2025,752,Germany,Male,38,3,183102.29,1,1,1,71557.12,2.5587912315192187,0.25,1,114
2025,815,France,Male,37,1,166115.42,1,1,0,67208.3,2.4716136010938965,0.5,0,37
2025,608,France,Male,31,7,79962.92,2,1,0,60901.72,1.3129613915437601,0.25,0,217
2025,520,Germany,Female,45,1,123086.39,1,1,1,41042.4,2.9989325933036737,0.5,1,45
2025,625,France,Female,37,7,115895.42,1,1,0,48486.25,2.3902246466854686,0.125,0,259
2025,647,France,Female,33,4,0.0,1,1,0,152323.04,0.0,0.2,0,132
2025,583,France,Female,31,4,158978.79,1,1,0,12538.92,12.677815328965417,0.2,0,124
2025,595,Germany,Female,44,4,96553.52,2,1,0,143952.24,0.6707283559578097,0.4,0,176
2025,563,Spain,Female,36,4,143680.47,2,1,1,63531.19,2.261538127365041,0.4,2,144
2025,796,France,Male,30,2,137262.71,2,1,0,62905.29,2.182018841041174,0.6666666666666666,0,60
2025,755,Germany,Male,40,2,137430.82,2,0,0,176768.59,0.7774573669600071,0.6666666666666666,0,80
2025,530,Spain,Female,22,7,0.0,2,1,0,104170.48,0.0,0.25,0,154
2025,546,France,Male,34,4,165363.31,2,1,1,25744.13,6.423090891364697,0.4,2,136
2025,693,France,Female,39,4,0.0,2,0,1,142331.39,0.0,0.4,2,156
2025,622,France,Male,26,9,0.0,2,1,1,153237.59,0.0,0.2,2,234
2025,744,Germany,Male,32,4,96106.83,1,1,1,79812.77,1.2041384588148134,0.2,1,128
2025,636,France,Female,34,3,0.0,2,1,1,44756.25,0.0,0.5,2,102
2025,792,France,Female,42,0,99045.93,2,1,0,47160.01,2.100165581695557,2.0,0,0
2025,520,France,Male,33,4,156297.58,2,1,1,166102.61,0.9409643775954056,0.4,2,132
2025,727,France,Female,28,2,110997.76,1,1,0,101433.76,1.0942773463455722,0.3333333333333333,0,56
2025,634,Germany,Female,31,8,76798.92,1,0,0,196021.73,0.39178578933167596,0.1111111111111111,0,248
2025,537,France,Male,38,3,0.0,2,0,0,141023.01,0.0,0.5,0,114
2025,569,Spain,Male,34,0,151839.26,1,1,0,102299.81,1.4842429888873805,1.0,0,0
2025,760,Germany,Female,49,9,91502.99,1,1,0,117232.9,0.7805164717713904,0.1,0,441
2025,474,France,Female,30,9,0.0,2,0,0,63158.22,0.0,0.2,0,270
2025,633,France,Male,59,5,0.0,1,1,1,137273.97,0.0,0.16666666666666666,1,295
2025,729,France,Female,62,4,140549.4,1,1,0,30990.16,4.535144860663492,0.2,0,248
2025,663,France,Female,42,1,82228.67,2,1,0,71359.78,1.1522950001387318,1.0,0,42
2025,812,Spain,Female,24,1,92476.88,1,0,0,83247.14,1.1108582125678725,0.5,0,24
2025,687,Germany,Female,47,1,91219.29,1,0,0,158845.49,0.5742606588285332,0.5,0,47
2025,669,Spain,Male,51,3,88827.53,1,0,0,85250.77,1.0419435279760174,0.25,0,153
2025,722,France,Male,46,6,0.0,1,1,1,93917.68,0.0,0.14285714285714285,1,276
2025,510,France,Male,32,9,103324.78,1,1,1,46127.7,2.2399239518997933,0.1,1,288
2025,704,Spain,Male,24,10,122109.78,1,1,1,127654.37,0.9565581142414926,0.09090909090909091,1,240
2025,646,France,Male,18,10,0.0,2,0,1,52795.15,0.0,0.18181818181818182,2,180
2025,654,France,Female,29,4,96974.97,1,0,1,141404.07,0.6857955658874183,0.2,1,116
2025,549,Germany,Male,41,9,95020.8,3,1,1,131710.59,0.7214308171361382,0.3,3,369
2025,479,Spain,Male,37,6,118433.94,1,0,1,160060.9,0.7399258661805215,0.14285714285714285,1,222
2025,631,France,Male,29,7,0.0,2,0,1,125877.22,0.0,0.25,2,203
2025,570,Germany,Female,57,5,86568.75,1,0,1,103660.31,0.8351114798761466,0.16666666666666666,1,285
2025,592,France,Male,28,2,116498.22,1,1,0,144290.25,0.8073824296345066,0.3333333333333333,0,56
2025,683,Spain,Male,41,0,148863.17,1,1,1,163911.32,0.9081878043090355,1.0,1,0
2025,572,France,Male,37,1,133043.66,1,0,0,111243.09,1.1959616011960725,0.5,0,37
2025,642,France,Male,30,8,117494.27,1,0,0,61977.82,1.8957164721754949,0.1111111111111111,0,240
2025,640,Germany,Male,33,8,81677.22,2,0,0,34925.56,2.338541785964607,0.2222222222222222,0,264
2025,584,Spain,Male,36,4,82696.09,2,0,0,83058.14,0.9956290180707384,0.4,0,144
2025,530,Spain,Female,36,7,0.0,2,1,0,80619.09,0.0,0.25,0,252
2025,596,Spain,Male,57,6,0.0,2,1,1,72402.0,0.0,0.2857142857142857,2,342
2025,587,Germany,Male,33,6,132603.36,1,1,0,55775.72,2.377396160978989,0.14285714285714285,0,198
2025,502,Germany,Female,33,6,125241.17,2,1,1,158736.07,0.7889850178033397,0.2857142857142857,2,198
2025,676,France,Female,32,5,0.0,2,1,1,75465.41,0.0,0.3333333333333333,2,160
2025,818,France,Male,36,4,0.0,2,1,1,8037.03,0.0,0.4,2,144
2025,610,Spain,Female,37,10,140363.95,2,1,1,129563.86,1.083348911116795,0.18181818181818182,2,370
2025,605,France,Male,41,10,0.0,2,0,1,97213.09,0.0,0.18181818181818182,2,410
2025,734,France,Female,29,0,139994.66,1,1,0,17744.72,7.888925329600602,1.0,0,0
2025,576,France,Female,50,8,0.0,2,1,1,57802.62,0.0,0.2222222222222222,2,400
2025,586,France,Female,43,8,132558.26,1,1,0,67046.83,1.97707010055359,0.1111111111111111,0,344
2025,811,Spain,Male,39,7,0.0,2,1,1,177519.39,0.0,0.25,2,273
2025,783,France,Male,38,9,114135.17,1,1,0,153269.98,0.7446626230223098,0.1,0,342
2025,570,Germany,Male,35,6,85668.59,1,1,0,105525.36,0.8118217097604806,0.14285714285714285,0,210
2025,699,France,Male,22,9,99339.0,1,1,0,68297.61,1.454480552386059,0.1,0,198
2025,656,Spain,Female,34,6,59877.33,1,1,0,14032.62,4.266705953275063,0.14285714285714285,0,204
2025,710,France,Female,41,2,156067.05,1,1,1,9983.88,15.6303380711636,0.3333333333333333,1,82
2025,694,France,Male,40,9,0.0,2,1,0,40463.03,0.0,0.2,0,360
2025,698,France,Male,47,5,156265.31,2,0,0,1055.66,147.8860844547915,0.3333333333333333,0,235
2025,571,France,Female,42,4,108825.34,3,1,0,55558.51,1.9587166985453974,0.6,0,168
2025,633,Germany,Male,43,3,144164.29,1,1,1,158646.46,0.9087084659281656,0.25,1,129
2025,629,France,Male,32,2,0.0,2,0,1,77965.44,0.0,0.6666666666666666,2,64
2025,584,France,Female,44,5,95671.75,2,1,1,106564.88,0.8977709375646313,0.3333333333333333,2,220
2025,685,France,Female,43,1,132667.17,1,1,1,41876.98,3.167945779619743,0.5,1,43
2025,636,France,Female,20,10,124266.86,1,0,0,100566.81,1.235652441869819,0.09090909090909091,0,200
2025,583,Germany,Male,40,4,107041.3,1,1,1,5635.63,18.990300942229666,0.2,1,160
2025,502,France,Female,64,3,139663.37,1,0,1,100995.11,1.3828589041696755,0.25,1,192
2025,597,Spain,Male,35,9,0.0,3,0,1,73181.39,0.0,0.3,3,315
2025,648,Germany,Male,31,7,125681.51,1,0,1,129980.93,0.9669152473732311,0.125,1,217
2025,770,France,Female,70,9,110738.89,1,1,0,22666.77,4.885301465472783,0.1,0,630
2025,704,France,Male,50,4,165438.26,1,1,0,120770.75,1.3698423679378664,0.2,0,200
2025,637,France,Female,36,9,166939.88,1,1,1,72504.76,2.3024361099035446,0.1,1,324
2025,667,France,Female,48,2,0.0,2,1,1,148608.39,0.0,0.6666666666666666,2,96
2025,516,Germany,Female,53,1,156674.2,1,1,0,118502.34,1.3221078832039672,0.5,0,53
2025,706,Germany,Male,23,2,93301.97,2,0,1,127187.04,0.7335750279664661,0.6666666666666666,2,46
2025,651,France,Male,35,0,181821.96,2,0,1,36923.67,4.9241322942087224,2.0,2,0
2025,667,France,Male,33,4,0.0,2,1,1,131834.75,0.0,0.4,2,132
2025,461,Germany,Female,34,5,63663.93,1,0,1,167784.28,0.3794369208073557,0.16666666666666666,1,170
2025,712,Germany,Female,29,7,147199.07,1,1,1,84932.4,1.7331117087035255,0.125,1,203
2025,705,France,Female,39,5,149379.66,2,1,0,96075.55,1.5547983352857695,0.3333333333333333,0,195
2025,737,Germany,Male,35,0,133377.8,1,0,1,64050.19,2.082362560320893,1.0,1,0
2025,452,Germany,Male,52,1,98443.14,2,0,0,92033.98,1.069627439480076,1.0,0,52
2025,670,France,Male,33,1,0.0,2,1,1,86413.11,0.0,1.0,2,33
2025,541,France,Male,46,4,124547.13,2,1,0,94499.06,1.3179582108201837,0.4,0,184
2025,712,France,Male,29,3,102540.61,1,1,1,189680.79,0.5405928001839291,0.25,1,87
2025,850,France,Female,41,5,0.0,2,1,1,34827.43,0.0,0.3333333333333333,2,205
2025,678,France,Female,49,3,204510.94,1,0,1,738.88,276.4109585338163,0.25,1,147
2025,604,France,Female,40,1,0.0,2,1,0,123207.17,0.0,1.0,0,40
2025,512,France,Male,24,6,0.0,2,1,0,37654.31,0.0,0.2857142857142857,0,144
2025,666,Spain,Female,36,6,0.0,2,1,0,176692.87,0.0,0.2857142857142857,0,216
2025,798,Germany,Female,29,8,80204.11,2,1,0,70223.22,1.1421146436371952,0.2222222222222222,0,232
2025,446,France,Female,51,4,105056.13,1,0,0,70613.52,1.4877411897723019,0.2,0,204
2025,629,Spain,Male,34,1,121151.05,1,0,0,119357.93,1.0150145447852121,0.5,0,34
2025,640,France,Male,33,7,154575.76,1,1,0,25722.28,6.009177678740814,0.125,0,231
2025,850,France,Male,43,4,161256.53,1,1,1,140071.57,1.1512356059434048,0.2,1,172
2025,734,Germany,Female,47,10,91522.04,2,1,1,138835.91,0.659205394300406,0.18181818181818182,2,470
2025,589,France,Male,37,7,85146.48,2,1,0,86490.09,0.984453774371441,0.25,0,259
2025,573,Germany,Female,47,4,152522.47,1,0,1,164038.07,0.9297935546696283,0.2,1,188
2025,744,France,Female,39,6,0.0,1,0,0,10662.58,0.0,0.14285714285714285,0,234
2025,576,Germany,Male,44,9,119530.52,1,1,0,119056.68,1.0039715203588715,0.1,0,396
2025,724,France,Male,28,5,97612.12,1,1,1,96498.14,1.0115335742888485,0.16666666666666666,1,140
2025,681,France,Male,59,4,122781.51,1,0,1,140166.95,0.8759599466211783,0.2,1,236
2025,489,France,Female,47,8,103894.38,2,1,1,107625.46,0.9653237688947495,0.2222222222222222,2,376
2025,552,Germany,Male,38,10,132271.12,2,1,1,46562.02,2.840690316049088,0.18181818181818182,2,380
2025,747,France,Female,34,10,0.0,2,1,1,50759.8,0.0,0.18181818181818182,2,340
2025,710,France,Male,38,3,130588.82,1,1,1,154997.64,0.8425159085266812,0.25,1,114
2025,562,France,Male,29,9,0.0,1,1,1,25858.68,0.0,0.1,1,261
2025,699,Germany,Female,31,10,125837.86,2,1,0,189392.66,0.6644248809595844,0.18181818181818182,0,310
2025,590,Spain,Male,30,3,0.0,2,1,0,83090.35,0.0,0.5,0,90
2025,602,Germany,Male,38,2,71667.97,2,0,0,137111.89,0.5226931618172441,0.6666666666666666,0,76
2025,668,Spain,Male,43,1,147167.25,1,0,0,141679.73,1.0387245322634913,0.5,0,43
2025,530,France,Female,29,5,0.0,2,0,0,121451.21,0.0,0.3333333333333333,0,145
2025,753,France,Male,35,4,0.0,2,1,1,106303.4,0.0,0.4,2,140
2025,662,France,Male,64,0,98848.19,1,0,1,42730.12,2.313259984760521,1.0,1,0
2025,691,France,Male,38,1,0.0,2,0,0,44653.5,0.0,1.0,0,38
2025,785,Germany,Female,33,5,136624.6,2,1,1,169117.74,0.807861979104149,0.3333333333333333,2,165
2025,812,Spain,Male,38,3,127117.8,2,1,1,174822.74,0.7271197836174882,0.5,2,114
2025,709,France,Female,43,8,0.0,2,0,0,168035.62,0.0,0.2222222222222222,0,344
2025,670,Germany,Male,43,9,111677.88,1,1,0,178827.3,0.6244978004040748,0.1,0,387
2025,732,France,Female,43,9,0.0,2,1,0,183147.17,0.0,0.2,0,387
2025,681,France,Female,43,8,154100.3,1,0,0,114659.81,1.343966608992209,0.1111111111111111,0,344
2025,662,Spain,Male,37,4,155187.3,1,1,0,48930.8,3.1715019680453196,0.2,0,148
2025,558,Germany,Female,32,1,108262.87,1,1,1,6935.31,15.608136026215666,0.5,1,32
2025,594,France,Male,35,2,133853.27,1,1,1,65361.66,2.047855304542379,0.3333333333333333,1,70
2025,717,France,Male,50,9,90305.76,1,1,1,124626.57,0.7246049971125971,0.1,1,450
2025,691,France,Male,58,3,0.0,1,0,1,194930.3,0.0,0.25,1,174
2025,600,France,Male,32,1,0.0,1,1,1,101986.16,0.0,0.5,1,32
2025,594,Spain,Female,49,2,126615.94,2,0,1,123214.74,1.027595500380065,0.6666666666666666,2,98
2025,608,France,Male,42,5,0.0,2,1,0,178504.29,0.0,0.3333333333333333,0,210
2025,434,Germany,Female,58,9,125801.03,2,1,0,60891.8,2.065942607336171,0.2,0,522
2025,712,Germany,Male,37,7,93978.96,2,1,0,60651.77,1.5494586644600075,0.25,0,259
2025,485,France,Female,25,3,134467.26,1,1,1,113266.09,1.1871697242332262,0.25,1,75
2025,615,France,Male,45,5,0.0,2,1,1,164886.64,0.0,0.3333333333333333,2,225
2025,363,Spain,Female,28,6,146098.43,3,1,0,100615.14,1.452037714823884,0.42857142857142855,0,168
2025,687,France,Male,28,7,108116.66,1,1,1,27411.19,3.944108807067221,0.125,1,196
2025,785,Spain,Female,31,2,121691.54,2,0,0,81778.72,1.4880405557759306,0.6666666666666666,0,62
2025,628,Spain,Male,28,4,0.0,2,1,1,176750.81,0.0,0.4,2,112
2025,561,France,Male,28,7,0.0,2,1,0,7797.01,0.0,0.25,0,196
2025,614,Spain,Male,35,2,127283.78,1,1,1,31302.35,4.066139247077389,0.3333333333333333,1,70
2025,713,Germany,Male,40,3,114446.84,2,1,1,87308.18,1.310822527482219,0.5,2,120
2025,667,Spain,Male,39,9,0.0,2,1,0,68873.8,0.0,0.2,0,351
2025,543,France,Male,35,5,137482.19,1,0,0,62389.35,2.203581002510805,0.16666666666666666,0,175
2025,703,France,Female,32,6,0.0,2,0,0,33606.52,0.0,0.2857142857142857,0,192
2025,594,Spain,Female,38,10,0.0,2,1,0,58332.91,0.0,0.18181818181818182,0,380
2025,750,France,Male,36,7,136492.92,3,1,1,26500.29,5.150425507588499,0.375,3,252
2025,755,France,Male,30,4,123217.66,2,0,1,144183.1,0.8545856304543982,0.4,2,120
2025,614,France,Female,38,4,72594.0,1,1,1,76042.48,0.9546380570694556,0.2,1,152
2025,660,Spain,Male,30,4,0.0,2,1,0,129149.06,0.0,0.4,0,120
2025,762,France,Male,20,1,139432.55,1,1,1,85606.83,1.6287359462329554,0.5,1,20
2025,683,France,Male,39,4,0.0,2,1,0,171716.81,0.0,0.4,0,156
2025,480,France,Female,40,7,0.0,1,1,0,170332.67,0.0,0.125,0,280
2025,701,France,Female,42,6,86167.82,1,1,0,153342.38,0.5619272250292122,0.14285714285714285,0,252
2025,580,Spain,Female,57,0,136820.99,1,0,1,108528.74,1.2606773958916697,1.0,1,0
2025,445,France,Male,37,3,0.0,2,1,1,180012.39,0.0,0.5,2,111
2025,657,Spain,Female,41,6,112119.48,1,1,0,17536.82,6.393011218041923,0.14285714285714285,0,246
2025,602,France,Female,25,0,0.0,2,1,1,101274.17,0.0,2.0,2,0
2025,684,France,Male,32,9,100249.41,2,0,1,67599.69,1.4829643011040272,0.2,2,288
2025,805,Germany,Male,56,6,151802.29,1,1,0,46791.09,3.2441869982725717,0.14285714285714285,0,336
2025,603,France,Male,45,9,0.0,1,0,0,148516.79,0.0,0.1,0,405
2025,701,Germany,Male,41,0,150844.94,1,0,1,127623.36,1.181944732181223,1.0,1,0
2025,664,France,Male,24,7,0.0,1,0,1,35611.35,0.0,0.125,1,168
2025,748,France,Male,40,3,95297.11,1,0,0,171515.84,0.5556137228274495,0.25,0,120
2025,487,Spain,Male,33,8,145729.71,1,1,0,41365.85,3.5228621468639743,0.1111111111111111,0,264
2025,730,Spain,Female,39,6,140094.59,1,1,0,172450.04,0.8123731234094036,0.14285714285714285,0,234
2025,731,Germany,Female,21,8,132312.06,1,1,0,106663.46,1.2404512243347032,0.1111111111111111,0,168
2025,660,France,Male,38,7,0.0,2,0,1,146585.53,0.0,0.25,2,266
2025,596,Spain,Female,76,9,134208.25,1,1,1,13455.43,9.973540530437864,0.1,1,684
2025,674,Germany,Male,43,8,85957.88,2,1,0,8757.39,9.814347157411351,0.2222222222222222,0,344
2025,511,Spain,Female,66,4,0.0,1,1,0,1643.11,0.0,0.2,0,264
2025,773,Germany,Male,47,2,118079.47,4,1,1,143007.49,0.8256815382079764,1.3333333333333333,4,94
2025,695,Spain,Male,39,4,65521.2,1,1,1,1243.97,52.628738041880524,0.2,1,156
2025,637,Spain,Female,45,2,157929.45,1,1,1,145134.49,1.0881518366045413,0.3333333333333333,1,90
2025,739,France,Female,37,8,0.0,2,1,0,191557.1,0.0,0.2222222222222222,0,296
2025,641,Germany,Male,32,5,122947.92,1,1,1,99154.86,1.2399460808468608,0.16666666666666666,1,160
2025,784,Germany,Male,28,2,70233.74,2,1,1,179252.73,0.39181187470966433,0.6666666666666666,2,56
2025,807,France,Male,42,7,118274.71,1,1,1,25885.72,4.568933800805973,0.125,1,294
2025,716,France,Female,44,1,0.0,1,1,1,152108.47,0.0,0.5,1,44
2025,589,Spain,Female,27,4,0.0,2,1,0,144181.48,0.0,0.4,0,108
2025,757,France,Male,46,0,0.0,2,1,0,37460.05,0.0,2.0,0,0
2025,544,Germany,Male,44,2,108895.93,1,0,0,69228.2,1.5729768652533902,0.3333333333333333,0,88
2025,598,Germany,Female,46,7,131769.04,1,0,0,184980.23,0.7123373544440158,0.125,0,322
2025,624,France,Male,37,0,0.0,2,0,0,112104.55,0.0,2.0,0,0
2025,646,France,Female,33,2,0.0,2,0,0,198208.0,0.0,0.6666666666666666,0,66
2025,694,Germany,Female,37,8,98218.04,2,1,0,182354.46,0.5386076183296075,0.2222222222222222,0,296
2025,513,Spain,Male,88,10,0.0,2,1,1,52952.24,0.0,0.18181818181818182,2,880
2025,727,Spain,Male,71,8,0.0,1,1,1,198446.91,0.0,0.1111111111111111,1,568
2025,739,France,Male,29,1,0.0,2,1,1,164484.78,0.0,1.0,2,29
2025,690,France,Female,26,3,118097.87,1,1,0,61257.83,1.9278505645635085,0.25,0,78
2025,590,France,Male,47,3,0.0,2,1,0,171774.5,0.0,0.5,0,141
2025,662,Spain,Male,38,4,0.0,2,1,0,136259.65,0.0,0.4,0,152
2025,743,Spain,Female,36,8,92716.96,1,1,1,33693.78,2.7516713271313837,0.1111111111111111,1,288
2025,799,Spain,Male,35,7,0.0,2,0,1,140780.8,0.0,0.25,2,245
2025,669,Germany,Female,50,4,112650.89,1,0,0,166386.22,0.6770405202995758,0.2,0,200
2025,751,Spain,Female,37,3,99773.85,2,1,0,54865.92,1.8184700362258353,0.5,0,111
2025,738,Spain,Male,35,8,127290.61,1,1,0,16081.62,7.914793112067561,0.1111111111111111,0,280
2025,569,France,Male,43,7,0.0,2,1,0,52534.81,0.0,0.25,0,301
2025,703,Spain,Male,29,9,0.0,2,1,0,50679.48,0.0,0.2,0,261
2025,599,France,Male,27,5,0.0,2,1,0,30546.4,0.0,0.3333333333333333,0,135
2025,610,France,Female,27,4,87262.4,2,1,0,182720.07,0.4775716341853733,0.4,0,108
2025,713,France,Male,53,6,115029.4,1,0,0,191521.32,0.6006057153025297,0.14285714285714285,0,318
2025,567,Spain,Male,35,8,153137.74,1,1,0,88659.07,1.7272458729166351,0.1111111111111111,0,280
2025,522,Germany,Female,37,3,95022.57,1,1,1,129107.59,0.7359895263359317,0.25,1,111
2025,511,Spain,Female,57,8,122950.31,1,1,1,181258.76,0.6783100121063825,0.1111111111111111,1,456
2025,749,Spain,Female,43,1,124209.02,1,1,1,167179.48,0.7429636522158568,0.5,1,43
2025,773,France,Male,64,2,145578.28,1,0,1,186172.85,0.7819480555405606,0.3333333333333333,1,128
2025,531,France,Male,29,3,114590.58,1,0,0,75585.48,1.5160195315352694,0.25,0,87
2025,751,France,Male,43,1,114974.24,1,1,0,125920.54,0.9130625308426185,0.5,0,43
2025,754,Spain,Male,39,7,157691.98,2,1,0,133600.89,1.1803124940822318,0.25,0,273
2025,773,Spain,Male,43,7,138150.57,1,1,1,177357.16,0.7789355166968354,0.125,1,301
2025,778,Germany,Female,35,1,151958.19,3,1,1,131238.37,1.1578704621943858,1.5,3,35
2025,721,Spain,Male,51,0,169312.13,1,1,0,109078.35,1.5521923260452137,1.0,0,0
2025,575,France,Female,57,8,137936.94,1,1,1,84475.13,1.6328510787603552,0.1111111111111111,1,456
2025,701,France,Female,41,2,0.0,1,1,0,47856.78,0.0,0.3333333333333333,0,82
2025,669,France,Female,31,6,113000.66,1,1,0,40467.82,2.7922894712521886,0.14285714285714285,0,186
2025,636,France,Male,31,6,0.0,2,1,1,2382.61,0.0,0.2857142857142857,2,186
2025,780,France,Female,37,3,0.0,2,0,0,182156.81,0.0,0.5,0,111
2025,608,France,Female,28,9,0.0,2,1,1,125062.02,0.0,0.2,2,252
2025,591,France,Male,45,5,0.0,2,1,1,155492.87,0.0,0.3333333333333333,2,225
2025,612,France,Female,63,2,126473.33,1,0,1,147545.65,0.8571752052655889,0.3333333333333333,1,126
2025,729,Spain,Female,42,1,0.0,2,1,1,149535.97,0.0,1.0,2,42
2025,728,Germany,Female,33,9,150412.14,2,1,0,170764.08,0.880813220126738,0.2,0,297
2025,586,Spain,Female,28,2,0.0,2,1,1,92067.35,0.0,0.6666666666666666,2,56
2025,689,France,Male,39,4,0.0,2,1,0,196112.45,0.0,0.4,0,156
2025,587,Germany,Female,45,8,134980.74,1,1,1,123309.57,1.094640467560891,0.1111111111111111,1,360
2025,606,Spain,Female,25,3,147386.72,3,1,0,45482.04,3.240476450122947,0.75,0,75
2025,617,Spain,Female,36,7,115617.24,1,1,1,71519.4,1.6165631064703219,0.125,1,252
2025,655,France,Male,38,4,0.0,2,0,0,110527.71,0.0,0.4,0,152
2025,754,Germany,Female,48,7,141819.02,1,1,0,93550.53,1.5159454901485843,0.125,0,336
2025,633,France,Female,29,7,169988.35,1,1,0,4272.0,39.781968172244326,0.125,0,203
2025,567,Spain,Female,54,5,92316.31,2,1,0,158590.66,0.5821006602743171,0.3333333333333333,0,270
2025,808,France,Male,41,0,0.0,1,1,1,79888.78,0.0,1.0,1,0
2025,502,Germany,Male,33,5,174673.65,2,1,0,33300.56,5.245209233441316,0.3333333333333333,0,165
2025,708,Germany,Male,37,8,153366.13,1,1,1,26912.34,5.698517166579845,0.1111111111111111,1,296
2025,636,Spain,Male,52,4,111284.53,1,0,1,32936.44,3.378663611986845,0.2,1,208
2025,611,France,Male,30,9,0.0,2,1,1,148887.69,0.0,0.2,2,270
2025,493,France,Male,36,9,0.0,2,1,1,65816.53,0.0,0.2,2,324
2025,646,France,Male,40,5,93680.43,2,1,1,179473.26,0.521971395786783,0.3333333333333333,2,200
2025,724,France,Male,30,10,0.0,2,1,1,54265.55,0.0,0.18181818181818182,2,300
2025,640,France,Male,44,7,111833.47,1,1,0,67202.74,1.6640959268040736,0.125,0,308
2025,630,France,Male,34,9,0.0,2,1,1,114006.35,0.0,0.2,2,306
2025,675,France,Male,34,8,0.0,2,1,1,184842.21,0.0,0.2222222222222222,2,272
2025,605,Germany,Male,75,2,61319.63,1,0,1,186655.11,0.32851659664395666,0.3333333333333333,1,150
2025,502,France,Male,37,10,0.0,1,1,1,76642.68,0.0,0.09090909090909091,1,370
2025,667,Spain,Male,45,3,0.0,2,0,0,163655.01,0.0,0.5,0,135
2025,595,France,Male,52,9,0.0,1,1,1,106340.66,0.0,0.1,1,468
2025,701,Germany,Male,32,5,102500.34,1,0,0,106287.77,0.9643571940855087,0.16666666666666666,0,160
2025,808,Spain,Male,47,8,139196.0,1,0,1,74028.36,1.8802810128305851,0.1111111111111111,1,376
2025,515,Spain,Male,29,4,151012.55,2,1,0,9770.97,15.453644454495869,0.4,0,116
2025,757,France,Male,47,3,130747.1,1,1,0,143829.54,0.9090357305200968,0.25,0,141
2025,486,Spain,Male,24,1,0.0,1,1,0,98802.76,0.0,0.5,0,24
2025,651,France,Female,34,9,0.0,2,1,0,138113.71,0.0,0.2,0,306
2025,523,France,Female,28,2,121164.11,1,1,1,59938.81,2.0214296641914613,0.3333333333333333,1,56
2025,619,France,Female,28,3,0.0,2,1,0,53394.12,0.0,0.5,0,84
2025,513,Germany,Male,34,7,60515.13,1,0,0,124571.09,0.4857840147018485,0.125,0,238
2025,723,Germany,Female,68,3,110357.0,1,0,0,141977.54,0.7772794395547383,0.25,0,204
2025,656,France,Male,41,2,0.0,2,1,0,158973.77,0.0,0.6666666666666666,0,82
2025,528,Germany,Female,29,9,170214.23,2,1,0,49284.0,3.4536721111900173,0.2,0,261
2025,556,France,Male,35,10,0.0,2,1,1,192751.18,0.0,0.18181818181818182,2,350
2025,623,France,Male,21,10,0.0,2,0,1,135851.3,0.0,0.18181818181818182,2,210
2025,513,France,Male,29,10,0.0,2,0,1,25514.77,0.0,0.18181818181818182,2,290
2025,570,Germany,Male,42,0,107856.57,2,1,0,127528.84,0.8457359469752335,2.0,0,0
2025,526,Spain,Male,66,7,132044.6,2,1,1,158365.89,0.8337891840901844,0.25,2,462
2025,567,France,Female,26,2,0.0,2,1,1,78651.55,0.0,0.6666666666666666,2,52
2025,780,France,Female,43,0,0.0,1,0,1,15705.27,0.0,1.0,1,0
2025,599,Spain,Female,46,7,81742.84,2,1,0,83282.21,0.9815044352877368,0.25,0,322
2025,640,France,Male,68,9,0.0,2,1,1,199493.38,0.0,0.2,2,612
2025,727,France,Female,31,2,52192.08,2,0,1,160383.47,0.3254185395880287,0.6666666666666666,2,62
2025,544,France,Male,23,1,96471.2,1,1,0,35550.97,2.7135261421518972,0.5,0,23
2025,713,Germany,Female,61,4,149525.34,2,1,0,123663.63,1.2091196973621317,0.4,0,244
2025,594,Germany,Female,21,2,87096.82,2,1,0,168186.11,0.5178566894930297,0.6666666666666666,0,42
2025,693,France,Male,21,1,0.0,2,1,1,3494.02,0.0,1.0,2,21
2025,547,Germany,Female,39,6,74596.15,3,1,1,85746.52,0.8699511076238705,0.42857142857142855,3,234
2025,554,France,Male,33,3,117413.95,1,1,1,12766.74,9.196141995372713,0.25,1,99
2025,593,France,Female,35,6,133489.12,2,1,1,78101.29,1.709157567595009,0.2857142857142857,2,210
2025,850,Spain,Male,39,0,141829.67,1,1,1,92748.16,1.5291747116631569,1.0,1,0
2025,613,Germany,Female,51,7,147262.11,1,1,1,53630.9,2.745793268558451,0.125,1,357
2025,605,France,Female,30,9,135422.31,1,0,1,186418.85,0.7264371793025259,0.1,1,270
2025,572,France,Male,30,6,117696.67,1,1,0,100843.82,1.1671067487650828,0.14285714285714285,0,180
2025,492,Germany,Female,38,8,57068.43,2,1,0,188974.81,0.3019880163498175,0.2222222222222222,0,304
2025,690,Spain,Male,32,2,76087.98,1,0,1,151822.66,0.5011602275956197,0.3333333333333333,1,64
2025,557,Spain,Male,34,3,0.0,1,0,1,123427.98,0.0,0.25,1,102
2025,711,France,Female,38,2,129022.06,2,1,1,14374.86,8.974910718384848,0.6666666666666666,2,76
2025,695,Spain,Female,31,8,0.0,2,0,1,131644.41,0.0,0.2222222222222222,2,248
2025,641,France,Male,30,2,87505.47,2,0,1,7278.57,12.020692156267472,0.6666666666666666,2,60
2025,658,Germany,Female,28,9,152812.58,1,1,0,166682.57,0.9167824999188581,0.1,0,252
2025,587,France,Male,33,5,100116.82,1,1,0,34215.58,2.925973899203252,0.16666666666666666,0,165
2025,507,France,Female,35,1,0.0,2,0,0,92131.54,0.0,1.0,0,35
2025,523,France,Male,45,5,0.0,2,1,1,121428.2,0.0,0.3333333333333333,2,225
2025,611,Spain,Female,33,7,0.0,2,1,1,3729.89,0.0,0.25,2,231
2025,588,Spain,Male,34,10,0.0,2,1,0,79078.91,0.0,0.18181818181818182,0,340
2025,523,France,Male,61,8,66250.71,1,1,1,21859.06,3.030673749294375,0.1111111111111111,1,488
2025,678,Germany,Female,40,8,128644.46,1,0,0,167673.37,0.7672279311381937,0.1111111111111111,0,320
2025,609,France,Male,37,6,0.0,2,0,1,22030.72,0.0,0.2857142857142857,2,222
2025,676,Spain,Female,30,5,0.0,2,0,1,157888.5,0.0,0.3333333333333333,2,150
2025,818,Spain,Male,26,4,0.0,2,1,1,167036.94,0.0,0.4,2,104
2025,624,Spain,Female,38,8,0.0,2,1,0,95403.41,0.0,0.2222222222222222,0,304
2025,679,France,Female,44,3,118742.74,2,1,0,1568.91,75.63665433050302,0.5,0,132
2025,597,Spain,Female,30,2,119370.11,1,1,1,182726.22,0.6532694472120792,0.3333333333333333,1,60
2025,819,Spain,Female,28,8,168253.21,1,1,1,102799.14,1.636702148460109,0.1111111111111111,1,224
2025,675,Spain,Female,40,8,79035.95,1,1,0,142783.98,0.5535312607810708,0.1111111111111111,0,320
2025,798,France,Male,28,3,0.0,2,1,0,2305.27,0.0,0.5,0,84
2025,741,Spain,Male,43,0,0.0,2,1,1,2920.63,0.0,2.0,2,0
2025,850,Spain,Male,31,6,82613.56,2,1,0,149170.92,0.5538144176196163,0.2857142857142857,0,186
2025,673,France,Male,51,8,79563.36,2,1,1,172200.91,0.46203529333675797,0.2222222222222222,2,408
2025,437,Germany,Male,35,6,126803.34,2,1,1,161133.4,0.7869414600482578,0.2857142857142857,2,210
2025,562,France,Male,42,2,100238.35,1,0,0,86797.41,1.1548408548036768,0.3333333333333333,0,84
2025,555,France,Male,31,8,145875.74,1,1,0,137491.23,1.0609744274276443,0.1111111111111111,0,248
2025,501,France,Male,37,4,0.0,2,0,0,12470.3,0.0,0.4,0,148
2025,675,Spain,Male,32,8,197436.82,1,1,1,52710.7,3.7455976566872256,0.1111111111111111,1,256
2025,763,France,Male,35,9,0.0,1,1,1,31372.91,0.0,0.1,1,315
2025,686,Spain,Male,38,7,111484.88,1,1,1,76076.2,1.4654177598544638,0.125,1,266
2025,723,Germany,Male,37,3,94661.53,2,1,0,121239.65,0.7807738576129376,0.5,0,111
2025,714,Spain,Male,25,2,0.0,1,1,1,132979.43,0.0,0.3333333333333333,1,50
2025,632,Spain,Female,29,7,80922.75,1,1,0,7820.78,10.345822817824077,0.125,0,203
2025,611,Germany,Female,29,4,78885.88,2,1,1,26927.69,2.9294362258245763,0.4,2,116
2025,550,France,Female,48,6,0.0,2,1,1,191870.28,0.0,0.2857142857142857,2,288
2025,431,France,Male,63,6,160982.89,1,1,1,168008.17,0.9581791874812547,0.14285714285714285,1,378
2025,553,Spain,Female,48,3,0.0,1,0,1,30730.95,0.0,0.25,1,144
2025,827,Spain,Female,35,0,0.0,2,0,1,184514.01,0.0,2.0,2,0
2025,583,France,Female,42,7,0.0,2,1,0,144039.05,0.0,0.25,0,294
2025,707,France,Male,47,3,0.0,2,1,0,174303.29,0.0,0.5,0,141
2025,727,Germany,Male,37,9,101191.83,1,1,1,34551.35,2.928652609735662,0.1,1,333
2025,789,Germany,Female,43,9,116644.29,2,1,1,60176.1,1.9383501365137237,0.2,2,387
2025,566,France,Male,30,5,0.0,1,1,0,54926.51,0.0,0.16666666666666666,0,150
2025,707,France,Male,35,2,0.0,3,1,1,94148.3,0.0,1.0,3,70
2025,621,Spain,Male,34,8,0.0,1,0,0,47972.65,0.0,0.1111111111111111,0,272
2025,707,Spain,Male,43,10,0.0,2,1,0,118368.2,0.0,0.18181818181818182,0,430
2025,738,Spain,Male,36,5,0.0,2,1,1,96881.32,0.0,0.3333333333333333,2,180
2025,667,Germany,Male,27,2,138032.15,1,1,0,166317.71,0.8299255688070212,0.3333333333333333,0,54
2025,609,Germany,Male,33,6,94126.67,1,0,0,93718.16,1.0043482037184286,0.14285714285714285,0,198
2025,625,France,Male,37,1,177069.24,2,1,1,96088.54,1.8427524993875504,1.0,2,37
2025,701,Spain,Female,42,5,0.0,2,0,0,24210.56,0.0,0.3333333333333333,0,210
2025,431,Germany,Male,42,8,120822.86,2,1,0,126153.24,0.957739192911788,0.2222222222222222,0,336
2025,493,France,Female,46,4,0.0,2,1,0,1907.66,0.0,0.4,0,184
2025,578,France,Male,32,4,0.0,2,1,1,141822.8,0.0,0.4,2,128
2025,667,France,Male,36,9,0.0,2,1,1,40062.29,0.0,0.2,2,324
2025,545,Spain,Female,39,6,0.0,1,0,0,38410.74,0.0,0.14285714285714285,0,234
2025,681,Spain,Male,67,7,0.0,2,0,1,163714.92,0.0,0.25,2,469
2025,687,France,Female,35,1,110752.15,2,1,1,47921.22,2.311081373108341,1.0,2,35
2025,791,Germany,Female,42,10,113657.41,2,0,1,139946.68,0.8121421519813691,0.18181818181818182,2,420
2025,599,Germany,Female,49,10,143888.22,2,1,1,166236.38,0.8655587570015841,0.18181818181818182,2,490
2025,752,France,Female,30,3,0.0,2,1,1,104991.28,0.0,0.5,2,90
2025,537,Germany,Male,48,4,131834.8,1,1,0,166476.95,0.7919054745688542,0.2,0,192
2025,603,Spain,Male,57,6,105000.85,2,1,1,87412.24,1.2012007563156337,0.2857142857142857,2,342
2025,608,Spain,Male,34,7,86656.13,1,0,1,59890.29,1.4468903575127536,0.125,1,238
2025,596,France,Female,33,1,138162.81,1,1,0,85412.54,1.6175750355271543,0.5,0,33
2025,629,France,Male,39,2,129669.32,2,1,0,82774.07,1.5665262499929025,0.6666666666666666,0,78
2025,515,France,Male,65,7,92113.61,1,1,1,142548.33,0.6461876039683947,0.125,1,455
2025,775,France,Female,66,9,0.0,2,1,1,67622.34,0.0,0.2,2,594
2025,674,France,Female,32,7,85757.93,1,1,1,95481.0,0.8981580821516096,0.125,1,224
2025,682,Spain,Male,46,4,0.0,1,1,1,4654.28,0.0,0.2,1,184
2025,725,France,Female,36,1,118851.05,1,1,1,102747.02,1.1567235066914185,0.5,1,36
2025,718,Spain,Male,34,5,113922.44,2,1,0,30772.22,3.701999335786115,0.3333333333333333,0,170
2025,748,Spain,Male,58,9,122330.7,2,0,1,124429.19,0.9831271655214864,0.2,2,522
2025,653,Germany,Female,38,5,114268.22,2,1,1,89524.83,1.2763715231682298,0.3333333333333333,2,190
2025,850,Spain,Male,39,6,133214.13,1,0,1,20769.88,6.413504386910906,0.14285714285714285,1,234
2025,821,Germany,Female,31,2,68927.57,1,1,1,25445.0,2.7087781969661244,0.3333333333333333,1,62
2025,700,France,Male,37,3,77608.46,2,1,1,175373.46,0.44253000123279074,0.5,2,111
2025,555,Spain,Male,33,5,127343.4,1,0,1,121789.3,1.0455955851984928,0.16666666666666666,1,165
2025,464,Germany,Male,33,8,164284.72,2,1,1,3710.34,44.26560757031153,0.2222222222222222,2,264
2025,663,France,Male,34,7,0.0,2,1,1,180427.24,0.0,0.25,2,238
2025,809,France,Male,43,2,0.0,2,1,1,132908.07,0.0,0.6666666666666666,2,86
2025,753,France,Female,62,6,0.0,2,1,1,136398.9,0.0,0.2857142857142857,2,372
2025,527,Spain,Male,28,6,128396.33,2,1,0,79919.97,1.6065411868749842,0.2857142857142857,0,168
2025,697,France,Female,23,10,0.0,2,1,1,79734.23,0.0,0.18181818181818182,2,230
2025,641,France,Female,38,3,0.0,2,1,0,116466.19,0.0,0.5,0,114
2025,748,France,Female,49,7,29602.08,1,0,0,163550.58,0.18099537772732005,0.125,0,343
2025,686,Germany,Female,56,5,111642.08,1,1,1,80553.87,1.3859134773602144,0.16666666666666666,1,280
2025,469,Germany,Male,38,9,113599.42,1,0,0,11950.29,9.505201530546074,0.1,0,342
2025,641,France,Male,65,6,38340.02,1,1,0,32607.77,1.175757932605247,0.14285714285714285,0,390
2025,739,France,Male,58,2,101579.28,1,1,1,72168.53,1.4075092355458045,0.3333333333333333,1,116
2025,804,Spain,Male,33,7,76548.6,1,0,1,98453.45,0.7775026928696469,0.125,1,231
2025,748,France,Male,34,5,84009.47,1,1,1,137001.1,0.6131984108272793,0.16666666666666666,1,170
2025,641,France,Female,36,5,66392.64,1,1,0,31106.67,2.1342852100462686,0.16666666666666666,0,180
2025,642,France,Female,40,7,0.0,2,1,0,10712.82,0.0,0.25,0,280
2025,605,Spain,Female,48,6,0.0,2,1,1,40062.99,0.0,0.2857142857142857,2,288
2025,709,France,Female,40,9,131569.63,1,1,1,103970.58,1.2654384015324187,0.1,1,360
2025,631,Germany,Male,40,3,107949.45,1,1,0,52449.62,2.0581158049228017,0.25,0,120
2025,452,Spain,Male,44,3,88915.85,1,1,0,69697.74,1.2757167489684893,0.25,0,132
2025,686,France,Female,43,0,0.0,1,1,1,170072.9,0.0,1.0,1,0
2025,606,France,Male,31,10,0.0,2,1,0,195209.4,0.0,0.18181818181818182,0,310
2025,496,France,Male,32,4,127845.83,1,1,0,66469.2,1.923355578890992,0.2,0,128
2025,554,Germany,Female,43,2,120847.11,1,1,0,7611.61,15.874596229151368,0.3333333333333333,0,86
2025,675,France,Male,40,7,113208.86,2,1,0,34577.36,3.2739800268144585,0.25,0,280
2025,655,France,Male,37,5,93147.0,2,1,0,66214.13,1.4067328720792363,0.3333333333333333,0,185
2025,660,Germany,Male,41,1,129901.21,1,1,0,26025.6,4.991094111409097,0.5,0,41
2025,641,France,Male,33,2,146193.6,2,1,1,55796.83,2.620058880425995,0.6666666666666666,2,66
2025,753,Germany,Female,38,1,117314.92,1,1,0,122021.33,0.9614217332188296,0.5,0,38
2025,746,France,Male,36,7,142400.77,1,1,1,193438.69,0.7361507351464427,0.125,1,252
2025,790,Germany,Male,50,8,121438.58,1,1,1,176471.78,0.6881434065922235,0.1111111111111111,1,400
2025,677,France,Male,38,4,0.0,2,1,0,187800.63,0.0,0.4,0,152
2025,689,Spain,Female,45,0,57784.22,1,1,0,197804.0,0.2921271959758348,1.0,0,0
2025,631,Germany,Female,22,6,139129.92,1,1,1,63747.51,2.182481127794203,0.14285714285714285,1,132
2025,623,France,Female,34,9,0.0,1,1,0,24255.21,0.0,0.1,0,306
2025,790,Spain,Male,32,3,0.0,1,1,0,91044.47,0.0,0.25,0,96
2025,516,France,Female,37,8,113143.12,1,0,0,3363.36,33.62990880880761,0.1111111111111111,0,296
2025,525,France,Male,51,10,0.0,3,1,0,171045.35,0.0,0.2727272727272727,0,510
2025,539,Spain,Female,39,6,62052.28,1,0,1,59755.14,1.0384251727102856,0.14285714285714285,1,234
2025,572,Germany,Male,26,4,118287.01,2,0,0,60427.3,1.9574770430410915,0.4,0,104
2025,757,France,Male,29,8,130306.49,1,1,0,77469.38,1.6820169205314341,0.1111111111111111,0,232
2025,680,France,Male,32,5,92961.61,1,1,0,116957.6,0.7948249209549362,0.16666666666666666,0,160
2025,743,France,Female,30,1,127023.39,1,1,1,138780.89,0.9152735274033232,0.5,1,30
2025,670,Germany,Female,36,2,84266.44,2,0,0,38614.69,2.1821813879280674,0.6666666666666666,0,72
2025,686,Germany,Male,33,9,141918.09,2,0,1,184036.47,0.7711369320606287,0.2,2,297
2025,433,France,Female,49,10,0.0,1,1,1,87711.61,0.0,0.09090909090909091,1,490
2025,655,Spain,Male,34,1,116114.93,1,1,1,49492.15,2.3460808212853697,0.5,1,34
2025,632,France,Male,44,3,107764.75,1,1,0,185667.72,0.5804141376102555,0.25,0,132
2025,725,Germany,Male,39,1,50880.98,2,1,1,184023.54,0.27649018984098533,1.0,2,39
2025,628,Spain,Male,40,10,0.0,2,1,0,103832.58,0.0,0.18181818181818182,0,400
2025,741,Germany,Female,37,8,170840.08,2,0,0,109843.16,1.5552950652997846,0.2222222222222222,0,296
2025,498,France,Male,73,2,170241.7,2,1,1,165407.96,1.0292169178743402,0.6666666666666666,2,146
2025,849,Germany,Male,37,7,143452.74,2,1,1,17294.12,8.294405589553586,0.25,2,259
2025,467,Germany,Male,51,10,114514.71,2,1,0,177784.68,0.6441166127665626,0.18181818181818182,0,510
2025,589,France,Male,46,9,0.0,2,1,0,170676.67,0.0,0.2,0,414
2025,775,Germany,Male,51,2,123783.25,1,1,1,134901.57,0.9175751803690618,0.3333333333333333,1,102
2025,700,Germany,Female,59,5,137648.41,1,1,0,142977.05,0.9627240684846381,0.16666666666666666,0,295
2025,506,Spain,Male,32,8,0.0,2,0,1,182692.8,0.0,0.2222222222222222,2,256
2025,752,France,Female,36,1,86837.95,1,1,1,105280.55,0.8248164089529456,0.5,1,36
2025,696,Germany,Female,27,2,96129.32,2,1,1,5983.7,16.06251274082243,0.6666666666666666,2,54
2025,685,Spain,Male,31,10,135213.71,1,1,1,125777.28,1.075016370075978,0.09090909090909091,1,310
2025,710,Germany,Male,34,8,147833.3,2,0,1,1561.58,94.60846804643602,0.2222222222222222,2,272
2025,728,France,Male,38,1,115934.74,1,1,1,139059.05,0.83370270613307,0.5,1,38
2025,546,France,Male,28,8,0.0,1,1,0,159254.29,0.0,0.1111111111111111,0,224
2025,769,Germany,Male,34,7,115101.5,1,0,0,57841.89,1.9898988449574355,0.125,0,238
2025,682,Spain,Female,47,10,134032.01,1,1,0,144290.97,0.92889444921987,0.09090909090909091,0,470
2025,711,France,Female,39,3,152462.79,1,1,0,90305.97,1.6882726770702197,0.25,0,117
2025,583,Germany,Female,41,5,77647.6,1,1,0,190429.52,0.4077476656577948,0.16666666666666666,0,205
2025,691,France,Female,33,6,0.0,2,1,0,164074.89,0.0,0.2857142857142857,0,198
2025,792,Spain,Male,25,8,142862.21,1,1,1,130639.01,1.0935563308667842,0.1111111111111111,1,200
2025,811,France,Male,31,7,117799.28,1,1,1,182372.35,0.6459237602423819,0.125,1,217
2025,712,France,Female,27,2,133009.51,1,1,0,126809.15,1.0488869384666766,0.3333333333333333,0,54
2025,446,Germany,Male,25,3,136202.78,1,1,0,176743.51,0.7706195796406915,0.25,0,75
2025,530,Spain,Male,37,4,0.0,2,1,1,164844.37,0.0,0.4,2,148
2025,520,Germany,Male,34,8,120018.86,2,1,1,343.38,348.5070561588943,0.2222222222222222,2,272
2025,549,Germany,Male,34,6,204017.4,2,1,0,109538.35,1.8625032921959093,0.2857142857142857,0,204
2025,523,Germany,Male,27,8,61688.61,2,1,0,147059.16,0.41947873577724926,0.2222222222222222,0,216
2025,768,France,Male,25,0,78396.08,1,1,1,8316.19,9.425789238913623,1.0,1,0
2025,778,France,Male,38,3,145018.49,2,1,1,126702.41,1.1445508056965474,0.5,2,114
2025,667,Germany,Male,70,3,77356.92,2,1,1,20881.96,3.704308201519325,0.5,2,210
2025,707,France,Female,55,1,0.0,2,0,1,54409.48,0.0,1.0,2,55
2025,594,France,Male,40,9,122417.17,2,0,1,190882.69,0.6413181241414602,0.2,2,360
2025,686,Spain,Female,35,4,0.0,2,1,1,159676.55,0.0,0.4,2,140
2025,732,Germany,Male,50,6,145338.76,1,0,0,91936.1,1.5808499506727969,0.14285714285714285,0,300
2025,631,Germany,Female,37,2,121801.72,2,0,1,23146.62,5.261954360750695,0.6666666666666666,2,74
2025,630,Germany,Female,51,0,108449.23,3,0,0,88372.69,1.2271664790731267,3.0,0,0
2025,662,Spain,Female,42,6,105021.28,1,1,0,48242.38,2.1769055153266623,0.14285714285714285,0,252
2025,673,Germany,Female,34,1,127122.79,3,0,1,76703.1,1.6573141461799301,1.5,3,34
2025,568,Germany,Female,29,2,129177.01,2,0,1,104617.99,1.2347376895915358,0.6666666666666666,2,58
2025,681,France,Male,46,0,105969.42,1,1,0,5771.56,18.357439333675178,1.0,0,0
2025,705,France,Female,31,3,119794.67,1,0,0,182528.44,0.656303279076515,0.25,0,93
2025,755,France,Female,38,1,0.0,2,1,0,20734.81,0.0,1.0,0,38
2025,826,France,Female,30,5,0.0,2,0,1,157397.57,0.0,0.3333333333333333,2,150
2025,646,Germany,Female,44,2,113063.83,1,0,0,53072.49,2.1303258933980036,0.3333333333333333,0,88
2025,645,France,Female,24,3,34547.82,1,1,1,11638.17,2.968237425864559,0.25,1,72
2025,593,Spain,Male,43,10,0.0,2,0,0,53478.02,0.0,0.18181818181818182,0,430
2025,828,Spain,Male,28,8,134766.85,1,1,0,79355.87,1.698237972339383,0.1111111111111111,0,224
2025,508,France,Male,35,1,86893.28,1,0,0,59374.82,1.4634455574676695,0.5,0,35
2025,729,Germany,Male,30,6,63669.42,1,1,0,145111.37,0.4387594248512377,0.14285714285714285,0,180
2025,559,France,Male,28,3,141099.43,1,1,1,15607.27,9.040042874706806,0.25,1,84
2025,636,France,Female,35,2,0.0,2,1,1,23129.46,0.0,0.6666666666666666,2,70
2025,502,France,Female,35,6,0.0,2,1,1,80618.47,0.0,0.2857142857142857,2,210
2025,764,Spain,Female,33,9,168964.77,1,0,1,118982.51,1.4200687977686992,0.1,1,297
2025,684,Spain,Female,41,7,0.0,1,1,1,138394.37,0.0,0.125,1,287
2025,521,France,Male,27,4,121325.84,1,1,1,164223.7,0.7387794893216427,0.2,1,108
2025,674,France,Female,42,9,0.0,2,1,0,4292.72,0.0,0.2,0,378
2025,650,Spain,Male,24,8,108881.73,1,1,0,104492.83,1.0419919530177044,0.1111111111111111,0,192
2025,671,France,Male,31,0,116234.61,1,1,0,172096.08,0.6754014071592616,1.0,0,0
2025,663,France,Female,42,5,124626.07,1,1,1,78004.5,1.5976574728705029,0.16666666666666666,1,210
2025,633,Spain,Male,63,4,114552.6,1,1,0,73856.28,1.55099944108421,0.2,0,252
2025,708,France,Female,47,0,126589.12,2,0,1,132730.07,0.953726358116453,2.0,2,0
2025,681,France,Male,34,3,0.0,2,0,0,55816.2,0.0,0.5,0,102
2025,718,France,Female,25,7,0.0,2,1,0,30380.12,0.0,0.25,0,175
2025,578,Germany,Female,36,8,129745.1,1,1,1,143683.75,0.9029844851315119,0.1111111111111111,1,288
2025,581,Germany,Male,39,1,121523.51,1,0,0,161655.55,0.7517388562356428,0.5,0,39
2025,602,France,Male,32,10,0.0,2,1,1,116052.92,0.0,0.18181818181818182,2,320
2025,656,Spain,Male,69,6,163975.09,1,1,1,36108.5,4.541051246901785,0.14285714285714285,1,414
2025,590,Spain,Male,29,10,0.0,1,1,1,51907.72,0.0,0.09090909090909091,1,290
2025,679,Spain,Female,26,3,76554.06,1,1,1,184800.27,0.4142507245756482,0.25,1,78
2025,601,France,Female,38,0,0.0,2,1,0,165196.65,0.0,2.0,0,0
2025,509,Germany,Male,32,9,170661.47,1,1,1,21646.2,7.883766491740271,0.1,1,288
2025,422,France,Male,41,6,153238.88,1,1,0,11663.09,13.137662689502568,0.14285714285714285,0,246
2025,497,Spain,Male,24,3,0.0,2,1,0,76390.01,0.0,0.5,0,72
2025,559,France,Female,43,1,0.0,2,1,1,196645.87,0.0,1.0,2,43
2025,550,Germany,Male,52,5,121016.23,1,1,1,41730.37,2.8998863444933627,0.16666666666666666,1,260
2025,766,Germany,Male,43,6,112088.04,2,1,1,36706.56,3.0535410144395323,0.2857142857142857,2,258
2025,602,France,Female,56,3,115895.22,3,1,0,4176.17,27.744913422245205,0.75,0,168
2025,689,Spain,Male,73,1,108555.07,1,0,1,167969.15,0.6462759603417632,0.5,1,73
2025,609,France,Male,37,1,39344.83,1,1,1,178291.89,0.22067526080260408,0.5,1,37
2025,640,France,Female,50,9,117565.03,2,0,0,82559.77,1.4239817530771575,0.2,0,450
2025,724,France,Female,28,5,0.0,1,1,0,59351.68,0.0,0.16666666666666666,0,140
2025,726,France,Male,34,3,0.0,2,1,0,196288.46,0.0,0.5,0,102
2025,620,France,Male,28,9,71902.52,1,0,1,190208.23,0.37801803834650927,0.1,1,252
2025,626,France,Female,34,3,0.0,2,1,1,37870.29,0.0,0.5,2,102
2025,781,France,Male,33,3,89276.48,1,1,0,6959.0,12.827080459770114,0.25,0,99
2025,759,Spain,Female,74,6,128917.84,1,1,1,48244.64,2.6721137910078507,0.14285714285714285,1,444
2025,829,France,Male,38,9,0.0,2,1,0,30529.88,0.0,0.2,0,342
2025,774,France,Female,47,6,94722.88,1,0,1,61450.96,1.5414134878692234,0.14285714285714285,1,282
2025,764,France,Female,24,7,0.0,2,1,0,186105.99,0.0,0.25,0,168
2025,660,France,Male,50,1,0.0,3,1,1,191849.15,0.0,1.5,3,50
2025,608,Germany,Male,33,1,102772.67,2,1,0,70705.58,1.4535092773543847,1.0,0,33
2025,698,Germany,Male,39,9,133191.19,2,0,1,53289.49,2.4993425656247488,0.2,2,351
2025,734,Germany,Female,30,7,123040.38,1,1,1,76503.06,1.6082856256256206,0.125,1,210
2025,592,Spain,Male,41,0,0.0,2,1,0,65906.07,0.0,2.0,0,0
2025,727,France,Male,61,0,128213.96,2,1,1,188729.08,0.6793509545484219,2.0,2,0
2025,850,France,Female,42,3,0.0,2,1,1,176883.42,0.0,0.5,2,126
2025,661,Germany,Female,35,5,150725.53,2,0,1,113656.85,1.3261339185986714,0.3333333333333333,2,175
2025,706,Germany,Male,31,1,117020.08,2,1,0,54439.53,2.1495029530388483,1.0,0,31
2025,699,Spain,Male,35,2,167455.66,2,1,1,55324.49,3.0267361391647865,0.6666666666666666,2,70
2025,746,France,Male,35,2,172274.01,1,1,0,22374.97,7.6990633255228715,0.3333333333333333,0,70
2025,588,Germany,Female,42,2,164307.77,1,1,0,48498.19,3.3878456526799723,0.3333333333333333,0,84
2025,547,Germany,Male,50,3,81290.02,3,0,1,177747.03,0.45733288858391286,0.75,3,150
2025,662,France,Female,29,10,0.0,2,1,0,137508.31,0.0,0.18181818181818182,0,290
2025,781,Spain,Male,33,3,0.0,2,1,1,42556.33,0.0,0.5,2,99
2025,831,Spain,Female,44,10,0.0,1,0,1,47729.33,0.0,0.09090909090909091,1,440
2025,499,France,Female,46,6,0.0,2,1,0,73457.55,0.0,0.2857142857142857,0,276
2025,679,Germany,Female,37,8,77373.87,2,0,1,174873.09,0.44245473986455053,0.2222222222222222,2,296
2025,681,Spain,Male,38,2,99811.44,2,1,0,23531.5,4.2414295123765005,0.6666666666666666,0,76
2025,620,Spain,Female,43,2,0.0,2,1,0,20670.1,0.0,0.6666666666666666,0,86
2025,696,Spain,Female,36,7,0.0,2,1,1,82298.59,0.0,0.25,2,252
2025,533,Germany,Female,49,1,102286.6,3,1,0,69409.37,1.473650118851117,1.5,0,49
2025,457,Spain,Male,44,7,0.0,2,0,0,185992.36,0.0,0.25,0,308
2025,629,Spain,Male,41,10,150148.51,1,0,0,6936.27,21.643746026895307,0.09090909090909091,0,410
2025,583,France,Female,40,4,55776.39,2,1,0,26920.43,2.071821221978179,0.4,0,160
2025,832,France,Female,27,10,98590.25,1,1,0,30912.89,3.189189390270846,0.09090909090909091,0,270
2025,491,France,Female,68,3,107571.61,1,0,1,113695.99,0.946125398746264,0.25,1,204
2025,667,France,Male,40,8,72945.29,2,1,0,98931.5,0.7373238319055921,0.2222222222222222,0,320
2025,676,France,Female,37,5,89634.69,1,1,1,169583.18,0.5285557296677085,0.16666666666666666,1,185
2025,735,Spain,Male,55,2,103176.62,1,0,1,163516.16,0.6309834392916315,0.3333333333333333,1,110
2025,721,France,Male,40,9,118129.87,1,1,1,160277.65,0.7370281069874247,0.1,1,360
2025,529,France,Female,31,5,0.0,2,1,0,26817.23,0.0,0.3333333333333333,0,155
2025,534,France,Male,29,7,174851.9,1,1,1,79178.31,2.208302901351376,0.125,1,203
2025,497,Spain,Male,27,9,75263.16,1,1,1,164825.04,0.4566217813641582,0.1,1,243
2025,603,Spain,Female,39,5,162390.52,2,1,0,54702.66,2.968549453546618,0.3333333333333333,0,195
2025,743,France,Male,39,6,0.0,2,1,0,44265.28,0.0,0.2857142857142857,0,234
2025,654,France,Male,29,4,132954.64,1,1,1,146715.07,0.9062036626253689,0.2,1,116
2025,590,Spain,Female,37,0,64345.21,1,0,1,61759.33,1.0418534033092115,1.0,1,0
2025,653,Spain,Female,38,9,149571.94,1,1,0,118383.18,1.263445335348017,0.1,0,342
2025,503,Germany,Male,42,9,153279.39,1,1,1,151336.96,1.0128284403992232,0.1,1,378
2025,708,Germany,Female,23,4,71433.08,1,1,0,103697.57,0.6888530864022522,0.2,0,92
2025,728,France,Male,43,7,0.0,2,1,0,40023.7,0.0,0.25,0,301
2025,550,Spain,Male,45,0,0.0,2,0,1,70399.71,0.0,2.0,2,0
2025,624,France,Female,23,5,0.0,2,0,0,132418.59,0.0,0.3333333333333333,0,115
2025,757,France,Male,28,7,120911.75,2,1,1,131249.46,0.9212291522635426,0.25,2,196
2025,575,France,Female,40,1,139532.34,1,1,0,181294.39,0.7696408606970093,0.5,0,40
2025,479,Germany,Male,35,9,92833.89,1,1,0,99449.86,0.9334649293128284,0.1,0,315
2025,697,France,Female,38,1,182065.85,1,1,0,49503.5,3.6777636376491025,0.5,0,38
2025,697,France,Male,42,9,132739.26,2,0,0,174667.65,0.7599489662283415,0.2,0,378
2025,662,France,Female,37,5,0.0,2,1,0,151871.84,0.0,0.3333333333333333,0,185
2025,587,Spain,Male,51,3,83739.32,1,0,1,148798.45,0.5627663274293017,0.25,1,153
2025,649,France,Male,45,7,0.0,2,0,1,75204.21,0.0,0.25,2,315
2025,579,Germany,Male,40,10,45408.85,2,1,0,18732.91,2.423885350148474,0.18181818181818182,0,400
2025,645,Spain,Female,55,1,133676.65,1,0,1,17095.49,7.818952896179273,0.5,1,55
2025,542,France,Male,32,7,107871.72,1,1,0,125302.64,0.8608825729244578,0.125,0,224
2025,595,Germany,Female,41,9,150463.11,2,0,1,81548.38,1.8450552291139428,0.2,2,369
2025,622,Germany,Female,52,9,111973.97,1,1,1,162756.29,0.6879812879656573,0.1,1,468
2025,642,France,Male,40,8,109219.83,1,1,0,52827.51,2.0674410465106816,0.1111111111111111,0,320
2025,539,France,Male,37,2,127609.59,1,1,0,98646.22,1.293595399850092,0.3333333333333333,0,74
2025,552,France,Female,41,9,124349.34,1,1,0,135635.25,0.916785446368504,0.1,0,369
2025,541,France,Male,32,8,0.0,2,0,0,40889.14,0.0,0.2222222222222222,0,256
2025,597,Spain,Male,38,1,0.0,2,1,0,41303.29,0.0,1.0,0,38
2025,753,France,Female,43,5,0.0,2,1,0,109881.71,0.0,0.3333333333333333,0,215
2025,731,Germany,Male,37,3,116880.53,1,0,0,172718.35,0.6767077921495188,0.25,0,111
2025,621,Spain,Male,42,8,68683.68,1,1,1,74157.71,0.9261714503933521,0.1111111111111111,1,336
2025,657,France,Male,34,3,107136.6,1,1,0,153895.46,0.6961602625557469,0.25,0,102
2025,850,France,Female,34,4,71379.53,2,1,1,154000.99,0.46349745220824745,0.4,2,136
2025,633,France,Female,60,8,69365.25,1,1,1,10288.24,6.7415329023329225,0.1111111111111111,1,480
2025,685,Germany,Male,38,4,111798.06,2,1,1,102184.66,1.0940679934934119,0.4,2,152
2025,444,France,Female,40,5,84350.07,1,1,0,143835.76,0.586429157608945,0.16666666666666666,0,200
2025,597,Spain,Male,43,2,85162.26,1,0,1,5104.08,16.681865906117043,0.3333333333333333,1,86
2025,621,France,Male,32,1,0.0,2,1,1,168779.47,0.0,1.0,2,32
2025,764,France,Female,24,0,0.0,2,1,0,88724.49,0.0,2.0,0,0
2025,711,Spain,Male,36,8,0.0,2,1,0,55207.41,0.0,0.2222222222222222,0,288
2025,561,France,Male,32,5,0.0,2,1,0,84871.99,0.0,0.3333333333333333,0,160
2025,684,France,Female,25,1,0.0,2,0,1,144978.47,0.0,1.0,2,25
2025,640,Germany,Male,26,5,90402.77,1,1,1,3298.65,27.39768460291243,0.16666666666666666,1,130
2025,525,Spain,Male,36,3,77910.23,1,1,0,67238.01,1.1587057870126285,0.25,0,108
2025,850,France,Female,35,1,211774.31,1,1,0,188574.12,1.1230235992956017,0.5,0,35
2025,644,France,Male,44,5,73348.56,1,1,0,157166.79,0.46668951698054667,0.16666666666666666,0,220
2025,619,Spain,Female,56,7,0.0,2,1,1,42442.21,0.0,0.25,2,392
2025,580,France,Male,31,2,0.0,2,0,1,64014.24,0.0,0.6666666666666666,2,62
2025,692,Spain,Male,28,9,118945.09,1,0,0,16064.25,7.40387420052598,0.1,0,252
2025,821,France,Female,40,1,0.0,2,1,0,194273.12,0.0,1.0,0,40
2025,589,France,Female,31,10,110635.32,1,1,0,148218.86,0.746427098230966,0.09090909090909091,0,310
2025,751,France,Male,47,5,142669.93,2,1,0,162760.96,0.8765557382081169,0.3333333333333333,0,235
2025,824,Spain,Female,38,3,0.0,2,1,0,192800.25,0.0,0.5,0,114
2025,452,France,Female,33,6,131698.57,2,1,0,151623.91,0.8685813564538967,0.2857142857142857,0,198
2025,592,France,Male,29,7,0.0,2,1,1,91196.67,0.0,0.25,2,203
2025,584,Spain,Female,38,3,0.0,2,1,1,4525.4,0.0,0.5,2,114
2025,679,Germany,Female,34,7,121063.85,1,1,0,56984.58,2.124464645266399,0.125,0,238
2025,627,France,Female,21,7,98993.02,1,1,1,169156.64,0.5852116404556129,0.125,1,147
2025,649,Germany,Female,50,5,155393.32,1,1,1,87351.42,1.778924041257243,0.16666666666666666,1,250
2025,704,Germany,Male,41,9,62078.21,2,1,0,129050.67,0.4810337595786246,0.2,0,369
2025,680,France,Male,33,1,123082.08,1,1,0,134960.98,0.9119759505602985,0.5,0,33
2025,572,Germany,Male,39,4,112290.22,1,1,0,49373.97,2.2742336856103407,0.2,0,156
2025,580,France,Male,37,9,0.0,2,0,1,77108.66,0.0,0.2,2,333
2025,752,Spain,Female,31,4,144637.86,2,1,0,40496.72,3.5715062477591326,0.4,0,124
2025,704,Spain,Female,36,2,175509.8,2,1,0,152039.67,1.154360869364756,0.6666666666666666,0,72
2025,726,France,Female,32,8,0.0,2,0,0,185075.63,0.0,0.2222222222222222,0,256
2025,625,Germany,Female,37,4,142711.81,1,1,0,35625.41,4.005786999026845,0.2,0,148
2025,704,Spain,Male,33,3,0.0,2,1,0,73018.74,0.0,0.5,0,99
2025,682,France,Male,30,4,0.0,1,0,1,161465.31,0.0,0.2,1,120
2025,739,France,Female,30,6,0.0,1,0,0,122604.44,0.0,0.14285714285714285,0,180
2025,665,Spain,Male,41,8,0.0,2,1,0,132152.32,0.0,0.2222222222222222,0,328
2025,562,France,Male,38,5,0.0,1,1,0,115700.2,0.0,0.16666666666666666,0,190
2025,588,Germany,Male,41,6,106116.56,2,1,0,198766.61,0.5338724956244129,0.2857142857142857,0,246
2025,673,France,Female,44,8,133444.97,1,0,1,5708.19,23.373713258798535,0.1111111111111111,1,352
2025,684,Germany,Female,46,3,102955.14,2,1,0,154137.33,0.6679398952875641,0.5,0,138
2025,757,Germany,Male,33,1,122088.67,1,1,0,42581.09,2.867136629507852,0.5,0,33
2025,637,Germany,Male,49,2,108204.52,1,1,0,169037.84,0.6401163188294478,0.3333333333333333,0,98
2025,597,France,Male,33,9,0.0,2,1,0,49374.82,0.0,0.2,0,297
2025,619,Germany,Male,41,3,147974.16,2,1,0,170518.83,0.8677827089084009,0.5,0,123
2025,458,Germany,Female,28,2,171932.26,2,1,1,9578.24,17.948423883314334,0.6666666666666666,2,56
2025,708,Spain,Male,40,8,83015.71,1,1,0,101089.76,0.8211997812658646,0.1111111111111111,0,320
2025,793,Spain,Male,41,9,0.0,2,1,0,152153.74,0.0,0.2,0,369
2025,520,Germany,Female,31,3,108914.17,1,1,1,183572.39,0.5933004233347763,0.25,1,93
2025,521,France,Male,37,5,105843.26,2,1,1,84908.2,1.2465464284200063,0.3333333333333333,2,185
2025,657,Spain,Male,36,8,188241.05,2,0,0,183058.51,1.028305221618915,0.2222222222222222,0,288
2025,712,Spain,Male,52,9,0.0,1,1,1,117977.45,0.0,0.1,1,468
2025,667,Germany,Female,56,8,137464.04,1,1,0,130846.79,1.0505644764806499,0.1111111111111111,0,448
2025,679,France,Male,36,1,97234.58,1,1,0,188997.08,0.5144739036502382,0.5,0,36
2025,733,France,Female,24,3,161884.99,1,1,1,9617.24,16.831040814119838,0.25,1,72
2025,744,France,Male,29,1,43504.42,1,1,1,119327.75,0.3645761813477473,0.5,1,29
2025,672,Germany,Female,21,3,165878.76,2,1,1,164537.17,1.0081475927439816,0.5,2,63
2025,716,Germany,Female,39,10,115301.31,1,1,0,43527.4,2.64887544683471,0.09090909090909091,0,390
2025,638,France,Male,57,6,0.0,1,1,0,33676.48,0.0,0.14285714285714285,0,342
2025,591,Germany,Female,35,2,90194.34,2,1,0,57064.57,1.5805386680620206,0.6666666666666666,0,70
2025,675,France,Female,33,6,0.0,2,1,0,34045.61,0.0,0.2857142857142857,0,198
2025,592,France,Female,34,9,0.0,2,1,1,20460.2,0.0,0.2,2,306
2025,584,Germany,Female,36,4,109646.83,1,1,1,70240.79,1.5609913984253536,0.2,1,144
2025,701,France,Male,33,9,147510.34,1,1,0,190611.92,0.7738737751879567,0.1,0,297
2025,774,France,Male,26,2,93844.69,1,1,0,28415.36,3.302488073771588,0.3333333333333333,0,52
2025,553,Germany,Female,25,7,128524.19,2,1,0,20682.46,6.213863154423874,0.25,0,175
2025,793,France,Male,32,2,0.0,2,1,0,193817.63,0.0,0.6666666666666666,0,64
2025,702,Spain,Female,35,8,14262.8,2,1,0,54689.16,0.2607928007524571,0.2222222222222222,0,280
2025,695,France,Female,31,5,106089.2,1,0,0,99537.68,1.0658087891059034,0.16666666666666666,0,155
2025,649,France,Female,35,4,108306.44,1,1,1,192486.24,0.5626681540033511,0.2,1,140
2025,722,Germany,Female,37,0,125977.81,1,0,0,160162.42,0.78655794188211,1.0,0,0
2025,696,Germany,Male,32,4,84421.62,1,0,1,52314.71,1.6136953890141221,0.2,1,128
2025,850,France,Male,56,7,131317.48,1,1,1,119175.45,1.1018744055557956,0.125,1,392
2025,765,Germany,Male,43,4,148962.76,1,0,1,173878.87,0.8566992832465311,0.2,1,172
2025,720,France,Male,71,5,183135.39,2,1,1,197688.5,0.9263789427359572,0.3333333333333333,2,355
2025,737,Germany,Female,22,10,111543.26,2,0,0,106327.85,1.0490404062491034,0.18181818181818182,0,220
2025,673,Spain,Male,39,8,138160.0,1,1,1,110468.51,1.2506618342020346,0.1111111111111111,1,312
2025,602,Germany,Female,53,5,98268.84,1,0,1,45038.29,2.18184700513707,0.16666666666666666,1,265
2025,618,France,Female,37,5,96652.86,1,1,0,98686.4,0.979383994309304,0.16666666666666666,0,185
2025,837,Germany,Male,38,2,126732.85,1,1,1,79577.38,1.592553781567305,0.3333333333333333,1,76
2025,553,Germany,Male,35,2,158584.28,2,1,0,43640.16,3.6338236655487615,0.6666666666666666,0,70
2025,710,Spain,Female,38,4,0.0,2,1,1,136390.88,0.0,0.4,2,152
2025,645,France,Male,32,4,0.0,2,0,1,97628.08,0.0,0.4,2,128
2025,725,France,Female,29,6,0.0,2,1,1,190776.83,0.0,0.2857142857142857,2,174
2025,672,France,Male,47,1,0.0,1,0,0,91574.92,0.0,0.5,0,47
2025,692,Spain,Female,34,4,109699.08,1,1,1,37898.91,2.894441701840453,0.2,1,136
2025,639,France,Male,38,3,0.0,1,1,0,42862.82,0.0,0.25,0,114
2025,685,Spain,Male,40,7,74896.92,1,1,0,198694.2,0.37694378122873623,0.125,0,280
2025,597,Germany,Female,72,6,124978.19,2,1,1,7144.46,17.490573035185978,0.2857142857142857,2,432
2025,658,France,Female,44,6,148481.09,1,1,0,130529.13,1.1375234974484434,0.14285714285714285,0,264
2025,650,Spain,Male,71,0,0.0,1,1,1,175380.77,0.0,1.0,1,0
2025,550,France,Male,22,6,154377.3,1,1,1,51721.52,2.9847211620779497,0.14285714285714285,1,132
2025,781,France,Male,29,9,0.0,2,0,0,172097.4,0.0,0.2,0,261
2025,655,France,Female,26,7,106198.5,1,0,1,32020.42,3.316483154088732,0.125,1,182
2025,649,France,Male,33,2,0.0,2,1,0,2010.98,0.0,0.6666666666666666,0,66
2025,701,Spain,Male,36,8,0.0,2,1,0,169161.46,0.0,0.2222222222222222,0,288
2025,519,France,Female,21,1,146329.57,2,1,1,194867.27,0.7509153234644101,1.0,2,21
2025,573,Spain,Male,44,8,0.0,2,0,0,62424.46,0.0,0.2222222222222222,0,352
2025,789,France,Male,31,4,175477.15,1,1,1,172832.9,1.015293585344079,0.2,1,124
2025,726,Spain,Female,56,2,105473.74,1,1,1,46044.7,2.2906316985082213,0.3333333333333333,1,112
2025,615,Spain,Male,51,6,81818.49,1,1,1,169149.38,0.4837026674134578,0.14285714285714285,1,306
2025,651,France,Male,34,3,0.0,2,1,1,105599.65,0.0,0.5,2,102
2025,587,France,Male,40,2,0.0,4,0,1,106174.7,0.0,1.3333333333333333,4,80
2025,772,Germany,Female,51,9,143930.92,1,0,1,46675.51,3.083583584119721,0.1,1,459
2025,624,Germany,Male,54,3,116726.22,1,1,0,110498.1,1.056354486145136,0.25,0,162
2025,555,Spain,Male,32,4,0.0,2,1,1,54405.79,0.0,0.4,2,128
2025,652,Germany,Male,35,7,104015.54,2,1,1,55207.88,1.8840364086357122,0.25,2,245
2025,693,France,Male,68,2,0.0,2,1,1,59864.96,0.0,0.6666666666666666,2,136
2025,603,France,Male,38,8,59360.77,1,1,1,191457.06,0.3100458136889092,0.1111111111111111,1,304
2025,847,Spain,Female,37,9,112712.17,1,1,0,116097.26,0.9708342743465751,0.1,0,333
2025,800,France,Female,40,5,97764.41,1,1,0,98640.15,0.9911118230069298,0.16666666666666666,0,200
2025,634,France,Female,41,7,0.0,2,1,1,131284.93,0.0,0.25,2,287
2025,595,France,Male,20,4,95830.43,1,1,0,177738.98,0.5391608010758187,0.2,0,80
2025,554,Spain,Female,41,4,112152.89,1,0,1,36242.19,3.094454158146675,0.2,1,164
2025,850,France,Female,71,4,0.0,2,1,1,107236.87,0.0,0.4,2,284
2025,582,France,Male,29,0,0.0,1,1,0,142516.35,0.0,1.0,0,0
2025,666,France,Male,51,2,148222.65,1,0,0,156953.54,0.9443667574063164,0.3333333333333333,0,102
2025,705,France,Male,25,3,113736.27,1,0,1,196864.61,0.5777355933319183,0.25,1,75
2025,562,France,Male,37,2,0.0,1,0,1,52525.15,0.0,0.3333333333333333,1,74
2025,548,Spain,Male,37,4,0.0,1,1,0,121763.68,0.0,0.2,0,148
2025,850,Spain,Male,38,1,146343.98,1,0,1,103902.11,1.408465829367379,0.5,1,38
2025,571,France,Female,33,9,102017.25,2,0,0,128600.49,0.793282021849047,0.2,0,297
2025,850,France,Female,37,9,0.0,1,0,0,100101.06,0.0,0.1,0,333
2025,599,France,Male,34,8,0.0,2,1,1,174196.68,0.0,0.2222222222222222,2,272
2025,528,France,Male,31,6,102016.72,2,0,0,80181.12,1.2723125804106952,0.2857142857142857,0,186
2025,621,France,Male,34,6,0.0,2,1,1,99128.13,0.0,0.2857142857142857,2,204
2025,617,France,Female,26,2,165947.99,2,0,1,168834.38,0.982898193494752,0.6666666666666666,2,52
2025,525,Spain,Female,30,5,0.0,2,0,1,149195.44,0.0,0.3333333333333333,2,150
2025,784,France,Male,31,7,0.0,2,1,1,143204.41,0.0,0.25,2,217
2025,559,Spain,Female,39,2,0.0,2,1,1,121151.1,0.0,0.6666666666666666,2,78
2025,665,Spain,Male,38,9,0.0,1,0,1,87412.74,0.0,0.1,1,342
2025,715,France,Female,38,5,118590.41,1,1,1,5684.17,20.85960666083864,0.16666666666666666,1,190
2025,850,Germany,Female,44,5,128605.32,1,0,1,171096.2,0.7516506406884508,0.16666666666666666,1,220
2025,667,France,Male,36,8,139753.35,1,1,0,79871.16,1.7497129162401517,0.1111111111111111,0,288
2025,722,Germany,Female,48,10,138311.76,1,1,1,3472.63,39.81764321473502,0.09090909090909091,1,480
2025,613,France,Male,40,7,124339.9,1,0,0,193309.58,0.6432131133226128,0.125,0,280
2025,707,France,Male,32,9,0.0,2,0,0,30807.02,0.0,0.2,0,288
2025,844,France,Female,29,8,0.0,2,0,0,147342.03,0.0,0.2222222222222222,0,232
2025,689,Spain,Male,38,2,0.0,1,1,1,82709.8,0.0,0.3333333333333333,1,76
2025,619,France,Female,40,10,0.0,1,1,1,147093.84,0.0,0.09090909090909091,1,400
2025,569,Spain,Male,38,8,0.0,2,0,0,79618.79,0.0,0.2222222222222222,0,304
2025,542,France,Male,34,8,101116.06,1,1,0,196395.05,0.5148579108388381,0.1111111111111111,0,272
2025,755,Germany,Female,38,1,82083.52,1,0,1,10333.78,7.942454507981786,0.5,1,38
2025,462,Germany,Male,34,1,94682.56,2,1,0,138478.2,0.6837312751662343,1.0,0,34
2025,616,Germany,Male,45,3,143129.41,2,0,1,64327.26,2.224984944408569,0.5,2,135
2025,642,France,Male,32,3,0.0,2,1,1,88698.83,0.0,0.5,2,96
2025,848,Spain,Male,22,7,120811.89,1,1,1,185510.34,0.6512372235573308,0.125,1,154
2025,567,France,Male,39,5,0.0,2,0,0,168521.72,0.0,0.3333333333333333,0,195
2025,602,France,Female,33,8,0.0,2,1,1,112928.74,0.0,0.2222222222222222,2,264
2025,646,Germany,Male,50,6,145295.31,2,1,1,27814.74,5.223492526174029,0.2857142857142857,2,300
2025,602,France,Male,34,5,0.0,2,1,1,77414.45,0.0,0.3333333333333333,2,170
2025,503,Germany,Male,30,10,136622.55,2,0,0,47310.24,2.8877397844571395,0.18181818181818182,0,300
2025,591,Spain,Male,58,5,128468.69,1,0,1,137254.55,0.9359817508290194,0.16666666666666666,1,290
2025,592,France,Male,36,1,126477.42,1,0,0,179718.17,0.7037503010947579,0.5,0,36
2025,614,Germany,Female,44,6,118715.86,1,1,0,133591.11,0.8886442470292595,0.14285714285714285,0,264
2025,686,Germany,Male,35,2,109342.82,2,0,1,86043.27,1.2707739864606906,0.6666666666666666,2,70
2025,590,France,Male,43,7,81076.8,2,1,1,182627.25,0.4439444609473069,0.25,2,301
2025,684,France,Male,46,0,0.0,2,1,1,36376.97,0.0,2.0,2,0
2025,644,Spain,Female,26,4,153455.72,2,1,1,82696.84,1.8556194454413804,0.4,2,104
2025,705,France,Female,31,3,142905.51,1,1,1,58134.97,2.4581254944228164,0.25,1,93
2025,628,France,Female,38,3,0.0,2,1,1,48924.73,0.0,0.5,2,114
2025,600,France,Female,27,3,0.0,2,0,1,125698.97,0.0,0.5,2,81
2025,554,France,Female,22,8,0.0,2,0,1,142670.61,0.0,0.2222222222222222,2,176
2025,524,France,Male,30,1,0.0,2,1,0,126812.85,0.0,1.0,0,30
2025,614,Spain,Male,39,3,151914.93,1,0,0,56459.45,2.6906432733001595,0.25,0,117
2025,659,France,Female,49,1,0.0,1,1,0,116249.72,0.0,0.5,0,49
2025,468,France,Female,32,8,137649.47,1,0,0,198714.29,0.6926969233218038,0.1111111111111111,0,256
2025,630,France,Male,26,7,129837.72,2,0,1,197001.15,0.659067527943223,0.25,2,182
2025,667,Germany,Female,36,1,114391.62,1,1,1,53412.54,2.141622142999696,0.5,1,36
2025,637,Germany,Male,51,1,104682.83,1,1,0,55266.96,1.8940961453978038,0.5,0,51
2025,670,Spain,Female,57,3,175575.95,2,1,0,99061.75,1.772371047644044,0.5,0,171
2025,712,Germany,Female,49,5,154776.42,2,0,0,196257.68,0.7886347752873912,0.3333333333333333,0,245
2025,418,France,Male,35,7,0.0,2,1,1,88878.15,0.0,0.25,2,245
2025,488,France,Male,34,3,0.0,2,1,1,125979.36,0.0,0.5,2,102
2025,779,Spain,Male,33,3,0.0,2,1,0,30804.68,0.0,0.5,0,99
2025,661,Spain,Female,41,5,28082.95,1,1,0,69586.27,0.40356447378953075,0.16666666666666666,0,205
2025,679,France,Male,29,3,0.0,2,1,1,63687.06,0.0,0.5,2,87
2025,755,France,Male,29,9,117035.89,1,1,1,21862.19,5.353102177678555,0.1,1,261
2025,599,France,Female,43,4,0.0,1,1,0,170347.1,0.0,0.2,0,172
2025,535,France,Male,38,2,119272.29,1,0,0,195896.59,0.6088502160746336,0.3333333333333333,0,76
2025,619,France,Male,58,5,152199.33,1,1,1,86022.09,1.7692846188157156,0.16666666666666666,1,290
2025,820,France,Female,49,1,0.0,2,1,1,119087.25,0.0,1.0,2,49
2025,636,Germany,Female,29,3,97325.15,1,0,1,131924.38,0.7377287827406674,0.25,1,87
2025,618,France,Female,49,9,44301.43,3,1,1,89729.3,0.4937176182404383,0.3,3,441
2025,647,France,Male,43,9,0.0,2,1,1,78488.39,0.0,0.2,2,387
2025,637,Spain,Female,44,0,157622.58,1,1,1,120454.2,1.3085577044411532,1.0,1,0
2025,660,France,Male,34,8,106486.66,2,0,1,182262.66,0.5842451534222456,0.2222222222222222,2,272
2025,699,Spain,Male,34,8,0.0,1,1,1,76510.46,0.0,0.1111111111111111,1,272
2025,796,Germany,Male,39,5,86350.87,2,0,0,105080.53,0.8217511678788841,0.3333333333333333,0,195
2025,556,Germany,Male,37,9,145018.64,2,1,0,90928.02,1.5948554157957493,0.2,0,333
2025,691,France,Female,29,9,0.0,2,0,0,199635.93,0.0,0.2,0,261
2025,747,France,Male,27,10,0.0,2,0,0,13007.89,0.0,0.18181818181818182,0,270
2025,805,Spain,Male,26,2,0.0,2,1,1,25042.1,0.0,0.6666666666666666,2,52
2025,521,Germany,Female,29,2,87212.8,1,1,1,994.86,87.57536199867451,0.3333333333333333,1,58
2025,424,Spain,Male,34,7,0.0,1,1,1,16250.61,0.0,0.125,1,238
2025,804,France,Male,55,7,0.0,2,1,1,118752.6,0.0,0.25,2,385
2025,682,France,Female,52,5,112670.48,1,1,0,21085.17,5.3433354658527366,0.16666666666666666,0,260
2025,628,Spain,Female,33,3,0.0,1,1,1,188193.25,0.0,0.25,1,99
2025,738,France,Male,31,9,82674.15,1,1,0,41970.72,1.9697584468780405,0.1,0,279
2025,629,France,Male,40,9,0.0,1,1,0,106.67,0.0,0.1,0,360
2025,679,France,Female,36,3,0.0,2,1,1,2243.41,0.0,0.5,2,108
2025,625,France,Male,43,8,201696.07,1,1,0,133020.9,1.516262134280145,0.1111111111111111,0,344
2025,563,Spain,Male,57,6,0.0,2,1,1,39297.48,0.0,0.2857142857142857,2,342
2025,799,France,Female,22,8,174185.98,2,0,1,192633.85,0.9042288038742731,0.2222222222222222,2,176
2025,688,Spain,Male,37,7,138162.41,2,1,1,113926.31,1.2127242361818251,0.25,2,259
2025,534,Spain,Female,33,3,151233.62,1,0,0,199336.63,0.758680736798165,0.25,0,99
2025,586,France,Male,51,2,138553.57,1,1,1,92406.22,1.499380351448729,0.3333333333333333,1,102
2025,484,Germany,Male,40,7,106901.42,2,0,0,118045.98,0.9055836921876358,0.25,0,280
2025,850,Germany,Female,31,3,51293.47,1,0,0,35534.68,1.4434357243198948,0.25,0,93
2025,587,Spain,Male,48,1,0.0,2,1,1,8908.0,0.0,1.0,2,48
2025,689,Germany,Female,30,5,136650.89,1,1,1,41865.72,3.263950221082521,0.16666666666666666,1,150
2025,563,France,Male,22,3,137583.04,1,0,1,5791.85,23.750492417376595,0.25,1,66
2025,569,Spain,Male,35,3,116969.35,1,0,0,94488.82,1.2379042525427606,0.25,0,105
2025,518,France,Male,42,7,151027.05,2,1,0,119377.36,1.2651124542169954,0.25,0,294
2025,659,Germany,Female,32,3,150923.74,2,0,1,174652.51,0.8641323040115253,0.5,2,96
2025,729,Germany,Male,36,8,152899.24,2,1,0,177130.33,0.8631970414268328,0.2222222222222222,0,288
2025,609,France,Male,53,7,0.0,2,0,1,52332.85,0.0,0.25,2,371
2025,636,Germany,Male,49,6,113599.74,2,1,0,158887.09,0.7149669934354426,0.2857142857142857,0,294
2025,850,Spain,Male,54,7,108185.81,2,0,0,24093.4,4.490081097682449,0.25,0,378
2025,705,France,Female,35,3,0.0,2,0,1,66331.01,0.0,0.5,2,105
2025,655,France,Female,37,7,111852.84,2,1,0,10511.13,10.64035928018394,0.25,0,259
2025,698,Germany,Male,52,10,107304.39,3,1,0,28806.32,3.724900129550406,0.2727272727272727,0,520
2025,614,Germany,Female,30,3,131344.52,2,1,0,54776.64,2.3977761729055866,0.5,0,90
2025,703,France,Female,40,7,0.0,2,0,1,122518.5,0.0,0.25,2,280
2025,559,France,Male,34,2,137390.11,2,1,0,9677.0,14.196126265757387,0.6666666666666666,0,68
2025,556,Spain,Male,38,2,115463.16,1,1,0,150679.65,0.7662772890878823,0.3333333333333333,0,76
2025,542,Spain,Male,54,8,105770.14,1,0,1,140929.98,0.7505102142907116,0.1111111111111111,1,432
2025,580,Germany,Male,76,2,130334.84,2,1,1,51672.08,2.522296716201163,0.6666666666666666,2,152
2025,623,France,Female,57,7,71481.79,2,1,1,84421.34,0.8467165207692655,0.25,2,399
2025,835,France,Male,23,9,0.0,1,1,0,19793.73,0.0,0.1,0,207
2025,567,France,Female,47,2,0.0,1,0,0,110900.43,0.0,0.3333333333333333,0,94
2025,501,France,Female,40,2,0.0,2,0,0,141946.92,0.0,0.6666666666666666,0,80
2025,598,Germany,Male,32,9,123938.6,2,1,0,198894.42,0.6231345095829758,0.2,0,288
2025,748,France,Male,44,4,112610.77,1,0,1,2048.55,54.9441438364519,0.2,1,176
2025,434,France,Male,41,4,108128.52,1,0,1,56784.11,1.904170300982071,0.2,1,164
2025,634,France,Male,77,5,0.0,2,1,1,161579.85,0.0,0.3333333333333333,2,385
2025,570,France,Male,37,6,0.0,1,1,1,187758.5,0.0,0.14285714285714285,1,222
2025,736,France,Female,29,9,0.0,2,0,0,176152.7,0.0,0.2,0,261
2025,850,France,Male,36,7,0.0,1,1,1,40812.9,0.0,0.125,1,252
2025,765,France,Male,40,6,138033.55,1,1,1,67972.45,2.0306980151809273,0.14285714285714285,1,240
2025,665,France,Female,41,8,96147.55,1,1,0,137037.97,0.7016073603005043,0.1111111111111111,0,328
2025,559,France,Female,70,9,0.0,1,1,1,122996.76,0.0,0.1,1,630
2025,568,France,Female,38,3,132951.92,1,0,1,124486.28,1.0679960233688133,0.25,1,114
2025,807,France,Female,34,1,0.0,1,0,0,114448.13,0.0,0.5,0,34
2025,628,Spain,Female,55,7,0.0,3,1,0,85890.75,0.0,0.375,0,385
2025,616,Spain,Female,32,6,0.0,2,1,1,43001.46,0.0,0.2857142857142857,2,192
2025,705,France,Female,24,7,100169.51,1,1,0,121408.55,0.8250546188499998,0.125,0,168
2025,520,Spain,Female,35,4,115680.81,1,1,1,90280.7,1.2813317649091676,0.2,1,140
2025,651,France,Female,39,8,0.0,1,1,0,137452.57,0.0,0.1111111111111111,0,312
2025,688,Germany,Male,35,5,111578.18,1,0,0,166165.93,0.6714824664570742,0.16666666666666666,0,175
2025,709,Germany,Male,45,4,122917.71,1,1,1,11.58,9770.883147853736,0.2,1,180
2025,605,France,Male,52,7,0.0,2,1,1,173952.5,0.0,0.25,2,364
2025,587,Spain,Female,35,3,83286.56,1,1,0,125553.52,0.6633497543537261,0.25,0,105
2025,562,France,Male,35,7,0.0,1,0,0,48869.67,0.0,0.125,0,245
2025,520,Germany,Male,43,3,150805.17,3,0,1,25333.03,5.952671959415854,0.75,3,129
2025,615,Spain,Male,32,5,138521.83,1,1,1,56897.1,2.4345598534924715,0.16666666666666666,1,160
2025,693,France,Male,41,4,0.0,2,0,0,156381.47,0.0,0.4,0,164
2025,639,France,Female,42,4,0.0,2,0,0,167682.37,0.0,0.4,0,168
2025,663,Spain,Male,35,5,0.0,2,1,1,62634.94,0.0,0.3333333333333333,2,175
2025,766,Germany,Female,38,7,130933.74,1,0,1,2035.94,64.27962532033344,0.125,1,266
2025,754,France,Female,27,7,0.0,2,1,0,144134.64,0.0,0.25,0,189
2025,821,Germany,Male,42,3,87807.29,2,1,1,64613.81,1.358934430047848,0.5,2,126
2025,607,Germany,Male,32,9,144272.07,2,1,0,176580.63,0.8170276262598777,0.2,0,288
2025,594,France,Female,31,0,79340.95,1,1,0,78255.86,1.013852970844984,1.0,0,0
2025,613,Spain,Female,32,0,0.0,2,0,1,126675.62,0.0,2.0,2,0
2025,724,Spain,Male,41,5,0.0,1,0,1,115753.94,0.0,0.16666666666666666,1,205
2025,775,France,Female,27,4,152309.37,1,1,0,104112.0,1.4629236502646163,0.2,0,108
2025,670,France,Male,37,4,170557.91,2,1,0,198252.88,0.8603004894532202,0.4,0,148
2025,459,Germany,Male,50,5,109387.9,1,1,0,155721.15,0.7024556236861615,0.16666666666666666,0,250
2025,745,France,Male,36,8,67226.37,1,1,0,130789.6,0.514000012233295,0.1111111111111111,0,288
2025,600,France,Female,37,4,0.0,3,1,0,7312.25,0.0,0.6,0,148
2025,480,France,Female,28,6,0.0,2,0,0,48131.92,0.0,0.2857142857142857,0,168
2025,619,Spain,Male,38,3,96143.47,1,0,0,98994.92,0.9711861862589893,0.25,0,114
2025,682,France,Male,48,1,138778.15,1,0,1,168840.23,0.8219446754800352,0.5,1,48
2025,682,Spain,Female,59,0,122661.39,1,0,1,84803.76,1.4463974663686332,1.0,1,0
2025,614,Spain,Male,66,2,0.0,2,0,1,180082.7,0.0,0.6666666666666666,2,132
2025,679,Germany,Female,30,4,77949.69,1,1,1,121151.46,0.6434016279983089,0.2,1,120
2025,823,France,Male,71,5,149105.08,1,0,1,162683.06,0.9165315888969084,0.16666666666666666,1,355
2025,709,Spain,Female,35,1,111827.27,2,1,0,12674.68,8.822190998826098,1.0,0,35
2025,625,France,Male,36,9,108546.16,3,1,0,133807.77,0.8112036303749001,0.3,0,324
2025,627,France,Female,57,9,0.0,2,1,1,107712.42,0.0,0.2,2,513
2025,703,France,Male,37,1,149762.08,1,1,0,20629.4,7.2592911431673635,0.5,0,37
2025,656,France,Male,30,3,0.0,2,0,1,17104.0,0.0,0.5,2,90
2025,835,Germany,Female,29,10,130420.2,2,0,0,106276.55,1.2271660383589948,0.18181818181818182,0,290
2025,655,Spain,Female,36,1,135515.76,1,1,0,86013.96,1.575490589078923,0.5,0,36
2025,668,Spain,Female,36,3,133686.52,1,1,0,190958.48,0.700077943236963,0.25,0,108
2025,790,Spain,Female,37,3,0.0,3,0,0,98897.32,0.0,0.75,0,111
2025,561,France,Female,35,5,0.0,2,1,0,59981.62,0.0,0.3333333333333333,0,175
2025,656,France,Male,33,7,138705.02,2,1,0,37136.15,3.7349398109440273,0.25,0,231
2025,660,Germany,Male,30,1,84440.1,2,1,1,60485.98,1.3960045616428527,1.0,2,30
2025,660,France,Male,35,7,0.0,2,1,0,13218.6,0.0,0.25,0,245
2025,790,Germany,Male,42,1,85839.62,1,1,0,198182.73,0.4331315189193381,0.5,0,42
2025,667,Spain,Male,56,2,168883.08,1,0,1,18897.78,8.936189531811047,0.3333333333333333,1,112
2025,472,France,Male,19,9,0.0,2,1,0,3453.4,0.0,0.2,0,171
2025,673,Spain,Female,57,4,0.0,2,1,1,49684.09,0.0,0.4,2,228
2025,587,Germany,Female,44,5,125584.17,2,1,1,41852.24,3.00058418416352,0.3333333333333333,2,220
2025,600,Spain,Male,37,8,177657.35,1,1,1,77142.32,2.3029518304371654,0.1111111111111111,1,296
2025,663,France,Female,39,8,0.0,2,1,1,101168.9,0.0,0.2222222222222222,2,312
2025,630,Spain,Female,31,1,0.0,2,1,1,169802.73,0.0,1.0,2,31
2025,572,France,Male,33,9,68193.72,1,1,0,19998.31,3.409803638225519,0.1,0,297
2025,753,France,Male,32,6,177729.13,1,1,1,161642.08,1.0995158592622711,0.14285714285714285,1,192
2025,587,France,Male,39,10,0.0,2,1,1,170409.45,0.0,0.18181818181818182,2,390
2025,640,France,Male,44,3,137148.68,1,1,0,92381.01,1.484582117232565,0.25,0,132
2025,560,Spain,Female,26,3,116576.45,1,1,0,157567.37,0.7398467725470537,0.25,0,78
2025,514,Germany,Female,45,3,109032.23,1,0,1,155407.21,0.7015860358986182,0.25,1,135
2025,590,France,Male,32,5,0.0,2,1,0,59249.83,0.0,0.3333333333333333,0,160
2025,504,France,Female,49,7,0.0,3,0,1,87822.14,0.0,0.375,3,343
2025,651,Spain,Male,45,4,0.0,2,0,0,193009.21,0.0,0.4,0,180
2025,703,France,Male,43,8,0.0,2,1,0,9704.66,0.0,0.2222222222222222,0,344
2025,584,France,Male,35,3,146311.58,1,1,1,105443.47,1.3875699692928418,0.25,1,105
2025,666,Germany,Male,74,7,105102.5,1,1,1,46172.47,2.276253008491673,0.125,1,518
2025,729,Spain,Male,31,8,164870.81,2,1,1,9567.39,17.23077863674035,0.2222222222222222,2,248
2025,430,Germany,Male,36,1,138992.48,2,0,0,122373.42,1.1357968438175234,1.0,0,36
2025,504,France,Female,73,8,0.0,1,1,1,34595.58,0.0,0.1111111111111111,1,584
2025,596,Germany,Male,48,2,131326.47,1,0,0,1140.02,115.09567755166431,0.3333333333333333,0,96
2025,698,Spain,Male,27,6,125427.37,2,0,0,27654.44,4.535359770085018,0.2857142857142857,0,162
2025,557,France,Female,27,2,0.0,2,0,1,4497.55,0.0,0.6666666666666666,2,54
2025,790,Spain,Male,37,8,0.0,2,1,1,149418.41,0.0,0.2222222222222222,2,296
2025,771,France,Female,41,10,108309.0,4,1,1,137510.41,0.7876364586764109,0.36363636363636365,4,410
2025,771,Germany,Female,36,5,77846.9,1,0,0,99805.99,0.7799744286447271,0.16666666666666666,0,180
2025,750,France,Female,32,5,0.0,2,1,0,95611.47,0.0,0.3333333333333333,0,160
2025,724,Germany,Male,37,6,125489.4,1,1,0,118570.53,1.0583434320194738,0.14285714285714285,0,222
2025,725,France,Male,44,5,0.0,1,1,1,117356.14,0.0,0.16666666666666666,1,220
2025,649,France,Male,46,5,0.0,2,1,1,76946.6,0.0,0.3333333333333333,2,230
2025,487,Spain,Female,40,6,136093.74,1,0,1,193408.43,0.7036561764335896,0.14285714285714285,1,240
2025,725,France,Female,33,4,0.0,1,1,1,67879.8,0.0,0.2,1,132
2025,514,France,Female,46,3,106511.85,1,1,0,55072.32,1.934000891901923,0.25,0,138
2025,705,Germany,Female,43,7,79974.55,1,1,1,103108.33,0.7756286458267162,0.125,1,301
2025,576,France,Male,39,1,0.0,2,1,1,68814.23,0.0,1.0,2,39
2025,698,France,Female,40,7,105061.74,3,1,0,107815.31,0.9744512680873609,0.375,0,280
2025,506,Germany,Female,41,3,57745.76,1,1,0,4035.46,14.306040441376851,0.25,0,123
2025,560,Germany,Male,41,4,152532.3,1,0,0,10779.69,14.148658388284979,0.2,0,164
2025,763,France,Female,23,2,0.0,2,1,0,153983.99,0.0,0.6666666666666666,0,46
2025,562,France,Female,57,3,0.0,3,1,0,6554.97,0.0,0.75,0,171
2025,810,Germany,Male,69,3,27288.43,1,1,1,110509.9,0.24692975986984092,0.25,1,207
2025,714,Germany,Female,49,4,93059.34,1,1,0,7571.51,12.289100971804592,0.2,0,196
2025,679,France,Male,41,8,147726.98,3,1,0,172749.4,0.8551469634802583,0.3333333333333333,0,328
2025,823,Germany,Female,53,4,124954.94,1,0,1,131259.6,0.9519607559313304,0.2,1,212
2025,779,Germany,Female,24,10,122200.31,2,1,0,43705.56,2.795926057781715,0.18181818181818182,0,240
2025,729,France,Male,44,6,0.0,2,1,0,151733.43,0.0,0.2857142857142857,0,264
2025,773,France,Male,33,9,0.0,2,1,1,1118.31,0.0,0.2,2,297
2025,684,Germany,Male,59,9,122471.09,1,0,1,15807.07,7.74737776338288,0.1,1,531
2025,729,France,Female,32,9,0.0,2,0,0,150803.44,0.0,0.2,0,288
2025,584,France,Female,37,1,0.0,2,1,1,180363.56,0.0,1.0,2,37
2025,630,France,Male,50,1,81947.76,1,0,1,63606.22,1.288340537442133,0.5,1,50
2025,534,France,Male,62,2,0.0,2,0,0,42763.12,0.0,0.6666666666666666,0,124
2025,603,France,Female,24,3,0.0,1,1,1,198826.03,0.0,0.25,1,72
2025,682,France,Female,46,2,0.0,1,1,1,114442.66,0.0,0.3333333333333333,1,92
2025,791,France,Female,31,10,75499.24,1,1,0,22184.14,3.403144627439809,0.09090909090909091,0,310
2025,678,France,Male,54,7,128914.97,1,0,0,191746.23,0.6723172480770647,0.125,0,378
2025,797,Spain,Male,59,4,129321.44,1,1,1,93624.55,1.3812622729586101,0.2,1,236
2025,521,France,Male,35,6,96423.84,1,1,0,10488.44,9.192467853383974,0.14285714285714285,0,210
2025,816,Germany,Female,40,9,109003.26,1,1,1,79580.56,1.3697049919604491,0.1,1,360
2025,648,Spain,Female,49,10,0.0,2,1,1,159835.78,0.0,0.18181818181818182,2,490
2025,743,Germany,Male,45,10,144677.19,3,1,0,22512.44,6.426258714794363,0.2727272727272727,0,450
2025,638,Spain,Female,34,7,0.0,2,0,0,3946.29,0.0,0.25,0,238
2025,602,Spain,Male,37,3,107592.89,2,0,1,153122.73,0.702653272618163,0.5,2,111
2025,626,France,Female,39,0,0.0,2,1,1,83295.09,0.0,2.0,2,0
2025,836,Germany,Female,32,4,109196.67,2,1,0,55218.02,1.9775191591592898,0.4,0,128
2025,616,Germany,Male,39,2,121704.32,2,1,0,55556.3,2.190608974878189,0.6666666666666666,0,78
2025,714,Germany,Male,26,3,119545.48,2,1,0,65482.94,1.8255694449662008,0.5,0,78
2025,803,France,Male,31,9,157120.86,2,1,0,141300.53,1.1119544140817157,0.2,0,279
2025,653,France,Male,37,7,135847.47,1,1,0,144880.81,0.9376433798004042,0.125,0,259
2025,581,France,Male,38,1,0.0,2,1,0,46176.22,0.0,1.0,0,38
2025,679,Spain,Male,33,4,96110.22,1,1,0,1173.23,81.8495695051225,0.2,0,132
2025,570,France,Male,32,9,117337.54,2,0,1,62810.91,1.868077885229091,0.2,2,288
2025,661,Spain,Female,42,3,0.0,2,1,0,35989.41,0.0,0.5,0,126
2025,511,Spain,Female,40,1,0.0,1,1,1,184118.73,0.0,0.5,1,40
2025,696,France,Female,33,4,0.0,2,1,1,73371.65,0.0,0.4,2,132
2025,537,Spain,Female,38,1,96939.06,1,1,1,102606.92,0.9447522179574442,0.5,1,38
2025,729,Spain,Female,38,10,0.0,2,1,0,189727.12,0.0,0.18181818181818182,0,380
2025,696,France,Male,27,4,87637.26,2,0,0,196111.35,0.4468727237218869,0.4,0,108
2025,508,France,Male,49,1,93817.41,2,1,1,132468.76,0.7082175584827812,1.0,2,49
2025,714,Spain,Male,20,3,0.0,2,0,1,150465.93,0.0,0.5,2,60
2025,708,Spain,Female,41,5,0.0,1,0,1,157003.99,0.0,0.16666666666666666,1,205
2025,706,France,Male,34,8,0.0,2,1,1,37479.97,0.0,0.2222222222222222,2,272
2025,681,Germany,Male,31,4,97338.19,2,0,0,48226.76,2.018302114798614,0.4,0,124
2025,611,Spain,Female,37,4,0.0,2,1,0,125696.26,0.0,0.4,0,148
2025,850,France,Male,30,9,121535.18,1,0,0,40313.47,3.014678848562315,0.1,0,270
2025,458,France,Female,39,9,0.0,2,1,0,116343.09,0.0,0.2,0,351
2025,561,France,Female,49,8,0.0,2,1,1,12513.07,0.0,0.2222222222222222,2,392
2025,850,Spain,Male,35,7,110349.82,1,0,0,126355.8,0.8733192040317578,0.125,0,245
2025,661,France,Male,33,9,0.0,2,1,1,84174.81,0.0,0.2,2,297
2025,508,France,Male,26,7,205962.0,1,1,0,156424.4,1.3166787491034064,0.125,0,182
2025,479,France,Female,35,2,113090.4,1,1,0,195649.79,0.5780216885400769,0.3333333333333333,0,70
2025,620,Germany,Male,40,5,108197.11,2,1,0,49722.34,2.1759823455141993,0.3333333333333333,0,200
2025,634,Germany,Female,53,3,113781.5,2,1,1,106345.05,1.0699175004619352,0.5,2,159
2025,616,France,Male,44,5,102016.38,1,0,1,178235.37,0.572365673739877,0.16666666666666666,1,220
2025,631,Germany,Female,32,2,146810.99,2,1,1,180990.29,0.8111494757565405,0.6666666666666666,2,64
2025,616,France,Male,40,9,0.0,2,0,0,93717.55,0.0,0.2,0,360
2025,682,France,Male,61,10,73688.2,1,1,1,172141.33,0.42806554320485846,0.09090909090909091,1,610
2025,850,France,Male,31,8,0.0,2,1,0,178667.7,0.0,0.2222222222222222,0,248
2025,549,Germany,Female,37,1,130622.34,2,1,1,128499.94,1.0165088286513702,1.0,2,37
2025,699,Spain,Male,47,1,0.0,2,0,1,30117.44,0.0,1.0,2,47
2025,714,France,Female,72,3,0.0,1,1,1,86733.61,0.0,0.25,1,216
2025,581,France,Female,27,5,102258.11,2,1,0,194681.6,0.5252555184695499,0.3333333333333333,0,135
2025,699,France,Female,39,1,0.0,2,0,0,93826.63,0.0,1.0,0,39
2025,577,Spain,Female,40,1,0.0,2,1,1,108787.0,0.0,1.0,2,40
2025,743,Spain,Male,25,6,0.0,2,1,0,129740.11,0.0,0.2857142857142857,0,150
2025,514,Germany,Male,43,1,95556.31,1,0,1,199273.98,0.47951985743518827,0.5,1,43
2025,684,France,Male,60,2,116563.58,1,1,0,120257.7,0.9692735743858865,0.3333333333333333,0,120
2025,495,France,Male,30,10,129755.99,1,0,0,172749.65,0.7511172316862484,0.09090909090909091,0,300
2025,715,France,Female,33,3,85227.84,1,1,1,68087.15,1.2517279438492601,0.25,1,99
2025,714,France,Female,52,2,0.0,1,0,1,144045.08,0.0,0.3333333333333333,1,104
2025,698,France,Male,36,2,82275.35,2,1,1,93249.26,0.8823069233265409,0.6666666666666666,2,72
2025,702,France,Male,34,4,100054.77,1,1,0,109496.45,0.913763471204124,0.2,0,136
2025,568,Spain,Female,43,9,0.0,1,1,0,125870.79,0.0,0.1,0,387
2025,740,France,Female,37,7,0.0,2,1,1,194270.91,0.0,0.25,2,259
2025,620,Spain,Male,42,4,106920.91,1,0,1,119747.08,0.8928820403634029,0.2,1,168
2025,621,France,Female,40,6,0.0,1,1,0,155155.25,0.0,0.14285714285714285,0,240
2025,625,France,Female,44,7,0.0,1,1,0,4791.8,0.0,0.125,0,308
2025,496,Spain,Female,43,3,0.0,2,0,1,199505.53,0.0,0.5,2,129
2025,814,France,Female,48,7,0.0,2,1,1,132870.15,0.0,0.25,2,336
2025,508,France,Female,38,3,166328.65,2,0,1,22614.19,7.354731487995458,0.5,2,114
2025,586,Germany,Female,47,5,157099.47,2,1,1,65481.86,2.3990929840266597,0.3333333333333333,2,235
2025,717,Spain,Female,36,2,164557.95,1,0,1,82336.73,1.9985728292485112,0.3333333333333333,1,72
2025,548,Spain,Male,39,7,131468.44,1,1,0,164975.82,0.7968903752660526,0.125,0,273
2025,507,France,Male,42,6,0.0,2,1,0,34777.23,0.0,0.2857142857142857,0,252
2025,769,France,Female,27,2,0.0,1,1,1,57876.05,0.0,0.3333333333333333,1,54
2025,709,France,Female,45,3,104118.5,1,0,1,174032.0,0.5982687191509656,0.25,1,135
2025,744,France,Male,31,9,120718.28,1,1,1,58961.49,2.047374186537916,0.1,1,279
2025,600,Germany,Female,39,7,88477.36,2,1,0,58632.37,1.508993257593756,0.25,0,273
2025,660,Germany,Male,26,4,115021.76,1,0,1,162443.05,0.708070009335522,0.2,1,104
2025,653,Spain,Female,30,2,88243.29,2,1,1,96658.26,0.912931570136167,0.6666666666666666,2,60
2025,691,France,Female,60,6,101070.69,1,1,0,177355.8,0.5698720883552252,0.14285714285714285,0,360
2025,681,Spain,Male,30,2,111093.01,1,1,0,68985.99,1.6103472553303164,0.3333333333333333,0,60
2025,642,Germany,Female,19,3,113905.48,1,1,1,176137.2,0.6466824345882948,0.25,1,57
2025,691,France,Female,44,6,134066.1,2,1,1,197572.41,0.6785634767350526,0.2857142857142857,2,264
2025,707,France,Female,44,6,0.0,2,1,1,192542.17,0.0,0.2857142857142857,2,264
2025,775,Germany,Female,74,0,161371.5,1,1,1,134869.93,1.1964883759606315,1.0,1,0
2025,707,France,Male,37,1,0.0,2,0,1,6035.51,0.0,1.0,2,37
2025,663,Spain,Female,58,5,216109.88,1,0,1,74176.71,2.9134072755818425,0.16666666666666666,1,290
2025,747,France,Male,42,4,80214.36,1,1,0,115241.96,0.696045641312927,0.2,0,168
2025,837,France,Male,26,4,89900.24,2,1,0,175477.03,0.5123162141722243,0.4,0,104
2025,850,Spain,Male,48,2,0.0,1,1,0,169425.3,0.0,0.3333333333333333,0,96
2025,754,Spain,Female,27,8,0.0,2,0,0,121821.16,0.0,0.2222222222222222,0,216
2025,555,Spain,Male,33,1,56084.69,2,0,0,178798.13,0.3136742891310489,1.0,0,33
2025,666,Spain,Female,47,5,0.0,1,0,0,166650.9,0.0,0.16666666666666666,0,235
2025,690,Spain,Female,30,5,0.0,2,0,1,78700.03,0.0,0.3333333333333333,2,150
2025,683,France,Male,30,10,57657.49,1,0,0,79240.9,0.727613674078991,0.09090909090909091,0,300
2025,532,France,Male,44,3,148595.55,1,1,0,74838.64,1.9855193050100186,0.25,0,132
2025,542,France,Male,29,9,0.0,1,1,0,8342.35,0.0,0.1,0,261
2025,614,France,Female,19,5,97445.49,2,1,0,122823.34,0.7933727956527185,0.3333333333333333,0,95
2025,850,Germany,Male,41,1,176958.46,2,0,1,125806.3,1.4065834017580854,1.0,2,41
2025,757,France,Male,31,10,39539.39,2,0,0,192519.39,0.20537767454138234,0.18181818181818182,0,310
2025,700,Germany,Female,28,3,99705.69,2,0,0,146723.72,0.6795425474316802,0.5,0,84
2025,637,France,Male,40,2,133463.1,1,0,1,93165.34,1.432524879693675,0.3333333333333333,1,80
2025,705,Germany,Female,46,4,115518.07,1,0,0,76544.9,1.509134649928997,0.2,0,184
2025,618,Spain,Male,41,4,115251.64,1,0,0,136435.75,0.8447257795278764,0.2,0,164
2025,563,France,Male,35,3,106250.72,1,0,0,39546.32,2.6866730792377336,0.25,0,105
2025,605,France,Male,35,6,0.0,2,1,1,45206.57,0.0,0.2857142857142857,2,210
2025,795,Spain,Male,29,4,0.0,2,0,0,155711.64,0.0,0.4,0,116
2025,498,France,Male,34,2,0.0,2,1,1,148528.24,0.0,0.6666666666666666,2,68
2025,557,France,Female,46,4,96173.17,2,1,1,116378.31,0.8263768705966722,0.4,2,184
2025,491,France,Male,33,5,83134.3,1,1,0,187946.55,0.4423271279673505,0.16666666666666666,0,165
2025,665,Germany,Female,37,3,111911.63,1,1,1,110359.68,1.0140534654190243,0.25,1,111
2025,629,France,Female,40,9,137409.19,1,1,0,175877.7,0.7812724906426985,0.1,0,360
2025,850,France,Female,33,3,0.0,2,1,1,11159.19,0.0,0.5,2,99
2025,593,Spain,Male,31,8,112713.34,1,1,1,176868.89,0.6372669763067077,0.1111111111111111,1,248
2025,726,France,Male,29,7,0.0,2,1,1,91844.14,0.0,0.25,2,203
2025,534,Spain,Male,51,3,0.0,2,0,1,20856.31,0.0,0.5,2,153
2025,625,France,Female,40,7,141267.67,1,0,1,177397.49,0.7963296079915901,0.125,1,280
2025,820,France,Male,36,4,0.0,2,1,0,31422.69,0.0,0.4,0,144
2025,586,Spain,Male,41,3,63873.56,1,1,0,83753.64,0.7626271213153086,0.25,0,123
2025,530,Spain,Female,36,2,0.0,2,1,1,14721.8,0.0,0.6666666666666666,2,72
2025,496,France,Female,29,4,0.0,2,1,0,164806.89,0.0,0.4,0,116
2025,628,Germany,Male,40,5,181768.32,2,1,1,129107.97,1.407867478146561,0.3333333333333333,2,200
2025,577,France,Male,41,6,0.0,1,1,1,167621.18,0.0,0.14285714285714285,1,246
2025,690,France,Male,29,5,0.0,2,1,0,108577.97,0.0,0.3333333333333333,0,145
2025,648,Germany,Female,45,5,118886.55,1,0,0,51636.7,2.302320785007853,0.16666666666666666,0,225
2025,693,Spain,Female,57,9,0.0,2,1,1,135502.77,0.0,0.2,2,513
2025,561,France,Female,31,1,81480.27,2,1,1,65234.6,1.2490154148961612,1.0,2,31
2025,679,Germany,Male,39,2,146186.28,2,1,1,193974.47,0.7536328175928637,0.6666666666666666,2,78
2025,702,Spain,Male,44,9,0.0,1,0,0,59207.41,0.0,0.1,0,396
2025,769,Germany,Male,27,7,188614.07,1,1,0,171344.09,1.1007847963428659,0.125,0,189
2025,450,Spain,Female,46,5,177619.71,1,1,0,54227.06,3.2754206954849576,0.16666666666666666,0,230
2025,633,Spain,Female,46,3,0.0,2,1,0,120250.58,0.0,0.5,0,138
2025,599,France,Female,41,1,0.0,2,1,0,96069.82,0.0,1.0,0,41
2025,633,France,Male,37,7,141546.35,1,1,1,124830.11,1.1339028388035644,0.125,1,259
2025,850,France,Male,35,2,0.0,2,1,1,56991.66,0.0,0.6666666666666666,2,70
2025,539,France,Female,29,4,0.0,2,1,1,100919.19,0.0,0.4,2,116
2025,513,France,Female,37,6,0.0,2,1,0,110142.34,0.0,0.2857142857142857,0,222
2025,612,France,Female,35,3,0.0,1,1,1,48108.72,0.0,0.25,1,105
2025,643,Spain,Male,48,8,0.0,2,1,0,174729.3,0.0,0.2222222222222222,0,384
2025,679,Spain,Female,35,8,119182.73,1,0,0,121210.09,0.983265887634539,0.1111111111111111,0,280
2025,674,Spain,Female,41,4,126605.14,1,1,1,166694.93,0.7594974874311569,0.2,1,164
2025,519,Spain,Male,39,4,111900.14,1,1,1,97577.17,1.1467743246260922,0.2,1,156
2025,631,France,Male,35,9,112392.45,2,1,0,24472.23,4.59246490961757,0.2,0,315
2025,733,France,Female,44,6,168165.84,1,0,1,197193.49,0.8527917793240573,0.14285714285714285,1,264
2025,673,Germany,Female,29,4,99097.36,1,1,1,9796.69,10.114359609254834,0.2,1,116
2025,575,France,Female,54,9,68332.96,1,1,1,144390.75,0.47324698260115283,0.1,1,486
2025,650,Spain,Female,32,4,79450.09,1,1,1,118324.75,0.6714522409534696,0.2,1,128
2025,507,France,Male,33,7,0.0,2,1,1,85411.01,0.0,0.25,2,231
2025,617,Germany,Female,51,10,167273.71,1,0,0,93439.75,1.7901580413256528,0.09090909090909091,0,510
2025,399,Germany,Male,46,2,127655.22,1,1,0,139994.68,0.9118511371208027,0.3333333333333333,0,92
2025,734,Spain,Female,37,2,130404.92,1,0,0,34548.74,3.774411037536028,0.3333333333333333,0,74
2025,678,France,Female,46,1,0.0,2,0,0,82106.19,0.0,1.0,0,46
2025,678,France,Male,26,3,0.0,2,1,0,4989.33,0.0,0.5,0,78
2025,757,France,Male,57,3,89079.41,1,1,1,53179.21,1.6750481053008253,0.25,1,171
2025,540,France,Male,41,3,0.0,2,1,0,121098.65,0.0,0.5,0,123
2025,573,France,Male,27,2,128243.03,1,1,1,11631.34,11.02469752431583,0.3333333333333333,1,54
2025,627,France,Female,35,7,0.0,2,0,1,193022.44,0.0,0.25,2,245
2025,621,Spain,Female,40,7,0.0,2,0,1,131283.6,0.0,0.25,2,280
2025,652,Spain,Female,38,1,103895.31,1,0,1,159649.44,0.6507674516900799,0.5,1,38
2025,678,France,Female,28,4,0.0,2,1,1,144423.17,0.0,0.4,2,112
2025,653,France,Male,41,8,102768.42,1,1,0,55663.85,1.8461995316613626,0.1111111111111111,0,328
2025,820,Spain,Female,31,2,94222.53,1,1,0,103570.8,0.9097315099283781,0.3333333333333333,0,62
2025,752,France,Female,36,2,119912.46,1,1,0,124354.92,0.9642682069337754,0.3333333333333333,0,72
2025,622,France,Male,59,5,119380.37,1,1,1,60429.43,1.9755009189906476,0.16666666666666666,1,295
2025,640,Spain,Male,37,5,158024.38,1,1,0,81298.09,1.943741067704448,0.16666666666666666,0,185
2025,850,France,Male,20,7,0.0,2,1,0,31288.77,0.0,0.25,0,140
2025,632,France,Female,21,1,0.0,2,1,0,84008.66,0.0,1.0,0,21
2025,675,Spain,Male,33,3,0.0,2,1,0,45348.08,0.0,0.5,0,99
2025,717,France,Female,36,2,99472.76,2,1,0,94274.72,1.055125964564365,0.6666666666666666,0,72
2025,782,Spain,Male,23,10,98052.66,1,1,1,142587.32,0.6876626360419984,0.09090909090909091,1,230
2025,584,France,Female,39,2,112687.69,1,1,1,127749.61,0.882091208801273,0.3333333333333333,1,78
2025,839,Germany,Male,47,2,136911.07,1,1,1,168184.62,0.814047419749679,0.3333333333333333,1,94
2025,664,France,Male,32,10,107209.73,1,1,1,112340.2,0.954322456943668,0.09090909090909091,1,320
2025,617,France,Male,34,1,61687.33,2,1,0,105965.25,0.582141294987791,1.0,0,34
2025,744,France,Male,47,9,0.0,2,1,0,113163.17,0.0,0.2,0,423
2025,614,Spain,Female,37,9,0.0,2,1,1,62023.1,0.0,0.2,2,333
2025,645,Germany,Male,41,2,93925.3,1,1,0,123982.14,0.7575651011903716,0.3333333333333333,0,82
2025,429,France,Female,39,6,48023.83,1,1,0,74870.99,0.6414124961818164,0.14285714285714285,0,234
2025,657,France,Female,28,7,0.0,2,0,1,5177.62,0.0,0.25,2,196
2025,599,Spain,Male,34,2,101506.66,1,0,0,198030.24,0.5125790254103343,0.3333333333333333,0,68
2025,758,France,Male,51,8,81710.46,1,1,1,116520.07,0.7012505120318583,0.1111111111111111,1,408
2025,747,France,Female,21,4,81025.6,2,1,0,167682.57,0.48320536114540025,0.4,0,84
2025,671,Germany,Female,23,9,123943.18,1,1,1,159553.27,0.7768089189966524,0.1,1,207
2025,850,Spain,Male,34,8,199229.14,1,0,0,68106.29,2.9252248914910584,0.1111111111111111,0,272
2025,725,France,Male,43,2,165896.0,2,1,0,130795.52,1.2683517879527682,0.6666666666666666,0,86
2025,773,France,Female,41,7,190238.93,1,1,1,57549.65,3.3055913356321778,0.125,1,287
2025,827,Spain,Male,46,1,183276.32,1,1,1,13460.27,13.61508386652968,0.5,1,46
2025,650,Spain,Female,50,7,129667.77,1,0,0,42028.16,3.08518585667665,0.125,0,350
2025,668,France,Male,38,10,86977.96,1,0,1,37094.75,2.3446880033427013,0.09090909090909091,1,380
2025,752,France,Male,38,0,145974.79,2,1,1,137694.23,1.0601296065230437,2.0,2,0
2025,667,Germany,Female,27,3,106116.5,2,1,0,3674.71,28.869660555375695,0.5,0,81
2025,603,Spain,Male,30,6,129548.5,2,1,1,19282.85,6.71797903426961,0.2857142857142857,2,180
2025,678,France,Female,60,10,117738.81,1,1,0,147489.76,0.7982792277970497,0.09090909090909091,0,600
2025,535,Spain,Male,58,1,0.0,2,1,1,11779.98,0.0,1.0,2,58
2025,647,France,Male,28,8,0.0,2,1,1,91055.27,0.0,0.2222222222222222,2,224
2025,608,Germany,Female,40,7,96202.32,1,0,0,161154.85,0.596952080858374,0.125,0,280
2025,526,Germany,Male,31,5,145537.21,1,1,0,132404.64,1.0991768175434218,0.16666666666666666,0,155
2025,685,Spain,Male,38,4,0.0,2,1,1,35884.91,0.0,0.4,2,152
2025,621,France,Female,43,5,0.0,1,1,1,47578.45,0.0,0.16666666666666666,1,215
2025,826,France,Male,55,4,115285.85,1,1,0,140126.17,0.8227230308012358,0.2,0,220
2025,704,Germany,Male,41,4,109026.8,2,1,1,43117.1,2.5285622511195998,0.4,2,164
2025,609,Spain,Male,32,4,99883.16,1,1,1,120594.85,0.8282470748371523,0.2,1,128
2025,676,France,Female,49,1,0.0,1,1,0,79342.31,0.0,0.5,0,49
2025,685,France,Male,23,8,0.0,2,1,1,112239.03,0.0,0.2222222222222222,2,184
2025,779,Spain,Female,34,5,0.0,2,0,1,111676.63,0.0,0.3333333333333333,2,170
2025,712,France,Female,30,1,89571.59,1,1,1,177613.19,0.5043042450606001,0.5,1,30
2025,738,Germany,Female,29,9,139106.19,1,1,0,141872.05,0.9804976350335741,0.1,0,261
2025,690,France,Female,35,9,107944.33,2,0,0,48478.47,2.226598805638758,0.2,0,315
2025,564,Germany,Female,62,5,114931.35,3,0,1,18260.98,6.293476939521345,0.5,3,310
2025,676,France,Male,29,4,140720.93,1,1,0,36221.18,3.884938178762294,0.2,0,116
2025,676,France,Male,23,1,107787.47,1,0,1,116378.82,0.9261697603587975,0.5,1,23
2025,646,France,Female,30,5,0.0,2,1,0,13935.32,0.0,0.3333333333333333,0,150
2025,681,France,Male,38,3,0.0,2,1,1,112491.96,0.0,0.5,2,114
2025,743,France,Male,37,8,69143.91,2,0,1,105780.18,0.6536503941438355,0.2222222222222222,2,296
2025,524,France,Male,22,9,0.0,2,1,0,74405.34,0.0,0.2,0,198
2025,446,France,Male,32,8,0.0,2,0,0,133292.94,0.0,0.2222222222222222,0,256
2025,598,Spain,Female,38,6,0.0,2,0,0,173783.38,0.0,0.2857142857142857,0,228
2025,561,Spain,Male,24,8,143656.55,1,0,1,180932.46,0.7939744810053375,0.1111111111111111,1,192
2025,850,Germany,Female,43,8,92244.83,2,1,0,54949.73,1.6786825215970742,0.2222222222222222,0,344
2025,536,Germany,Female,44,4,121898.82,1,0,0,131007.18,0.9304672425798146,0.2,0,176
2025,730,France,Male,23,8,0.0,2,1,0,183284.53,0.0,0.2222222222222222,0,184
2025,644,Germany,Female,51,4,95560.04,1,0,0,72628.84,1.3157132109887617,0.2,0,204
2025,814,Germany,Male,29,1,131968.57,2,1,1,147693.92,0.8935213885487734,1.0,2,29
2025,589,France,Male,38,4,0.0,1,1,0,95483.48,0.0,0.2,0,152
2025,783,France,Female,72,5,121215.9,2,1,1,105206.48,1.1521604737609912,0.3333333333333333,2,360
2025,543,Germany,Male,41,6,143350.41,1,1,1,192070.16,0.7463401064480477,0.14285714285714285,1,246
2025,653,Germany,Male,58,1,132602.88,1,1,0,5097.67,26.00734701402523,0.5,0,58
2025,513,Spain,Male,48,2,0.0,1,1,1,114709.13,0.0,0.3333333333333333,1,96
2025,740,France,Male,36,7,0.0,1,1,1,13177.4,0.0,0.125,1,252
2025,607,Germany,Male,47,4,148826.32,1,1,1,79450.61,1.873169341691125,0.2,1,188
2025,600,Germany,Male,53,7,106261.63,1,1,0,93629.66,1.1349020716077405,0.125,0,371
2025,677,France,Female,29,3,86616.35,1,0,0,91903.9,0.9424562781745044,0.25,0,87
2025,586,Spain,Female,57,3,0.0,2,0,1,6057.81,0.0,0.5,2,171
2025,632,France,Male,41,0,106134.46,1,0,1,105570.39,1.0053335472801865,1.0,1,0
2025,591,France,Male,40,2,99886.42,2,1,1,88695.19,1.1261635928217435,0.6666666666666666,2,80
2025,590,Spain,Male,37,1,0.0,2,0,0,133535.99,0.0,1.0,0,37
2025,478,Spain,Male,43,1,0.0,2,1,1,197916.43,0.0,1.0,2,43
2025,607,France,Female,31,1,102523.88,1,1,1,166792.71,0.6146747380341862,0.5,1,31
2025,644,Spain,Male,32,3,136659.74,1,1,1,14187.78,9.631535621808217,0.25,1,96
2025,505,Germany,Male,43,6,127146.68,1,0,0,137565.87,0.9242536375218829,0.14285714285714285,0,258
2025,536,France,Female,41,9,0.0,1,1,0,121299.14,0.0,0.1,0,369
2025,728,France,Male,34,4,106328.08,1,1,0,88680.65,1.198986261532121,0.2,0,136
2025,590,Spain,Male,22,7,125265.61,1,1,1,161253.08,0.7768213368616782,0.125,1,154
2025,620,France,Male,37,0,107548.94,1,1,0,71175.94,1.511008200127738,1.0,0,0
2025,687,Germany,Female,41,2,154007.21,1,1,0,158408.23,0.9722110889624297,0.3333333333333333,0,82
2025,543,Spain,Male,23,5,0.0,2,1,0,117832.39,0.0,0.3333333333333333,0,115
2025,642,France,Female,39,4,0.0,1,1,1,76821.24,0.0,0.2,1,156
2025,676,Germany,Female,34,4,89437.03,1,1,1,189540.95,0.4718587626644128,0.2,1,136
2025,539,Spain,Female,37,1,130922.81,2,0,0,2186.83,59.84139992595403,1.0,0,37
2025,807,France,Male,33,10,101952.97,2,1,0,178153.65,0.5722722926401304,0.18181818181818182,0,330
2025,630,France,Female,40,0,118633.08,1,0,1,60032.46,1.976115985985149,1.0,1,0
2025,687,France,Male,34,5,128270.56,1,1,0,191092.62,0.6712445972816884,0.16666666666666666,0,170
2025,588,Spain,Male,34,6,121132.26,2,1,0,86460.28,1.4010000777226521,0.2857142857142857,0,204
2025,528,France,Female,36,1,156948.41,1,1,1,149912.28,1.046927997306176,0.5,1,36
2025,606,Spain,Male,30,8,180307.73,2,1,1,1914.41,94.1353182869464,0.2222222222222222,2,240
2025,806,Germany,Male,31,10,138653.51,1,1,0,190803.37,0.7266789015366892,0.09090909090909091,0,310
2025,619,France,Male,39,5,0.0,2,1,1,158444.61,0.0,0.3333333333333333,2,195
2025,745,France,Male,46,2,122220.19,1,1,1,118024.1,1.0355440495284478,0.3333333333333333,1,92
2025,749,France,Male,42,2,56726.83,2,0,1,185543.35,0.3057319180023536,0.6666666666666666,2,84
2025,601,France,Female,34,5,0.0,2,1,0,27022.57,0.0,0.3333333333333333,0,170
2025,632,Germany,Male,41,3,126550.7,1,0,0,177644.52,0.7123776608607975,0.25,0,123
2025,766,France,Female,27,7,158786.67,2,0,1,47579.25,3.337239085544948,0.25,2,189
2025,600,France,Female,26,6,108909.12,1,1,0,82547.01,1.3193427679237817,0.14285714285714285,0,156
2025,672,France,Female,43,4,92599.55,2,1,1,167336.78,0.5533690598739867,0.4,2,172
2025,616,Spain,Male,31,7,76665.71,2,1,1,163809.08,0.4680158266206818,0.25,2,217
2025,737,France,Male,36,9,0.0,1,0,1,188670.9,0.0,0.1,1,324
2025,841,France,Male,34,4,0.0,2,1,0,141582.66,0.0,0.4,0,136
2025,654,France,Male,29,1,0.0,1,1,0,180345.44,0.0,0.5,0,29
2025,625,Spain,Female,49,2,80816.45,1,1,1,20018.79,4.0368280586359795,0.3333333333333333,1,98
2025,626,France,Male,34,7,113014.7,2,1,1,56646.28,1.995059603920965,0.25,2,238
2025,573,Spain,Female,44,4,0.0,1,1,1,94862.93,0.0,0.2,1,176
2025,453,Germany,Female,40,1,111524.49,1,1,1,120373.84,0.9264767454727251,0.5,1,40
2025,751,France,Male,29,10,147737.63,1,0,1,94951.27,1.5559146716555592,0.09090909090909091,1,290
2025,615,Germany,Male,39,5,113193.51,2,1,1,52166.25,2.1698193790165283,0.3333333333333333,2,195
2025,705,France,Male,32,3,0.0,2,0,0,129576.99,0.0,0.5,0,96
2025,584,Germany,Female,31,6,152622.34,1,1,0,99298.8,1.5369853715717452,0.14285714285714285,0,186
2025,549,Spain,Female,24,9,0.0,2,1,1,14406.41,0.0,0.2,2,216
2025,790,Spain,Female,41,7,109508.68,1,0,0,86776.38,1.2619496002299215,0.125,0,287
2025,745,Spain,Female,59,8,0.0,1,1,1,36124.98,0.0,0.1111111111111111,1,472
2025,489,Spain,Male,40,3,221532.8,1,1,0,171867.08,1.288970005366907,0.25,0,120
2025,794,Spain,Female,28,5,0.0,2,0,1,86699.98,0.0,0.3333333333333333,2,140
2025,714,France,Male,37,9,148466.93,2,0,1,151280.96,0.9813921633484918,0.2,2,333
2025,457,Germany,Male,42,4,126772.57,1,0,1,126106.4,1.0052746309891412,0.2,1,168
2025,544,Germany,Male,47,5,105245.21,1,0,0,99922.08,1.0532622693375746,0.16666666666666666,0,235
2025,589,France,Male,38,2,0.0,1,1,0,79915.28,0.0,0.3333333333333333,0,76
2025,611,France,Male,58,8,0.0,2,0,1,107665.68,0.0,0.2222222222222222,2,464
2025,501,France,Female,39,9,117301.66,1,0,0,182025.95,0.6444191917735258,0.1,0,351
2025,632,France,Female,36,7,0.0,2,1,1,52526.65,0.0,0.25,2,252
2025,455,Spain,Female,43,6,0.0,1,1,1,81250.79,0.0,0.14285714285714285,1,258
2025,694,France,Female,30,9,0.0,2,1,1,26960.31,0.0,0.2,2,270
2025,701,Germany,Male,41,9,164046.1,1,1,0,49405.93,3.3203054713174853,0.1,0,369
2025,709,Spain,Male,62,3,0.0,2,1,1,82195.15,0.0,0.5,2,186
2025,601,France,Male,44,1,100486.18,2,1,1,62678.53,1.603173795336372,1.0,2,44
2025,579,Spain,Male,37,5,152212.88,2,0,0,120219.14,1.2661179732447492,0.3333333333333333,0,185
2025,634,Spain,Male,25,9,0.0,2,1,1,8227.91,0.0,0.2,2,225
2025,621,Spain,Female,36,7,116338.68,1,1,1,155743.48,0.7469842911928563,0.125,1,252
2025,584,France,Female,40,4,82441.75,1,0,0,80852.11,1.0196484711596128,0.2,0,160
2025,637,France,Male,33,0,132255.99,2,0,1,74588.41,1.7731202056699469,2.0,2,0
2025,655,France,Female,38,6,0.0,1,1,1,188639.28,0.0,0.14285714285714285,1,228
2025,460,Germany,Female,35,8,102742.91,2,1,1,189339.6,0.5426353882896748,0.2222222222222222,2,280
2025,574,France,Male,41,1,0.0,2,0,0,70550.0,0.0,1.0,0,41
2025,691,Spain,Male,36,7,129934.64,1,0,0,75664.56,1.717223000794549,0.125,0,252
2025,749,Spain,Male,38,9,129378.32,1,1,1,13549.34,9.547975917947447,0.1,1,342
2025,613,France,Male,34,5,144094.2,1,1,0,44510.26,3.2372527760391416,0.16666666666666666,0,170
2025,588,France,Male,38,1,124271.26,1,1,0,75969.19,1.6357897749103956,0.5,0,38
2025,551,France,Male,43,7,0.0,2,1,0,178393.68,0.0,0.25,0,301
2025,850,France,Male,81,5,0.0,2,1,1,44827.47,0.0,0.3333333333333333,2,405
2025,678,France,Female,48,2,0.0,2,1,1,32301.88,0.0,0.6666666666666666,2,96
2025,645,Spain,Male,36,4,59893.85,2,1,0,43999.64,1.3612040643045191,0.4,0,144
2025,733,Spain,Male,35,8,102918.38,1,1,1,45959.86,2.239261406335739,0.1111111111111111,1,280
2025,676,France,Male,31,3,78990.15,1,1,1,124777.14,0.6330447785164933,0.25,1,93
2025,727,Germany,Male,45,6,114422.85,2,1,1,104678.78,1.0930749949990342,0.2857142857142857,2,270
2025,720,Spain,Male,33,6,97188.62,1,0,0,91881.29,1.057751390393078,0.14285714285714285,0,198
2025,644,Spain,Male,49,10,0.0,2,1,1,145089.64,0.0,0.18181818181818182,2,490
2025,668,Spain,Male,32,1,134446.04,1,0,1,111241.37,1.208586620367761,0.5,1,32
2025,685,Spain,Female,25,10,128509.63,1,1,0,121562.33,1.0571414093378324,0.09090909090909091,0,250
2025,627,Germany,Female,37,7,147361.57,1,1,1,133031.96,1.1077072178203058,0.125,1,259
2025,718,Spain,Male,45,3,105266.32,2,1,1,193724.51,0.5433787217801105,0.5,2,135
2025,557,France,Female,32,6,184686.41,2,1,0,14956.44,12.347461196568396,0.2857142857142857,0,192
2025,701,Germany,Male,23,5,186101.18,2,1,1,76611.33,2.429128313941111,0.3333333333333333,2,115
2025,803,France,Male,42,5,0.0,1,1,0,196466.83,0.0,0.16666666666666666,0,210
2025,726,Spain,Female,48,6,99906.19,1,1,0,64323.24,1.5531654940656898,0.14285714285714285,0,288
2025,510,France,Male,63,8,0.0,2,1,1,115291.86,0.0,0.2222222222222222,2,504
2025,625,France,Male,41,6,97663.16,2,1,0,57128.78,1.709496518278208,0.2857142857142857,0,246
2025,706,Germany,Male,32,5,88348.43,2,1,1,104181.78,0.8480137504489705,0.3333333333333333,2,160
2025,850,France,Male,36,3,0.0,2,1,0,195033.07,0.0,0.5,0,108
2025,821,Germany,Female,37,5,106453.53,2,0,1,127413.0,0.8354931954102375,0.3333333333333333,2,185
2025,635,Germany,Female,36,9,81231.85,2,1,0,196731.08,0.4129059683606253,0.2,0,324
2025,815,Spain,Male,28,6,0.0,2,0,1,185547.71,0.0,0.2857142857142857,2,168
2025,841,Germany,Female,52,3,112383.03,1,1,0,85516.37,1.3141544226629047,0.25,0,156
2025,527,France,Female,32,7,0.0,2,1,1,44099.75,0.0,0.25,2,224
2025,719,France,Male,69,3,0.0,2,1,1,58320.06,0.0,0.5,2,207
2025,731,Spain,Male,70,3,0.0,2,1,1,141180.66,0.0,0.5,2,210
2025,688,Spain,Female,46,3,0.0,2,0,1,104902.68,0.0,0.5,2,138
2025,652,France,Male,38,6,0.0,2,1,1,145700.22,0.0,0.2857142857142857,2,228
2025,686,France,Female,41,7,152105.57,2,0,1,132374.41,1.1490470171159433,0.25,2,287
2025,669,Spain,Male,29,9,0.0,1,1,1,93901.61,0.0,0.1,1,261
2025,507,Spain,Female,34,4,0.0,2,1,1,60688.38,0.0,0.4,2,136
2025,687,France,Female,24,3,110495.27,1,1,0,158615.41,0.6966194103119595,0.25,0,72
2025,784,Spain,Female,40,8,0.0,2,1,0,108891.3,0.0,0.2222222222222222,0,320
2025,658,Spain,Male,50,2,0.0,2,1,0,52137.73,0.0,0.6666666666666666,0,100
2025,772,Spain,Male,36,3,112029.83,1,1,1,186948.35,0.5992523108531803,0.25,1,108
2025,600,France,Female,49,6,0.0,1,0,1,148087.88,0.0,0.14285714285714285,1,294
2025,729,France,Male,67,2,94203.8,1,0,1,102391.06,0.920030322663691,0.3333333333333333,1,134
2025,834,France,Male,36,8,142882.49,1,1,0,89983.02,1.5878651565022321,0.1111111111111111,0,288
2025,677,France,Female,27,2,0.0,2,0,1,114685.92,0.0,0.6666666666666666,2,54
2025,697,Spain,Male,62,7,0.0,1,1,0,129188.18,0.0,0.125,0,434
2025,766,Germany,Female,62,7,142724.48,1,0,1,5893.23,24.21427056629959,0.125,1,434
2025,507,France,Female,31,0,106942.08,1,0,1,44001.11,2.430385270160908,1.0,1,0
2025,710,France,Female,32,3,0.0,1,1,0,94790.34,0.0,0.25,0,96
2025,679,France,Male,39,0,86843.61,1,0,1,159830.58,0.543344500504844,1.0,1,0
2025,514,France,Male,32,8,0.0,2,1,0,95857.18,0.0,0.2222222222222222,0,256
2025,720,France,Female,45,1,102882.4,2,1,1,35633.15,2.887185466750294,1.0,2,45
2025,444,France,Male,45,6,0.0,1,1,0,130009.85,0.0,0.14285714285714285,0,270
2025,796,Germany,Female,40,1,99745.95,1,1,0,177524.19,0.5618692761292073,0.5,0,40
2025,611,Germany,Male,37,1,117524.72,2,0,1,161064.29,0.7296713028610944,1.0,2,37
2025,548,Germany,Female,33,0,101084.36,1,1,0,42749.85,2.3644994193097917,1.0,0,0
2025,461,France,Female,40,7,0.0,2,1,0,176547.8,0.0,0.25,0,280
2025,775,Germany,Female,33,1,118897.1,2,1,1,26362.4,4.509930433859062,1.0,2,33
2025,629,France,Female,37,6,129101.3,1,1,1,23971.33,5.385429785089726,0.14285714285714285,1,222
2025,542,France,Male,67,10,129431.36,1,0,1,21343.74,6.063852733741427,0.09090909090909091,1,670
2025,529,Spain,Male,31,6,0.0,1,1,0,10625.91,0.0,0.14285714285714285,0,186
2025,520,Spain,Male,45,7,107023.03,1,1,0,32903.93,3.2524922557197358,0.125,0,315
2025,664,France,Male,43,9,189026.53,2,1,1,56099.86,3.3694052105440093,0.2,2,387
2025,608,France,Female,30,8,85859.76,1,0,0,142730.27,0.6015483502669037,0.1111111111111111,0,240
2025,580,Germany,Male,39,3,119688.81,1,1,0,137041.26,0.8733715424716434,0.25,0,117
2025,796,France,Female,45,2,109730.22,1,1,1,123882.73,0.8857516640805052,0.3333333333333333,1,90
2025,656,France,Male,45,5,127864.4,1,1,0,87107.57,1.4678739416799058,0.16666666666666666,0,225
2025,850,France,Male,33,8,73059.38,1,1,1,186281.0,0.39219774320653633,0.1111111111111111,1,264
2025,671,France,Female,38,6,132129.72,1,0,1,76068.95,1.7369502674840722,0.14285714285714285,1,228
2025,682,France,Female,43,5,125851.93,1,1,1,193318.33,0.6510054116161069,0.16666666666666666,1,215
2025,850,Germany,Female,31,4,164672.66,1,0,1,61936.1,2.658707947256168,0.2,1,124
2025,715,France,Male,28,7,160376.61,1,0,0,196853.11,0.8146977982832058,0.125,0,196
2025,717,France,Male,28,4,128206.79,1,1,1,54272.12,2.36225206879575,0.2,1,112
2025,664,Germany,Male,33,7,97286.16,2,1,0,143433.33,0.6782627283161571,0.25,0,231
2025,730,Spain,Male,42,4,0.0,2,0,1,85982.47,0.0,0.4,2,168
2025,664,France,Female,38,4,74306.19,2,1,0,154395.56,0.48126842981475754,0.4,0,152
2025,725,Germany,Female,33,7,115182.84,2,1,1,177279.41,0.6497211959290933,0.25,2,231
2025,383,Spain,Female,48,8,95808.19,1,0,0,137702.01,0.695759591602246,0.1111111111111111,0,384
2025,641,Spain,Male,32,7,0.0,2,1,1,24267.28,0.0,0.25,2,224
2025,635,France,Male,29,1,0.0,1,0,1,24865.54,0.0,0.5,1,29
2025,544,Spain,Male,22,4,0.0,2,1,0,70007.67,0.0,0.4,0,88
2025,663,France,Male,35,9,0.0,2,1,1,195580.28,0.0,0.2,2,315
2025,706,Spain,Female,37,7,0.0,2,1,1,110899.3,0.0,0.25,2,259
2025,652,France,Female,51,3,0.0,1,1,0,173989.47,0.0,0.25,0,153
2025,690,Spain,Female,48,2,0.0,2,1,1,3149.1,0.0,0.6666666666666666,2,96
2025,752,Germany,Female,45,3,105426.5,2,0,1,89773.45,1.1743486036394541,0.5,2,135
2025,647,Spain,Female,26,8,109958.15,1,1,1,136592.24,0.8050043325716558,0.1111111111111111,1,208
2025,731,France,Female,40,7,118991.79,1,1,1,156048.64,0.7625252451719849,0.125,1,280
2025,648,France,Female,44,2,0.0,2,1,1,58652.23,0.0,0.6666666666666666,2,88
2025,771,Germany,Female,38,5,137657.71,2,1,0,72985.61,1.886068006172639,0.3333333333333333,0,190
2025,661,France,Female,37,5,136425.18,1,1,0,81102.81,1.6821056865269337,0.16666666666666666,0,185
2025,540,Spain,Male,67,1,88382.01,1,0,1,59457.0,1.4864611995021695,0.5,1,67
2025,726,France,Male,37,2,132057.92,2,1,0,34743.98,3.800776975551576,0.6666666666666666,0,74
2025,634,Spain,Female,36,1,0.0,1,1,1,143960.72,0.0,0.5,1,36
2025,747,France,Male,41,5,0.0,2,1,1,22750.17,0.0,0.3333333333333333,2,205
2025,731,Germany,Female,43,9,79120.27,1,0,0,548.52,143.98069224050082,0.1,0,387
2025,562,France,Male,33,6,0.0,2,1,0,111590.35,0.0,0.2857142857142857,0,198
2025,749,Germany,Male,66,6,182532.23,2,1,1,195429.92,0.9339987244597733,0.2857142857142857,2,396
2025,722,Germany,Male,29,1,107233.85,2,1,0,24924.92,4.302101988612658,1.0,0,29
2025,605,Spain,Male,33,5,150092.8,1,0,0,71862.79,2.0885733969778104,0.16666666666666666,0,165
2025,659,France,Female,38,3,0.0,2,1,0,158553.1,0.0,0.5,0,114
2025,667,France,Male,28,6,165798.1,1,1,0,147090.9,1.1271735561237568,0.14285714285714285,0,168
2025,665,France,Male,52,3,0.0,1,1,0,116137.01,0.0,0.25,0,156
2025,669,France,Female,38,9,121858.98,1,1,0,130755.34,0.931954657036133,0.1,0,342
2025,794,France,Male,33,0,0.0,2,0,0,178122.71,0.0,2.0,0,0
2025,556,France,Male,36,7,154872.08,2,1,1,32044.64,4.832859633947082,0.25,2,252
2025,586,France,Male,29,3,0.0,2,1,1,142238.54,0.0,0.5,2,87
2025,773,France,Male,25,1,124532.78,2,0,1,11723.57,10.621522153904152,1.0,2,25
2025,670,France,Female,27,5,79336.61,1,1,1,26170.08,3.0314610631276966,0.16666666666666666,1,135
2025,741,France,Female,36,3,0.0,2,1,1,89804.83,0.0,0.5,2,108
2025,493,France,Female,31,3,0.0,1,1,1,176570.28,0.0,0.25,1,93
2025,687,France,Female,36,4,97157.96,1,0,1,63185.05,1.5376488956027479,0.2,1,144
2025,850,France,Female,81,1,0.0,2,1,1,59568.24,0.0,1.0,2,81
2025,681,France,Female,18,1,98894.39,1,1,1,9596.4,10.304289703461354,0.5,1,18
2025,754,France,Female,38,2,0.0,2,0,0,3524.69,0.0,0.6666666666666666,0,76
2025,654,France,Male,29,2,91955.61,1,1,0,37065.66,2.4808172627369176,0.3333333333333333,0,58
2025,565,Germany,Female,32,4,90322.99,2,0,1,118740.37,0.7606699333181014,0.4,2,128
2025,550,France,Female,40,7,114354.95,1,1,0,54018.93,2.1169029652574523,0.125,0,280
2025,528,France,Female,32,4,85615.66,2,1,0,156192.43,0.5481386765115537,0.4,0,128
2025,683,France,Female,42,4,148283.94,1,1,1,44692.63,3.3177868971484306,0.2,1,168
2025,522,France,Male,41,5,144147.68,1,1,1,14789.9,9.74570039686564,0.16666666666666666,1,205
2025,818,France,Female,31,1,186796.37,1,0,0,178252.63,1.0479246341294703,0.5,0,31
2025,490,France,Male,29,4,0.0,2,1,0,32089.57,0.0,0.4,0,116
2025,561,France,Male,37,1,100443.36,2,0,1,101693.73,0.9876948392507655,1.0,2,37
2025,658,France,Male,32,8,0.0,1,1,1,80410.68,0.0,0.1111111111111111,1,256
2025,805,Germany,Female,33,3,105663.56,2,0,1,33330.89,3.170044062907924,0.5,2,99
2025,777,France,Female,42,5,147531.82,1,1,1,38819.45,3.8003634682235785,0.16666666666666666,1,210
2025,648,Spain,Male,35,7,0.0,2,0,0,122899.01,0.0,0.25,0,245
2025,583,Spain,Female,40,3,54428.37,1,1,0,109638.78,0.49642903333078564,0.25,0,120
2025,705,Germany,Male,48,9,114169.16,1,0,0,173273.2,0.6588930146553843,0.1,0,432
2025,550,France,Male,57,5,0.0,1,1,1,133501.94,0.0,0.16666666666666666,1,285
2025,666,France,Female,33,2,147229.65,1,1,1,56410.17,2.6099378899604457,0.3333333333333333,1,66
2025,608,France,Male,37,5,146093.39,2,0,0,160593.41,0.9097040799863458,0.3333333333333333,0,185
2025,654,Spain,Male,40,5,105683.63,1,1,0,173617.09,0.6087132395017133,0.16666666666666666,0,200
2025,726,Spain,Female,27,7,123826.07,1,0,1,78970.58,1.5679826844036804,0.125,1,189
2025,703,France,Male,28,9,0.0,2,0,1,2151.17,0.0,0.2,2,252
2025,738,Spain,Male,35,3,0.0,1,1,1,15650.73,0.0,0.25,1,105
2025,805,France,Male,39,2,0.0,1,0,0,166650.32,0.0,0.3333333333333333,0,78
2025,624,Germany,Male,27,9,94667.29,2,0,1,4470.52,21.171165509714815,0.2,2,243
2025,541,Germany,Female,39,9,100116.67,1,1,1,199808.1,0.5010616133099043,0.1,1,351
2025,434,Spain,Male,33,3,0.0,1,1,1,2739.71,0.0,0.25,1,99
2025,625,Germany,Female,55,8,118772.71,4,0,0,135853.62,0.8742633117666518,0.4444444444444444,0,440
2025,700,France,Female,44,2,58781.76,1,1,0,16874.92,3.483173658087974,0.3333333333333333,0,88
2025,762,Germany,Female,34,8,98592.88,1,0,1,191790.29,0.5140633862987208,0.1111111111111111,1,272
2025,682,France,Female,33,8,74963.5,1,1,1,32770.56,2.2874559526613933,0.1111111111111111,1,264
2025,562,Spain,Female,29,9,120307.58,1,1,1,6795.61,17.701115703269718,0.1,1,261
2025,557,France,Female,24,4,0.0,1,0,0,20515.72,0.0,0.2,0,96
2025,563,France,Male,30,7,90727.79,1,1,0,122268.75,0.7420297334377473,0.125,0,210
2025,704,France,Male,44,3,0.0,2,0,1,152884.85,0.0,0.5,2,132
2025,525,France,Male,35,7,165358.77,1,0,1,94738.54,1.7454039781067123,0.125,1,245
2025,747,France,Male,43,1,130788.71,1,0,1,101495.0,1.2886095018522898,0.5,1,43
2025,593,France,Male,36,2,70181.48,2,1,0,80608.12,0.8706394512184229,0.6666666666666666,0,72
2025,716,Spain,Male,34,9,0.0,1,1,1,66695.71,0.0,0.1,1,306
2025,551,Germany,Male,31,9,82293.82,2,1,1,91565.25,0.8987352872919881,0.2,2,279
2025,767,Germany,Female,45,7,132746.2,2,1,0,26628.88,4.984859113146586,0.25,0,315
2025,603,Germany,Male,26,4,109166.37,1,1,1,92840.67,1.1758337608532892,0.2,1,104
2025,735,Germany,Male,43,10,123180.01,2,1,1,196673.28,0.6263147880851527,0.18181818181818182,2,430
2025,691,France,Male,30,9,0.0,1,1,0,49594.02,0.0,0.1,0,270
2025,527,Spain,Male,53,8,0.0,1,1,1,51711.57,0.0,0.1111111111111111,1,424
2025,736,Spain,Female,26,4,135889.13,1,1,1,165692.03,0.8201258073438575,0.2,1,104
2025,603,Germany,Female,35,9,145623.36,1,1,0,163181.62,0.8923950356968162,0.1,0,315
2025,602,France,Female,29,3,88814.4,2,1,1,62487.97,1.4212812277110662,0.5,2,87
2025,715,Spain,Male,31,7,0.0,1,1,1,149970.59,0.0,0.125,1,217
2025,750,Spain,Female,37,2,113817.06,1,0,0,88333.74,1.2884745005192746,0.3333333333333333,0,74
2025,682,Spain,Female,48,9,101198.01,1,1,1,49732.9,2.034789348914925,0.1,1,432
2025,585,France,Female,38,5,0.0,1,1,1,87363.56,0.0,0.16666666666666666,1,190
2025,553,Germany,Male,41,9,110112.54,2,0,0,81898.81,1.3444785769344276,0.2,0,369
2025,637,France,Male,33,5,0.0,2,1,0,139947.17,0.0,0.3333333333333333,0,165
2025,629,Spain,Male,34,8,0.0,2,1,1,180595.02,0.0,0.2222222222222222,2,272
2025,760,Spain,Female,32,2,0.0,1,1,1,114565.35,0.0,0.3333333333333333,1,64
2025,725,Spain,Female,36,4,118520.26,1,0,0,131173.9,0.9035284951618031,0.2,0,144
2025,382,Spain,Male,36,0,0.0,1,1,1,179540.73,0.0,1.0,1,0
2025,618,Germany,Female,40,1,133245.52,2,1,1,54495.82,2.4450145898421227,1.0,2,40
2025,636,France,Male,34,8,0.0,2,1,0,38570.13,0.0,0.2222222222222222,0,272
2025,716,France,Male,31,8,109578.04,2,1,1,51503.51,2.127542617141683,0.2222222222222222,2,248
2025,785,Spain,Female,54,1,0.0,2,1,0,45113.92,0.0,1.0,0,54
2025,679,Germany,Male,38,7,110555.37,2,1,0,46522.68,2.3763247017432843,0.25,0,266
2025,584,Germany,Female,54,1,77354.37,1,0,0,138192.98,0.5597520962924722,0.5,0,54
2025,570,France,Female,33,8,0.0,1,1,1,124641.42,0.0,0.1111111111111111,1,264
2025,844,France,Male,38,7,111501.66,1,1,1,119333.38,0.9343632572608161,0.125,1,266
2025,425,France,Male,39,4,0.0,2,1,0,197226.32,0.0,0.4,0,156
2025,516,France,Male,51,8,120124.35,2,0,1,168773.54,0.7117444965336597,0.2222222222222222,2,408
2025,620,Germany,Male,35,0,76989.97,1,1,1,17242.79,4.464793992503968,1.0,1,0
2025,547,France,Female,32,2,0.0,2,1,0,132002.83,0.0,0.6666666666666666,0,64
2025,578,France,Female,40,7,0.0,2,0,0,102233.73,0.0,0.25,0,280
2025,563,Spain,Male,61,1,82182.1,1,1,0,106826.92,0.7692942069825941,0.5,0,61
2025,515,France,Male,48,5,129387.94,1,0,1,147955.91,0.8744974465876585,0.16666666666666666,1,240
2025,543,France,Male,36,4,0.0,2,1,1,141210.5,0.0,0.4,2,144
2025,556,France,Female,39,9,89588.35,1,1,1,94898.1,0.9440379308128317,0.1,1,351
2025,525,Spain,Male,33,5,0.0,2,1,0,161002.29,0.0,0.3333333333333333,0,165
2025,535,France,Female,40,8,0.0,1,1,1,27689.77,0.0,0.1111111111111111,1,320
2025,698,Germany,Female,52,1,107906.75,1,1,0,168886.39,0.6389272165316783,0.5,0,52
2025,850,France,Male,34,2,72079.71,1,1,1,115767.93,0.622617052779187,0.3333333333333333,1,68
2025,701,France,Male,40,5,169742.64,1,1,1,153537.55,1.1055375995149104,0.16666666666666666,1,200
2025,598,Germany,Male,59,8,118210.42,2,0,0,60192.14,1.96385202699178,0.2222222222222222,0,472
2025,581,Germany,Female,38,3,135157.05,1,1,1,32919.42,4.105568823241016,0.25,1,114
2025,589,Germany,Female,41,7,92618.62,1,1,1,101178.85,0.91538601806585,0.125,1,287
2025,601,France,Male,50,2,115625.07,1,1,0,185855.21,0.6221211010382705,0.3333333333333333,0,100
2025,537,Spain,Female,38,1,0.0,2,0,1,41233.97,0.0,1.0,2,38
2025,637,France,Female,41,9,0.0,2,1,0,145477.36,0.0,0.2,0,369
2025,849,Germany,Male,41,10,84622.13,1,1,1,198072.16,0.42722663686488366,0.09090909090909091,1,410
2025,600,Spain,Male,36,4,0.0,2,1,0,143635.36,0.0,0.4,0,144
2025,668,Spain,Male,43,10,113034.31,1,1,1,100423.88,1.125560817199881,0.09090909090909091,1,430
2025,442,France,Male,34,4,0.0,2,1,0,68343.08,0.0,0.4,0,136
2025,632,Spain,Male,31,3,136556.44,1,1,0,82152.83,1.662204184515804,0.25,0,93
2025,850,France,Male,30,10,153972.89,2,1,0,62811.03,2.451328033817726,0.18181818181818182,0,300
2025,765,France,Male,42,4,123311.39,2,1,1,82868.34,1.4880218667121037,0.4,2,168
2025,719,Spain,Female,47,9,116393.59,1,1,0,63051.32,1.8459842556150194,0.1,0,423
2025,437,France,Female,26,1,120923.52,1,0,1,78854.57,1.53348102106167,0.5,1,26
2025,746,Spain,Female,25,3,104833.79,1,0,0,71911.3,1.4578005431616008,0.25,0,75
2025,582,France,Male,30,2,0.0,2,1,1,132029.95,0.0,0.6666666666666666,2,60
2025,583,Spain,Female,40,4,0.0,2,1,0,114093.73,0.0,0.4,0,160
2025,596,Spain,Female,29,6,0.0,2,1,0,116696.77,0.0,0.2857142857142857,0,174
2025,744,Germany,Male,29,6,123737.04,2,1,0,141558.04,0.8741020001265902,0.2857142857142857,0,174
2025,745,Spain,Male,34,7,132944.53,1,1,1,31802.92,4.180130310980533,0.125,1,238
2025,494,Spain,Male,27,2,0.0,2,1,0,22404.64,0.0,0.6666666666666666,0,54
2025,722,France,Male,37,2,0.0,1,0,0,120906.83,0.0,0.3333333333333333,0,74
2025,550,Germany,Male,38,2,103391.38,1,0,1,90878.13,1.137680125238875,0.3333333333333333,1,76
2025,711,Germany,Male,34,4,133467.77,2,1,1,42976.64,3.1055164964851487,0.4,2,136
2025,703,Spain,Male,36,7,135095.47,1,1,0,143859.66,0.9390716683768864,0.125,0,252
2025,521,Spain,Male,29,3,60280.62,1,1,0,154271.41,0.39074141643343746,0.25,0,87
2025,611,France,Male,38,7,0.0,1,1,1,63202.0,0.0,0.125,1,266
2025,837,Spain,Male,31,9,104678.62,1,0,1,50972.6,2.0535849930159924,0.1,1,279
2025,624,Spain,Female,34,6,0.0,1,1,0,582.59,0.0,0.14285714285714285,0,204
2025,594,France,Female,31,9,0.0,1,0,1,5719.11,0.0,0.1,1,279
2025,717,France,Female,76,9,138489.66,1,1,1,68400.14,2.0246688870974956,0.1,1,684
2025,564,Germany,Female,33,2,115761.51,1,0,1,112350.21,1.030353923202073,0.3333333333333333,1,66
2025,803,Spain,Female,37,1,0.0,2,0,0,7455.2,0.0,1.0,0,37
2025,651,France,Female,39,6,0.0,1,1,0,24176.44,0.0,0.14285714285714285,0,234
2025,427,Spain,Male,40,8,0.0,2,1,1,82870.75,0.0,0.2222222222222222,2,320
2025,527,France,Female,31,1,112203.25,1,1,0,182266.01,0.6155982368943232,0.5,0,31
2025,606,Germany,Female,47,0,137138.2,2,0,1,53784.22,2.549737641679257,2.0,2,0
2025,718,France,Female,43,0,93143.39,1,1,0,167554.86,0.5558945536133443,1.0,0,0
2025,718,Germany,Male,28,4,65643.3,1,1,0,28760.99,2.2822934018126007,0.2,0,112
2025,796,Spain,Male,56,6,94231.13,1,0,0,121164.6,0.7777053057963647,0.14285714285714285,0,336
2025,539,France,Male,39,3,139153.68,2,1,0,147662.33,0.9423712711883174,0.5,0,117
2025,660,France,Female,35,6,100768.77,1,1,0,19199.61,5.248206697599712,0.14285714285714285,0,210
2025,575,Spain,Male,41,2,100062.39,1,0,0,126307.25,0.7922078724073843,0.3333333333333333,0,82
2025,833,France,Male,37,8,151226.18,2,1,1,136129.49,1.1108913219955354,0.2222222222222222,2,296
2025,677,France,Male,42,5,99580.13,1,1,0,21007.96,4.739888599911657,0.16666666666666666,0,210
2025,622,France,Male,32,5,179305.09,1,1,1,149043.78,1.2030283113571638,0.16666666666666666,1,160
2025,654,France,Male,38,8,0.0,2,1,0,88659.44,0.0,0.2222222222222222,0,304
2025,707,Spain,Female,35,3,56674.48,1,1,0,17987.4,3.150612617019857,0.25,0,105
2025,677,Germany,Female,36,10,68806.84,1,1,0,33075.24,2.0802497502739126,0.09090909090909091,0,360
2025,850,Germany,Male,28,2,101100.22,2,1,1,35337.31,2.860924022682466,0.6666666666666666,2,56
2025,558,Germany,Male,58,2,142537.18,1,1,1,88791.83,1.6052780387785814,0.3333333333333333,1,116
2025,536,France,Male,35,8,0.0,2,1,0,64833.28,0.0,0.2222222222222222,0,280
2025,750,France,Male,43,6,113882.31,1,1,1,74564.41,1.527280678802678,0.14285714285714285,1,258
2025,724,Spain,Male,36,1,0.0,2,1,0,52462.25,0.0,1.0,0,36
2025,617,France,Female,24,4,137295.19,2,1,1,91195.12,1.5054937644276973,0.4,2,96
2025,757,Germany,Female,34,9,101861.36,2,0,0,187011.96,0.5446754064531143,0.2,0,306
2025,787,France,Male,51,0,58137.08,1,0,1,142538.31,0.407866994725876,1.0,1,0
2025,707,France,Female,57,1,92053.0,1,1,1,164064.44,0.5610748979187816,0.5,1,57
2025,712,Germany,Male,38,7,132767.66,2,1,1,59115.77,2.245854433521994,0.25,2,266
2025,644,Spain,Male,18,8,0.0,2,1,0,59172.42,0.0,0.2222222222222222,0,144
2025,696,France,Male,33,2,163139.27,1,1,1,7035.36,23.18517955306437,0.3333333333333333,1,66
2025,695,Spain,Male,46,3,122549.64,1,1,1,56297.85,2.176769862972334,0.25,1,138
2025,620,France,Male,41,3,0.0,2,1,1,137309.06,0.0,0.5,2,123
2025,558,France,Male,31,7,0.0,1,1,0,198269.08,0.0,0.125,0,217
2025,717,France,Female,28,1,90537.16,1,0,1,74800.99,1.2103576388809976,0.5,1,28
2025,686,Spain,Male,22,5,0.0,2,1,0,158974.45,0.0,0.3333333333333333,0,110
2025,608,Germany,Male,28,4,96679.71,1,1,1,49133.45,1.9676562981777554,0.2,1,112
2025,706,Germany,Female,28,6,124923.35,2,1,1,50299.14,2.4835586938724226,0.2857142857142857,2,168
2025,760,Germany,Male,34,6,121303.77,2,1,1,59325.21,2.044691039592787,0.2857142857142857,2,204
2025,643,France,Female,33,0,137811.75,1,1,1,184856.89,0.745501044072287,1.0,1,0
2025,581,Spain,Male,34,1,0.0,2,0,1,81175.25,0.0,1.0,2,34
2025,555,Spain,Male,27,5,0.0,2,0,0,96398.51,0.0,0.3333333333333333,0,135
2025,513,France,Male,44,1,63562.02,2,0,1,52629.73,1.2076978601664843,1.0,2,44
2025,688,Germany,Female,34,9,91025.58,2,0,1,163783.0,0.5557660088897572,0.2,2,306
2025,637,France,Male,36,2,152606.82,1,1,1,71692.8,2.1285915936942943,0.3333333333333333,1,72
2025,676,France,Female,41,4,101457.14,1,1,1,79101.67,1.2826007010888507,0.2,1,164
2025,593,France,Male,43,9,0.0,2,1,1,76357.43,0.0,0.2,2,387
2025,637,Germany,Male,28,3,123675.69,1,1,1,166458.41,0.7429780629403889,0.25,1,84
2025,584,France,Female,26,0,146286.22,1,1,0,105105.35,1.3917924083559174,1.0,0,0
2025,691,France,Male,38,7,0.0,2,0,0,81617.4,0.0,0.25,0,266
2025,773,Spain,Male,52,2,0.0,2,1,0,57337.79,0.0,0.6666666666666666,0,104
2025,661,Spain,Female,28,7,95357.49,1,0,0,102297.15,0.9321526342362986,0.125,0,196
2025,850,France,Female,46,3,0.0,2,1,1,187980.21,0.0,0.5,2,138
2025,648,Spain,Male,32,8,0.0,1,1,0,133653.38,0.0,0.1111111111111111,0,256
2025,508,France,Female,25,2,111395.53,1,0,1,48197.06,2.3112036044604287,0.3333333333333333,1,50
2025,715,France,Male,21,6,76467.16,1,1,1,173511.72,0.44070060108561493,0.14285714285714285,1,126
2025,585,Germany,Female,39,7,165610.41,2,0,0,131852.01,1.256022975888074,0.25,0,273
2025,531,Spain,Male,37,1,143407.29,2,0,1,84402.46,1.6990688533384768,1.0,2,37
2025,599,Spain,Female,28,4,126833.79,2,1,0,60843.09,2.084570415959874,0.4,0,112
2025,582,France,Female,43,5,153313.67,1,0,0,170563.73,0.8988591603903104,0.16666666666666666,0,215
2025,677,Spain,Male,18,8,134796.87,2,1,1,114858.9,1.1735764178795212,0.2222222222222222,2,144
2025,630,France,Male,28,9,0.0,2,0,0,32599.35,0.0,0.2,0,252
2025,778,Germany,Male,31,9,182275.23,2,1,0,190631.23,0.956161662694708,0.2,0,279
2025,566,Germany,Male,65,4,120100.41,1,1,0,107563.16,1.1165467196508576,0.2,0,260
2025,602,France,Male,33,5,164704.38,1,0,1,180716.1,0.9113934431218739,0.16666666666666666,1,165
2025,457,France,Male,41,8,73700.12,3,1,1,185750.02,0.396768319226457,0.3333333333333333,3,328
2025,601,Germany,Female,26,7,105514.69,2,1,0,50070.59,2.10727660136217,0.25,0,182
2025,724,Germany,Male,36,6,94615.11,2,1,1,10627.21,8.902261998963137,0.2857142857142857,2,216
2025,629,France,Female,43,0,0.0,2,1,1,41263.69,0.0,2.0,2,0
2025,627,France,Male,41,3,0.0,2,1,0,132719.8,0.0,0.5,0,123
2025,429,France,Male,60,7,0.0,2,1,1,163691.48,0.0,0.25,2,420
2025,798,France,Male,34,9,154495.79,1,1,0,191395.88,0.8072011936662709,0.1,0,306
2025,669,France,Male,29,7,0.0,2,1,1,138145.62,0.0,0.25,2,203
2025,653,Spain,Male,55,7,0.0,2,1,1,41967.03,0.0,0.25,2,385
2025,676,Germany,Female,26,1,108348.66,1,0,0,60231.74,1.7988333255302682,0.5,0,26
2025,684,Spain,Male,56,8,78707.16,1,1,1,99398.36,0.7918276334978415,0.1111111111111111,1,448
2025,665,France,Male,28,8,137300.23,1,1,0,90174.83,1.5225834904985074,0.1111111111111111,0,224
2025,562,Germany,Male,33,8,92659.2,2,1,0,1354.25,68.3705589374654,0.2222222222222222,0,264
2025,528,Germany,Male,22,5,93547.23,2,0,1,961.57,97.18485928296123,0.3333333333333333,2,110
2025,636,Germany,Male,30,8,141787.31,2,1,1,109685.61,1.2926583290339633,0.2222222222222222,2,240
2025,668,Germany,Female,37,6,167864.4,1,1,0,115638.29,1.4516208115771032,0.14285714285714285,0,222
2025,607,Spain,Female,27,5,100912.19,1,0,0,7631.27,13.221779365771912,0.16666666666666666,0,135
2025,516,Germany,Male,32,3,145166.09,2,0,0,111421.45,1.3028441754781015,0.5,0,96
2025,624,Germany,Female,40,3,149961.99,2,1,0,104610.86,1.4335084951170927,0.5,0,120
2025,769,Germany,Female,45,5,126674.81,1,1,0,124118.71,1.0205857715909905,0.16666666666666666,0,225
2025,850,France,Male,41,3,136416.82,1,0,1,57844.26,2.358305935525227,0.25,1,123
2025,672,Germany,Male,68,0,126061.51,2,1,1,184936.77,0.6816428574866021,2.0,2,0
2025,466,France,Female,41,3,33563.95,2,1,0,178994.13,0.18751320217483008,0.5,0,123
2025,675,Germany,Female,33,0,141816.25,1,1,0,64815.05,2.1879804462012107,1.0,0,0
2025,850,France,Female,33,7,118004.26,1,1,0,183983.82,0.6413804138841454,0.125,0,231
2025,647,Germany,Female,41,1,85906.65,3,1,0,189159.97,0.45414574687368114,1.5,0,41
2025,635,Spain,Female,37,3,0.0,2,1,0,91086.73,0.0,0.5,0,111
2025,789,France,Female,32,7,69423.52,1,1,0,107499.39,0.6457978431520109,0.125,0,224
2025,612,Germany,Male,42,5,141927.1,1,1,1,43018.98,3.2990973031600666,0.16666666666666666,1,210
2025,714,Spain,Male,44,7,0.0,1,0,1,6923.11,0.0,0.125,1,308
2025,748,France,Male,60,0,152335.7,1,1,0,126743.33,1.2019133321388027,1.0,0,0
2025,622,Germany,Male,42,9,115766.26,1,0,0,72155.85,1.604369647510943,0.1,0,378
2025,753,France,Male,35,3,0.0,2,1,1,184843.77,0.0,0.5,2,105
2025,705,Spain,Male,33,7,68423.89,1,1,1,64872.55,1.0547270806052698,0.125,1,231
2025,554,France,Female,43,10,0.0,2,1,0,149629.13,0.0,0.18181818181818182,0,430
2025,504,Germany,Female,43,7,102365.49,1,1,0,194690.77,0.5257823173521922,0.125,0,301
2025,525,France,Male,36,2,114628.4,1,0,1,168290.06,0.6811318438424477,0.3333333333333333,1,72
2025,597,France,Female,29,5,0.0,2,1,1,174825.57,0.0,0.3333333333333333,2,145
2025,591,France,Female,42,10,0.0,2,0,0,171099.22,0.0,0.18181818181818182,0,420
2025,583,France,Male,33,7,122531.86,1,1,0,13549.24,9.04278153006884,0.125,0,231
2025,544,France,Male,30,4,73218.89,1,0,1,126796.69,0.5774465607378179,0.2,1,120
2025,850,France,Female,31,4,0.0,2,1,1,33082.81,0.0,0.4,2,124
2025,601,Spain,Female,42,4,96763.89,1,1,1,199242.65,0.4856560798800865,0.2,1,168
2025,669,France,Male,39,3,119452.03,1,1,1,171575.54,0.6962025810754779,0.25,1,117
2025,492,France,Male,35,8,121063.49,1,0,0,85421.48,1.4172322086645108,0.1111111111111111,0,280
2025,630,Spain,Female,21,1,85818.18,1,1,1,133102.3,0.644748702699332,0.5,1,21
2025,658,Spain,Female,31,2,36566.96,1,1,0,103644.98,0.3528063510036762,0.3333333333333333,0,62
2025,639,France,Female,60,5,162039.78,1,1,1,84361.72,1.9207510141920507,0.16666666666666666,1,300
2025,493,France,Male,54,3,167831.88,2,1,0,150159.95,1.1176799294357154,0.5,0,162
2025,598,Spain,Female,39,5,0.0,2,1,1,83103.46,0.0,0.3333333333333333,2,195
2025,576,Germany,Male,63,3,148843.56,1,1,0,69414.13,2.1442524129825875,0.25,0,189
2025,650,Germany,Male,23,4,93911.3,2,1,0,69055.45,1.3599207604792891,0.4,0,92
2025,709,Germany,Male,30,9,115479.48,2,1,1,134732.99,0.8570924085303196,0.2,2,270
2025,644,Spain,Male,26,8,96659.64,2,1,1,138775.69,0.6965120727407463,0.2222222222222222,2,208
2025,613,Germany,Female,50,5,101242.98,2,1,0,12493.61,8.102932384444172,0.3333333333333333,0,250
2025,749,France,Male,30,1,0.0,2,0,1,126551.65,0.0,1.0,2,30
2025,634,France,Female,36,1,69518.95,1,1,0,116238.39,0.5980670579912712,0.5,0,36
2025,437,France,Female,43,6,0.0,1,1,0,148330.97,0.0,0.14285714285714285,0,258
2025,595,France,Female,39,9,136422.41,1,1,1,151757.81,0.8989422755753027,0.1,1,351
2025,573,France,Female,23,2,0.0,1,1,0,122964.18,0.0,0.3333333333333333,0,46
2025,636,France,Female,39,3,118336.14,1,1,0,184691.77,0.6407188543438923,0.25,0,117
2025,648,Germany,Male,44,9,111369.79,2,1,1,91947.74,1.2112160536403216,0.2,2,396
2025,756,Germany,Female,39,5,149363.12,2,1,1,109098.39,1.3690555006769516,0.3333333333333333,2,195
2025,622,France,Female,35,5,0.0,2,1,0,51112.8,0.0,0.3333333333333333,0,175
2025,526,Spain,Female,43,3,0.0,2,1,0,31705.19,0.0,0.5,0,129
2025,668,Spain,Female,69,9,0.0,1,0,1,134483.07,0.0,0.1,1,621
2025,850,Germany,Female,48,6,111962.99,1,1,0,111755.8,1.0018449884033902,0.14285714285714285,0,288
2025,783,Spain,Female,37,1,136689.66,1,1,0,197890.65,0.6907298008784101,0.5,0,37
2025,600,France,Male,46,10,95502.21,1,0,0,19842.18,4.81284804149335,0.09090909090909091,0,460
2025,685,Germany,Male,43,9,108589.47,2,0,1,194808.51,0.557413598545574,0.2,2,387
2025,675,France,Female,34,10,84944.58,1,0,0,146230.63,0.5808906048575126,0.09090909090909091,0,340
2025,567,France,Female,45,4,0.0,2,0,1,121053.19,0.0,0.4,2,180
2025,630,France,Male,40,8,0.0,2,1,1,42495.81,0.0,0.2222222222222222,2,320
2025,561,France,Male,56,7,152759.0,2,1,0,133167.11,1.147113974959921,0.25,0,392
2025,720,France,Male,29,2,0.0,2,1,0,39925.52,0.0,0.6666666666666666,0,58
2025,652,France,Female,40,4,79927.36,2,1,1,33524.6,2.384069487197843,0.4,2,160
2025,651,Germany,Male,34,2,90355.12,2,0,0,193597.94,0.4667128859279911,0.6666666666666666,0,68
2025,648,Germany,Female,43,1,107963.38,1,0,0,186438.86,0.5790788514859431,0.5,0,43
2025,711,France,Female,28,8,0.0,2,0,0,105159.89,0.0,0.2222222222222222,0,224
2025,689,Spain,Female,31,3,139799.63,1,0,1,120663.57,1.1585806007513224,0.25,1,93
2025,705,France,Male,25,0,97544.29,1,0,1,59887.15,1.6287744737481453,1.0,1,0
2025,660,France,Female,31,6,172325.67,1,0,1,45438.38,3.792430046360668,0.14285714285714285,1,186
2025,587,Germany,Female,32,3,125445.04,2,1,1,130514.78,0.9611484527005086,0.5,2,96
2025,467,Germany,Male,28,10,126315.26,1,1,0,32349.29,3.9046098195719416,0.09090909090909091,0,280
2025,634,Germany,Male,74,5,108891.7,1,1,0,10078.02,10.80379838516046,0.16666666666666666,0,370
2025,578,France,Male,39,2,0.0,2,1,0,70563.9,0.0,0.6666666666666666,0,78
2025,850,France,Male,63,8,169832.57,1,0,0,184107.26,0.9224603502308913,0.1111111111111111,0,504
2025,714,Germany,Male,28,7,77776.39,1,1,0,177737.07,0.4375899321962931,0.125,0,196
2025,718,France,Male,35,3,97560.16,1,1,1,53511.74,1.8231202513644416,0.25,1,105
2025,524,France,Male,28,1,93577.3,1,1,1,51670.82,1.8109929164484626,0.5,1,28
2025,601,Spain,Female,44,4,0.0,2,1,0,58561.31,0.0,0.4,0,176
2025,733,Germany,Male,40,5,125725.02,2,1,1,50783.1,2.475676835860043,0.3333333333333333,2,200
2025,755,Germany,Female,30,6,154221.37,2,0,1,62688.55,2.460080986384493,0.2857142857142857,2,180
2025,555,France,Female,26,7,0.0,2,1,0,93122.41,0.0,0.25,0,182
2025,522,Germany,Male,32,8,124450.36,2,1,1,165786.1,0.750663712677283,0.2222222222222222,2,256
2025,850,France,Male,38,1,0.0,2,1,1,80006.65,0.0,1.0,2,38
2025,624,France,Male,42,3,145155.37,1,1,0,72169.95,2.011271432619357,0.25,0,126
2025,616,France,Male,37,5,144235.73,2,0,0,154957.66,0.9308013505021275,0.3333333333333333,0,185
2025,679,Germany,Female,50,6,132598.38,2,1,1,184017.98,0.7205690413021526,0.2857142857142857,2,300
2025,769,France,Female,38,2,0.0,2,0,0,75578.67,0.0,0.6666666666666666,0,76
2025,526,Germany,Male,61,6,133845.28,2,1,1,45180.8,2.9623715743949997,0.2857142857142857,2,366
2025,646,France,Male,36,6,124445.52,1,1,0,88481.32,1.406445038963716,0.14285714285714285,0,216
2025,588,Germany,Female,37,7,70258.88,2,1,0,139607.61,0.5032560670864069,0.25,0,259
2025,419,Spain,Female,27,2,121580.42,1,0,1,134720.51,0.9024573729911429,0.3333333333333333,1,54
2025,759,France,Female,38,1,104091.29,1,0,0,91561.91,1.136828110858425,0.5,0,38
2025,647,France,Female,42,9,0.0,2,1,1,51362.82,0.0,0.2,2,378
2025,554,Germany,Male,43,5,99906.89,1,0,0,24983.39,3.998772433507482,0.16666666666666666,0,215
2025,710,France,Male,54,6,171137.62,1,1,1,167023.95,1.0246230877482674,0.14285714285714285,1,324
2025,632,France,Male,32,6,111589.33,1,1,1,170382.99,0.6549284941619222,0.14285714285714285,1,192
2025,570,France,Female,43,9,0.0,2,0,1,11417.26,0.0,0.2,2,387
2025,740,Spain,Female,31,8,0.0,2,0,0,86657.48,0.0,0.2222222222222222,0,248
2025,653,Spain,Female,36,3,0.0,2,0,0,110525.6,0.0,0.5,0,108
2025,641,Germany,Male,41,7,104405.54,3,1,0,17384.21,6.0054230003549,0.375,0,287
2025,481,France,Male,37,8,152303.66,2,1,1,175082.2,0.8698930565582534,0.2222222222222222,2,296
2025,535,France,Female,29,5,0.0,2,0,1,52709.55,0.0,0.3333333333333333,2,145
2025,528,Spain,Male,36,7,0.0,2,1,0,60536.56,0.0,0.25,0,252
2025,756,France,Female,32,4,0.0,2,1,0,147040.25,0.0,0.4,0,128
2025,677,Germany,Female,44,4,148770.61,2,1,1,191057.76,0.778664165935129,0.4,2,176
2025,668,Germany,Female,46,7,161806.09,1,1,1,173052.19,0.935007843542208,0.125,1,322
2025,617,Spain,Female,37,9,101707.8,1,1,0,123866.28,0.8211030386717139,0.1,0,333
2025,727,Germany,Male,58,5,106913.43,1,1,0,25881.0,4.130802488215748,0.16666666666666666,0,290
2025,716,France,Female,22,8,0.0,2,1,1,92606.98,0.0,0.2222222222222222,2,176
2025,452,France,Female,32,5,0.0,2,0,1,75279.39,0.0,0.3333333333333333,2,160
2025,599,Germany,Male,38,9,89111.63,1,0,0,157239.6,0.5667215083127386,0.1,0,342
2025,439,France,Female,43,8,0.0,1,0,1,104889.3,0.0,0.1111111111111111,1,344
2025,627,France,Male,31,8,128131.73,1,1,0,96131.47,1.3328663041738134,0.1111111111111111,0,248
2025,543,Spain,Female,41,4,0.0,1,0,0,194902.16,0.0,0.2,0,164
2025,683,France,Female,42,8,0.0,2,0,1,198134.9,0.0,0.2222222222222222,2,336
2025,648,Spain,Female,43,7,81153.82,1,1,1,144532.85,0.5614865998518687,0.125,1,301
2025,699,France,Male,28,7,0.0,2,1,1,22684.78,0.0,0.25,2,196
2025,665,Germany,Male,63,7,104469.58,1,1,1,25165.36,4.151159722740992,0.125,1,441
2025,673,Spain,Female,35,6,0.0,2,1,0,98618.79,0.0,0.2857142857142857,0,210
2025,657,Germany,Female,38,5,123770.46,1,0,0,47019.66,2.632256969595918,0.16666666666666666,0,190
2025,707,France,Male,33,2,0.0,2,0,0,130866.95,0.0,0.6666666666666666,0,66
2025,677,Germany,Female,39,0,111213.64,2,1,1,147578.26,0.7535858358417029,2.0,2,0
2025,727,Spain,Female,52,1,154733.97,1,1,0,80259.67,1.9278928272091425,0.5,0,52
2025,850,Germany,Male,38,5,146756.68,1,1,0,78268.61,1.8750148365374504,0.16666666666666666,0,190
2025,554,France,Female,38,4,137654.05,2,1,1,172629.67,0.7973904636991792,0.4,2,152
2025,498,Germany,Male,45,7,109200.74,2,0,1,165990.44,0.6578697070162173,0.25,2,315
2025,749,Spain,Male,34,2,0.0,1,0,0,174189.04,0.0,0.3333333333333333,0,68
2025,684,Spain,Female,36,5,174180.39,1,1,0,119830.08,1.453549362986631,0.16666666666666666,0,180
2025,527,Spain,Male,33,9,132168.28,1,0,0,98734.15,1.3386142624992214,0.1,0,297
2025,593,Germany,Female,38,5,85626.6,1,1,1,125079.65,0.6845711147167848,0.16666666666666666,1,190
2025,561,Germany,Female,49,1,102025.32,1,1,0,133051.64,0.7668041761516344,0.5,0,49
2025,628,France,Male,32,9,149136.31,2,1,1,16402.11,9.091953294222863,0.2,2,288
2025,652,Germany,Female,26,1,131908.35,1,1,1,179269.79,0.7358050354996484,0.5,1,26
2025,741,France,Male,32,8,0.0,2,1,0,143598.7,0.0,0.2222222222222222,0,256
2025,767,France,Female,34,8,0.0,2,1,0,94767.77,0.0,0.2222222222222222,0,272
2025,470,Spain,Male,34,9,0.0,2,0,1,89013.67,0.0,0.2,2,306
2025,707,Spain,Female,52,7,0.0,1,1,0,109688.82,0.0,0.125,0,364
2025,679,France,Male,48,8,0.0,2,1,0,23344.94,0.0,0.2222222222222222,0,384
2025,660,Germany,Female,52,4,86891.84,1,1,0,90877.76,0.9561292429606214,0.2,0,208
2025,670,Spain,Male,35,2,124268.64,2,0,1,84321.03,1.4737387133587747,0.6666666666666666,2,70
2025,776,France,Female,31,2,0.0,2,1,1,112349.51,0.0,0.6666666666666666,2,62
2025,577,France,Female,39,10,0.0,2,1,0,10553.31,0.0,0.18181818181818182,0,390
2025,631,France,Female,31,8,137687.72,1,1,0,190067.12,0.7244124895853129,0.1111111111111111,0,248
2025,752,Germany,Female,38,10,101648.5,2,1,0,172001.44,0.5909712676169012,0.18181818181818182,0,380
2025,748,France,Male,40,0,0.0,1,0,0,60416.76,0.0,1.0,0,0
2025,684,Spain,Female,31,8,0.0,2,1,0,188637.05,0.0,0.2222222222222222,0,248
2025,648,France,Male,33,7,134944.0,1,1,1,117036.38,1.1529991529202037,0.125,1,231
2025,587,Spain,Male,45,6,0.0,1,0,0,158684.81,0.0,0.14285714285714285,0,270
2025,547,France,Male,62,10,127738.75,2,1,1,85153.0,1.5000910115790216,0.18181818181818182,2,620
2025,559,Spain,Female,40,5,139129.44,1,0,1,32635.54,4.262996016121807,0.16666666666666666,1,200
2025,614,Germany,Female,39,8,125997.22,1,1,1,128049.34,0.9839663057513163,0.1111111111111111,1,312
2025,790,France,Female,40,9,0.0,2,1,1,70607.1,0.0,0.2,2,360
2025,427,France,Male,37,5,0.0,2,1,1,121485.1,0.0,0.3333333333333333,2,185
2025,700,Spain,Male,28,8,159900.38,1,0,0,22698.56,7.044206143202776,0.1111111111111111,0,224
2025,749,France,Male,40,1,139290.41,1,1,0,182855.42,0.7617474409703525,0.5,0,40
2025,734,Spain,Female,43,3,55853.33,2,0,1,94811.85,0.5890902973594824,0.5,2,129
2025,792,France,Female,70,3,0.0,2,1,1,172240.27,0.0,0.5,2,210
2025,473,France,Female,33,5,125827.43,1,0,1,145698.73,0.8636078460818012,0.16666666666666666,1,165
2025,640,Spain,Female,32,6,118879.35,2,1,1,19131.71,6.213408868895207,0.2857142857142857,2,192
2025,580,Germany,Female,33,7,131647.01,2,0,0,79775.19,1.6502042777425194,0.25,0,231
2025,749,Germany,Male,54,3,144768.94,1,1,0,93336.3,1.5510298669449405,0.25,0,162
2025,628,France,Male,30,8,89182.09,1,1,1,13126.9,6.793324903449904,0.1111111111111111,1,240
2025,533,France,Male,36,7,85311.7,1,0,1,156731.91,0.5443126143705237,0.125,1,252
2025,497,Germany,Male,41,5,80542.81,1,0,0,88729.22,0.9077269277592234,0.16666666666666666,0,205
2025,573,Spain,Male,56,3,154669.77,1,0,1,115462.27,1.3395581988973635,0.25,1,168
2025,808,Spain,Male,25,7,0.0,2,0,1,23180.37,0.0,0.25,2,175
2025,638,France,Male,34,5,133501.36,1,0,1,155643.04,0.857735124325994,0.16666666666666666,1,170
2025,648,Spain,Female,27,7,0.0,2,1,1,163060.43,0.0,0.25,2,189
2025,613,France,Female,27,5,125167.74,1,1,0,199104.52,0.6286502754921109,0.16666666666666666,0,135
2025,624,Spain,Female,36,10,0.0,2,0,1,186180.42,0.0,0.18181818181818182,2,360
2025,675,France,Male,39,7,0.0,2,0,1,36267.21,0.0,0.25,2,273
2025,454,France,Male,34,4,0.0,2,1,0,198817.72,0.0,0.4,0,136
2025,691,France,Male,41,2,0.0,1,1,1,56850.92,0.0,0.3333333333333333,1,82
2025,644,Germany,Female,34,10,122196.99,2,1,1,182099.71,0.6710407114832228,0.18181818181818182,2,340
2025,787,France,Female,35,1,106266.8,1,1,1,16607.15,6.398473038839365,0.5,1,35
2025,598,Spain,Female,23,6,0.0,2,1,0,153229.19,0.0,0.2857142857142857,0,138
2025,516,France,Female,43,2,112773.73,2,1,1,139366.58,0.8091819489152355,0.6666666666666666,2,86
2025,466,Germany,Male,41,2,152102.18,2,1,0,181879.56,0.8362750807452979,0.6666666666666666,0,82
2025,555,France,Male,55,4,146798.81,1,1,1,74149.77,1.9797341281823504,0.2,1,220
2025,625,France,Male,31,5,0.0,2,0,1,90.07,0.0,0.3333333333333333,2,155
2025,841,Germany,Female,33,7,154969.79,2,1,1,99505.75,1.5573796752481617,0.25,2,231
2025,750,Germany,Female,37,1,133199.71,2,1,1,27366.77,4.8670282598837975,1.0,2,37
2025,714,Spain,Female,33,10,103121.33,2,1,1,49672.01,2.0760032460283764,0.18181818181818182,2,330
2025,704,France,Male,36,3,114370.41,1,0,1,66810.48,1.7118376961564092,0.25,1,108
2025,670,Germany,Female,42,5,49508.79,3,1,1,100324.01,0.4934840275620207,0.5,3,210
2025,532,Spain,Female,39,0,0.0,2,1,0,94977.3,0.0,2.0,0,0
2025,677,Spain,Female,43,3,133214.88,2,1,1,95936.84,1.3885540887724803,0.5,2,129
2025,803,Germany,Female,50,8,98173.02,1,0,0,22457.25,4.371356628410495,0.1111111111111111,0,400
2025,850,Germany,Female,36,3,169025.83,1,1,0,174235.06,0.9700967182109145,0.25,0,108
2025,730,Spain,Male,38,5,118866.36,1,1,1,163317.5,0.7278193223670313,0.16666666666666666,1,190
2025,725,Germany,Male,45,8,116917.07,1,0,0,173464.43,0.6740078988649209,0.1111111111111111,0,360
2025,729,Spain,Female,45,7,91091.06,2,1,0,71133.12,1.2805536920960012,0.25,0,315
2025,602,Spain,Male,33,5,0.0,2,0,1,64038.34,0.0,0.3333333333333333,2,165
2025,663,France,Male,34,10,0.0,1,1,1,114083.73,0.0,0.09090909090909091,1,340
2025,717,France,Female,41,3,135756.96,1,1,1,103706.41,1.309038187338783,0.25,1,123
2025,653,France,Female,31,7,102575.04,1,1,1,11043.54,9.287398117078665,0.125,1,217
2025,474,France,Male,33,5,0.0,2,1,0,181945.52,0.0,0.3333333333333333,0,165
2025,699,France,Male,39,9,0.0,1,1,0,80963.92,0.0,0.1,0,351
2025,688,Spain,Male,36,0,89772.3,1,1,0,177383.68,0.5060882371577974,1.0,0,0
2025,586,Germany,Male,32,1,149814.54,1,1,0,31830.06,4.706552028113421,0.5,0,32
2025,689,Spain,Female,28,3,0.0,2,1,1,192449.02,0.0,0.5,2,84
2025,850,France,Male,42,0,0.0,2,1,0,44165.84,0.0,2.0,0,0
2025,595,Germany,Female,26,8,118547.72,1,1,1,151192.18,0.7840811338183377,0.1111111111111111,1,208
2025,645,France,Male,31,7,161171.7,2,1,0,12599.94,12.790450553688853,0.25,0,217
2025,696,Spain,Male,28,8,0.0,1,0,0,176713.47,0.0,0.1111111111111111,0,224
2025,850,Spain,Male,38,7,115378.94,1,0,1,162087.82,0.7118254053549159,0.125,1,266
2025,578,Germany,Male,37,1,135650.88,1,1,0,199428.19,0.6801957125734703,0.5,0,37
2025,709,Germany,Male,28,8,124695.72,2,1,0,145251.35,0.8584764377306116,0.2222222222222222,0,224
2025,468,France,Male,36,3,61636.97,1,0,0,107787.42,0.5718329482888793,0.25,0,108
2025,550,France,Male,44,9,0.0,2,1,0,26257.01,0.0,0.2,0,396
2025,561,Germany,Male,49,5,94754.0,1,1,1,26691.31,3.5498613645652997,0.16666666666666666,1,245
2025,648,France,Male,23,9,168372.52,1,1,0,134676.72,1.2501883756273866,0.1,0,207
2025,776,France,Male,37,2,0.0,1,0,1,8065.0,0.0,0.3333333333333333,1,74
2025,550,France,Male,34,8,122359.5,1,0,0,116495.55,1.0503272414504978,0.1111111111111111,0,272
2025,512,France,Female,75,2,0.0,1,1,0,123304.62,0.0,0.3333333333333333,0,150
2025,602,France,Male,23,7,113758.48,2,0,0,84077.6,1.35300159612553,0.25,0,161
2025,781,France,Female,28,4,0.0,2,1,0,177703.15,0.0,0.4,0,112
2025,731,Spain,Female,40,5,171325.98,1,1,1,159718.27,1.0726694405753296,0.16666666666666666,1,200
2025,711,France,Male,28,8,0.0,2,1,1,64286.39,0.0,0.2222222222222222,2,224
2025,720,France,Male,26,10,51962.91,2,1,0,45507.24,1.1418351929233037,0.18181818181818182,0,260
2025,748,Germany,Female,27,2,90971.85,1,1,1,131662.47,0.6909422180654968,0.3333333333333333,1,54
2025,538,France,Male,37,1,134752.08,1,1,0,162511.55,0.8291795310577552,0.5,0,37
2025,656,France,Female,75,3,0.0,2,1,1,1276.87,0.0,0.5,2,225
2025,585,Germany,Male,36,5,146050.97,2,0,0,86424.57,1.6899046196629075,0.3333333333333333,0,180
2025,738,Germany,Male,35,6,101744.84,1,0,0,85185.44,1.194378354113636,0.14285714285714285,0,210
2025,659,Spain,Female,38,9,0.0,2,1,1,35701.06,0.0,0.2,2,342
2025,614,Spain,Female,40,3,113348.5,1,1,1,77789.01,1.45710869557672,0.25,1,120
2025,620,Germany,Female,25,1,137712.01,1,1,1,76197.05,1.8072904752811916,0.5,1,25
2025,757,Germany,Female,43,5,131433.33,2,1,1,3497.43,37.569232484285806,0.3333333333333333,2,215
2025,551,Germany,Male,50,1,121399.98,1,0,1,84508.44,1.4365256709782954,0.5,1,50
2025,593,France,Female,46,7,98752.51,1,1,0,145560.38,0.6784252114125325,0.125,0,322
2025,708,France,Female,34,4,0.0,1,1,1,62868.33,0.0,0.2,1,136
2025,683,Spain,Male,40,4,95053.1,1,1,1,116816.54,0.8136885950517363,0.2,1,160
2025,600,France,Male,40,1,141136.79,1,1,1,67803.83,2.081515284383133,0.5,1,40
2025,731,Spain,Male,25,8,96950.21,1,1,0,97877.92,0.9905116443867588,0.1111111111111111,0,200
2025,791,Germany,Male,31,1,130240.33,1,0,0,96546.55,1.3489760226955525,0.5,0,31
2025,756,France,Female,23,1,112568.31,1,1,1,113408.11,0.9925861335125546,0.5,1,23
2025,701,France,Male,30,3,156660.72,2,1,0,45742.42,3.424770600886423,0.5,0,90
2025,763,Spain,Female,37,6,0.0,2,1,1,149705.25,0.0,0.2857142857142857,2,222
2025,757,Germany,Female,30,6,161378.02,1,0,0,71926.28,2.243627452616031,0.14285714285714285,0,180
2025,479,Germany,Male,35,4,138718.92,1,1,1,47251.79,2.935676814003999,0.2,1,140
2025,654,Germany,Male,31,5,150593.59,2,1,1,105218.45,1.4312333888838993,0.3333333333333333,2,155
2025,746,France,Female,21,8,166883.07,2,0,1,194563.65,0.857725542640968,0.2222222222222222,2,168
2025,645,Spain,Male,38,1,68079.8,1,0,1,166264.89,0.4094634203082785,0.5,1,38
2025,681,Spain,Male,33,10,0.0,1,0,0,158336.36,0.0,0.09090909090909091,0,330
2025,610,France,Male,33,4,111582.11,1,0,0,113943.17,0.9792700232052242,0.2,0,132
2025,838,France,Female,34,8,0.0,2,1,0,27472.07,0.0,0.2222222222222222,0,272
2025,630,France,Male,37,6,0.0,2,1,1,82647.65,0.0,0.2857142857142857,2,222
2025,785,France,Female,36,4,135438.4,1,0,0,190627.01,0.7104853059107106,0.2,0,144
2025,655,Spain,Male,37,1,0.0,1,1,1,106040.97,0.0,0.5,1,37
2025,701,Spain,Male,35,10,159693.9,2,1,1,71173.64,2.2436910112927864,0.18181818181818182,2,350
2025,666,Spain,Male,43,5,0.0,2,1,0,29346.1,0.0,0.3333333333333333,0,215
2025,529,France,Female,29,8,0.0,2,1,0,19842.11,0.0,0.2222222222222222,0,232
2025,636,Germany,Female,37,9,157098.52,1,1,1,153535.27,1.0232013582197874,0.1,1,333
2025,551,France,Female,36,5,0.0,1,1,0,183479.12,0.0,0.16666666666666666,0,180
2025,601,France,Male,44,3,0.0,2,1,0,30607.11,0.0,0.5,0,132
2025,592,France,Female,38,4,0.0,2,1,0,35338.96,0.0,0.4,0,152
2025,472,Spain,Male,40,4,0.0,1,1,0,70154.22,0.0,0.2,0,160
2025,594,Germany,Male,28,5,185013.02,1,1,0,16481.12,11.225074201619694,0.16666666666666666,0,140
2025,415,France,Male,32,5,145807.59,1,1,1,3064.65,47.56172100533329,0.16666666666666666,1,160
2025,604,Spain,Male,40,5,155455.43,1,0,1,113581.85,1.3686523097457053,0.16666666666666666,1,200
2025,745,France,Female,40,6,131184.67,1,1,1,49815.62,2.633351479887636,0.14285714285714285,1,240
2025,539,Spain,Male,36,6,0.0,3,1,1,118959.64,0.0,0.42857142857142855,3,216
2025,704,France,Male,39,5,0.0,1,1,0,6416.92,0.0,0.16666666666666666,0,195
2025,709,France,Male,37,7,0.0,1,1,0,159486.76,0.0,0.125,0,259
2025,619,Spain,Female,41,8,0.0,3,1,1,79866.73,0.0,0.3333333333333333,3,328
2025,618,France,Male,34,5,134954.53,1,1,1,151954.39,0.8881194013585171,0.16666666666666666,1,170
2025,667,France,Male,44,2,122806.95,1,0,0,15120.86,8.121153746959699,0.3333333333333333,0,88
2025,614,Spain,Female,41,7,146997.64,2,0,0,137791.18,1.066806839110899,0.25,0,287
2025,792,Spain,Male,47,0,0.0,1,1,1,5557.88,0.0,1.0,1,0
2025,774,France,Female,42,3,137781.65,1,0,0,199316.19,0.6912682744523941,0.25,0,126
2025,729,Germany,Female,42,4,97495.8,2,0,0,2002.5,48.66274020464188,0.4,0,168
2025,657,Spain,Male,31,3,125167.02,1,0,0,98820.39,1.2665984560630041,0.25,0,93
2025,544,Germany,Male,37,2,79731.91,1,1,1,57558.95,1.385197693882639,0.3333333333333333,1,74
2025,652,Spain,Male,58,6,0.0,2,0,1,170025.43,0.0,0.2857142857142857,2,348
2025,749,Germany,Male,22,4,94762.16,2,1,1,42241.54,2.243287453832085,0.4,2,88
2025,799,Germany,Male,28,7,167658.33,2,1,1,111138.25,1.5085429315025969,0.25,2,196
2025,499,France,Female,28,4,141792.61,1,1,1,22001.91,6.444266235693369,0.2,1,112
2025,664,Germany,Male,25,6,172812.72,2,1,1,108008.65,1.5999748170649568,0.2857142857142857,2,150
2025,657,Spain,Female,37,0,163607.18,1,0,1,44203.55,3.701138909908595,1.0,1,0
2025,678,Spain,Female,40,4,113794.22,1,1,0,16618.76,6.84692318059948,0.2,0,160
2025,474,Germany,Female,37,5,142688.57,2,1,1,110953.33,1.2860117311329806,0.3333333333333333,2,185
2025,564,France,Female,28,1,0.0,1,1,1,162428.05,0.0,0.5,1,28
2025,558,France,Female,47,9,0.0,2,1,0,103787.28,0.0,0.2,0,423
2025,616,France,Female,37,6,0.0,2,1,0,86242.18,0.0,0.2857142857142857,0,222
2025,503,France,Female,37,8,0.0,2,1,1,97893.32,0.0,0.2222222222222222,2,296
2025,661,France,Male,41,5,0.0,1,0,1,88279.6,0.0,0.16666666666666666,1,205
2025,726,France,Female,44,2,0.0,2,1,1,26733.86,0.0,0.6666666666666666,2,88
2025,790,Spain,Male,46,8,182364.53,1,0,0,139266.48,1.3094552296056479,0.1111111111111111,0,368
2025,793,Spain,Male,63,0,0.0,2,0,1,27166.75,0.0,2.0,2,0
2025,591,France,Male,49,3,0.0,2,1,0,50123.44,0.0,0.5,0,147
2025,606,Spain,Male,37,8,154712.58,2,1,0,89099.18,1.7363890847358558,0.2222222222222222,0,296
2025,850,Spain,Female,50,10,0.0,2,1,1,33741.84,0.0,0.18181818181818182,2,500
2025,687,Spain,Male,31,3,0.0,2,0,0,48228.1,0.0,0.5,0,93
2025,679,France,Male,47,10,198546.1,2,1,0,191198.92,1.0384214595905688,0.18181818181818182,0,470
2025,715,France,Male,37,9,165252.52,1,1,0,85286.3,1.9375982121605442,0.1,0,333
2025,557,Spain,Male,48,10,0.0,2,1,1,185094.48,0.0,0.18181818181818182,2,480
2025,817,France,Male,34,5,129278.43,1,0,0,165562.84,0.7808373495082017,0.16666666666666666,0,170
2025,504,Germany,Male,32,8,170291.22,2,0,1,15658.99,10.874286637475503,0.2222222222222222,2,256
2025,545,France,Male,30,3,0.0,2,1,0,170307.43,0.0,0.5,0,90
2025,614,France,Female,27,9,106414.57,2,0,0,77500.81,1.3730591582312723,0.2,0,243
2025,683,France,Male,30,8,110829.52,2,0,0,24938.84,4.443874539692316,0.2222222222222222,0,240
2025,850,France,Male,31,4,0.0,2,0,0,152298.28,0.0,0.4,0,124
2025,499,France,Female,38,9,0.0,2,0,1,183042.2,0.0,0.2,2,342
2025,684,Germany,Male,37,4,138476.41,2,1,1,52367.29,2.6442797731222463,0.4,2,148
2025,726,France,Male,34,9,0.0,2,0,0,14121.61,0.0,0.2,0,306
2025,637,Spain,Male,43,8,0.0,1,1,0,12156.93,0.0,0.1111111111111111,0,344
2025,514,France,Male,38,4,112230.38,1,1,0,16717.11,6.713102138937955,0.2,0,152
2025,579,Spain,Male,33,1,0.0,2,1,1,54816.57,0.0,1.0,2,33
2025,825,Spain,Female,32,1,0.0,2,1,1,42935.15,0.0,1.0,2,32
2025,549,France,Female,38,8,107283.4,1,0,0,157442.75,0.6814078043745782,0.1111111111111111,0,304
2025,511,France,Female,46,1,0.0,1,1,1,115779.48,0.0,0.5,1,46
2025,833,France,Female,34,3,144751.81,1,0,0,166472.81,0.869517012916326,0.25,0,102
2025,577,Germany,Female,59,7,111396.97,1,0,1,191070.01,0.5830134566201329,0.125,1,413
2025,676,France,Female,61,8,0.0,2,1,1,118522.73,0.0,0.2222222222222222,2,488
2025,691,France,Male,24,6,0.0,2,1,1,92811.2,0.0,0.2857142857142857,2,144
2025,679,France,Female,24,6,114948.76,2,0,1,135768.25,0.8466479707297492,0.2857142857142857,2,144
2025,850,Germany,Male,61,3,141784.02,1,1,1,92053.75,1.5402140573951912,0.25,1,183
2025,689,Germany,Male,33,2,161814.64,2,1,0,169381.9,0.9553186301568813,0.6666666666666666,0,66
2025,491,France,Female,36,0,53369.13,1,1,1,103934.12,0.5134850472102211,1.0,1,0
2025,714,France,Female,24,7,0.0,2,1,0,166335.0,0.0,0.25,0,168
2025,513,France,Male,30,5,0.0,2,1,0,162523.66,0.0,0.3333333333333333,0,150
2025,630,Germany,Female,23,4,137964.51,1,0,1,174570.55,0.7903035173829872,0.2,1,92
2025,750,Spain,Male,22,3,121681.82,1,1,0,128643.35,0.9458776852617313,0.25,0,66
2025,443,Germany,Male,59,4,110939.3,1,1,0,72846.58,1.5228961620962562,0.2,0,236
2025,675,Spain,Male,31,2,90826.27,2,1,0,60270.87,1.5069429569714694,0.6666666666666666,0,62
2025,632,France,Male,40,3,193354.86,2,1,0,149188.41,1.2960360926422323,0.5,0,120
2025,710,Germany,Female,24,2,110407.44,2,0,0,15832.43,6.9730589013246025,0.6666666666666666,0,48
2025,701,France,Male,51,9,0.0,2,0,0,61961.57,0.0,0.2,0,459
2025,572,Germany,Male,51,8,97750.07,3,1,1,193014.26,0.5064370039964716,0.3333333333333333,3,408
2025,731,Spain,Female,39,2,126816.18,1,1,1,74850.93,1.694227256398065,0.3333333333333333,1,78
2025,633,France,Male,40,4,150578.0,1,0,1,34670.62,4.342975609446573,0.2,1,160
2025,696,Spain,Male,40,3,153639.11,1,1,1,138351.68,1.1104888607867949,0.25,1,120
2025,710,France,Male,21,4,109130.96,2,1,1,56191.99,1.9420742694062019,0.4,2,84
2025,594,France,Male,36,6,153880.15,1,0,0,135431.72,1.1362110278815931,0.14285714285714285,0,216
2025,606,France,Male,40,5,0.0,2,1,1,70899.27,0.0,0.3333333333333333,2,200
2025,568,Spain,Female,27,1,116320.68,1,0,1,45563.94,2.5528548923799743,0.5,1,27
2025,579,France,Female,33,1,65667.79,2,0,0,164608.98,0.39892957887486524,1.0,0,33
2025,748,France,Male,38,4,115221.36,1,0,1,70956.75,1.6238023330784868,0.2,1,152
2025,639,France,Male,43,6,99610.92,2,1,0,187296.78,0.5318318241679105,0.2857142857142857,0,258
2025,605,France,Male,36,7,128829.25,1,1,0,190588.59,0.675951136680655,0.125,0,252
2025,796,Germany,Male,40,2,113228.38,2,1,1,46415.09,2.4394208990890878,0.6666666666666666,2,80
2025,704,France,Male,42,8,129735.3,2,1,1,179565.57,0.7224913857852272,0.2222222222222222,2,336
2025,707,Spain,Male,44,3,0.0,2,1,1,135077.01,0.0,0.5,2,132
2025,756,Germany,Male,36,2,136815.64,1,1,1,170041.95,0.8045946038927224,0.3333333333333333,1,72
2025,730,France,Female,34,5,74197.38,2,1,0,96875.52,0.7658964215477599,0.3333333333333333,0,170
2025,781,France,Female,19,3,0.0,2,1,1,124297.32,0.0,0.5,2,57
2025,520,France,Female,29,8,95947.76,1,1,0,4696.44,20.425542423107053,0.1111111111111111,0,232
2025,670,France,Male,36,7,0.0,2,0,0,59571.5,0.0,0.25,0,252
2025,664,France,Male,48,10,0.0,1,1,0,140173.17,0.0,0.09090909090909091,0,480
2025,525,Spain,Female,47,6,118560.0,1,1,0,82522.61,1.4366797574657726,0.14285714285714285,0,282
2025,716,Germany,Male,41,8,126145.54,2,1,1,138051.19,0.9137525453236199,0.2222222222222222,2,328
2025,646,Germany,Female,30,10,100548.67,2,0,0,136983.77,0.7340134965368779,0.18181818181818182,0,300
2025,730,France,Female,47,7,0.0,1,1,0,33373.26,0.0,0.125,0,329
2025,643,Spain,Female,35,6,0.0,2,1,1,41549.64,0.0,0.2857142857142857,2,210
2025,710,Spain,Male,33,1,0.0,2,1,0,168313.17,0.0,1.0,0,33
2025,637,France,Male,60,3,0.0,2,1,1,70174.03,0.0,0.5,2,180
2025,539,France,Male,39,3,0.0,2,1,0,36692.17,0.0,0.5,0,117
2025,542,France,Female,31,3,0.0,2,1,1,115217.59,0.0,0.5,2,93
2025,643,Germany,Male,41,7,154902.66,1,1,1,49667.28,3.1187441964972415,0.125,1,287
2025,446,Spain,Female,45,10,125191.69,1,1,1,128260.86,0.9760632661962021,0.09090909090909091,1,450
2025,819,France,Female,39,9,133102.92,1,1,0,27046.46,4.921087599353138,0.1,0,351
2025,705,France,Female,49,7,0.0,1,1,0,63405.2,0.0,0.125,0,343
2025,503,Spain,Male,31,4,0.0,2,1,1,21645.06,0.0,0.4,2,124
2025,554,Spain,Male,46,4,0.0,2,0,1,57320.92,0.0,0.4,2,184
2025,850,France,Male,49,6,128663.9,1,1,0,65769.3,1.956261412826154,0.14285714285714285,0,294
2025,662,France,Male,26,0,0.0,2,0,1,72929.96,0.0,2.0,2,0
2025,593,France,Male,35,9,114193.24,1,1,0,71154.1,1.6048496875136147,0.1,0,315
2025,733,France,Male,51,10,141556.96,1,1,0,130189.53,1.0873061197308282,0.09090909090909091,0,510
2025,444,France,Female,45,4,0.0,2,1,0,161653.5,0.0,0.4,0,180
2025,671,Germany,Female,34,6,37266.67,2,0,0,156917.12,0.23749118329992738,0.2857142857142857,0,204
2025,743,France,Male,32,9,0.0,2,1,0,175252.78,0.0,0.2,0,288
2025,750,Spain,Female,33,3,161801.47,1,0,1,153288.97,1.055525485457398,0.25,1,99
2025,697,Spain,Female,25,5,82931.85,2,1,1,128373.88,0.646013067353987,0.3333333333333333,2,125
2025,666,France,Male,30,7,109805.3,1,0,1,163625.56,0.6710725935936073,0.125,1,210
2025,575,Spain,Female,37,0,0.0,2,0,0,30114.32,0.0,2.0,0,0
2025,806,France,Female,32,3,63763.49,1,1,0,156593.09,0.4071896327632799,0.25,0,96
2025,437,France,Male,49,9,111634.29,2,0,1,166440.32,0.670712597088271,0.2,2,441
2025,560,France,Female,30,0,108883.29,1,1,0,27914.95,3.9003970848206846,1.0,0,0
2025,577,France,Female,34,2,0.0,2,1,1,84033.35,0.0,0.6666666666666666,2,68
2025,672,Spain,Male,43,5,0.0,2,1,1,64515.5,0.0,0.3333333333333333,2,215
2025,594,Germany,Female,32,4,120074.97,2,1,1,162961.79,0.7368244615841444,0.4,2,128
2025,771,Germany,Male,32,9,77487.2,1,0,0,33143.04,2.337892423494541,0.1,0,288
2025,673,Germany,Male,36,5,73088.06,2,0,0,196142.26,0.3726259061871409,0.3333333333333333,0,180
2025,711,France,Female,35,8,0.0,1,1,1,67508.01,0.0,0.1111111111111111,1,280
2025,682,France,Female,42,0,0.0,1,0,1,91981.85,0.0,1.0,1,0
2025,539,Spain,Male,28,5,0.0,2,1,0,48382.4,0.0,0.3333333333333333,0,140
2025,774,France,Male,60,5,85891.55,1,1,0,74135.48,1.1585598614878938,0.16666666666666666,0,300
2025,560,Spain,Female,31,5,125341.69,1,1,0,79547.39,1.5756659562814535,0.16666666666666666,0,155
2025,834,France,Female,49,8,160602.25,2,1,0,129273.94,1.242330880215454,0.2222222222222222,0,392
2025,592,France,Female,66,5,149950.19,1,1,1,76267.59,1.9660805319725985,0.16666666666666666,1,330
2025,639,Spain,Male,34,7,149940.04,2,0,0,156648.81,0.9571670722103015,0.25,0,238
2025,670,Spain,Male,43,1,97792.21,1,0,0,120225.62,0.8133989793608105,0.5,0,43
2025,668,Germany,Female,39,0,122104.79,1,1,0,112946.67,1.0810740053336203,1.0,0,0
2025,704,France,Male,31,5,132084.66,3,1,1,54474.48,2.4246626188516376,0.5,3,155
2025,663,Spain,Female,28,8,61274.7,2,1,0,136054.45,0.45036564136166535,0.2222222222222222,0,224
2025,595,Spain,Female,23,10,101126.66,2,0,0,37042.8,2.72992133636398,0.18181818181818182,0,230
2025,850,France,Male,30,6,86449.39,1,1,1,188809.23,0.45786390917483655,0.14285714285714285,1,180
2025,767,Spain,Male,47,5,0.0,1,1,0,121964.46,0.0,0.16666666666666666,0,235
2025,850,Germany,Female,27,8,111837.78,2,1,1,110805.79,1.009304393710891,0.2222222222222222,2,216
2025,609,France,Male,32,7,71872.19,1,1,1,151924.9,0.47307397882783647,0.125,1,224
2025,850,France,Female,35,2,128548.49,4,1,0,75478.95,1.7030812818503458,1.3333333333333333,0,70
2025,647,Germany,Male,52,7,130013.12,1,1,1,190806.36,0.6813841981776804,0.125,1,364
2025,489,Germany,Male,38,2,126444.08,2,1,1,82662.73,1.5296198223815936,0.6666666666666666,2,76
2025,553,France,Male,33,4,118082.89,1,0,0,94440.45,1.250329066315691,0.2,0,132
2025,677,Germany,Male,28,0,143988.0,2,1,0,8755.69,16.443199428094406,2.0,0,0
2025,690,Germany,Male,31,2,137260.45,2,1,0,55387.28,2.478149709649767,0.6666666666666666,0,62
2025,683,France,Male,43,2,112499.42,2,1,0,30375.18,3.7035407348784473,0.6666666666666666,0,86
2025,602,Germany,Male,35,7,90602.42,2,1,1,51695.41,1.7525863014472376,0.25,2,245
2025,647,Spain,Male,32,9,80958.36,1,1,1,128590.73,0.629576723168745,0.1,1,288
2025,655,France,Female,32,2,0.0,1,1,1,71047.51,0.0,0.3333333333333333,1,64
2025,501,France,Male,42,9,114631.23,1,0,1,91429.74,1.2537493407578237,0.1,1,378
2025,829,France,Female,22,7,150126.44,1,1,0,152107.93,0.9869666429183349,0.125,0,154
2025,552,Spain,Male,55,3,0.0,1,1,1,40333.94,0.0,0.25,1,165
2025,717,Germany,Female,64,10,98362.35,2,1,1,21630.21,4.54724215612534,0.18181818181818182,2,640
2025,520,France,Male,30,3,143396.54,2,1,1,898.51,159.41628219808564,0.5,2,90
2025,710,Germany,Male,58,7,170113.0,2,0,1,10494.64,16.20796826110652,0.25,2,406
2025,655,Germany,Male,41,8,125561.97,1,0,0,164040.94,0.76542602458859,0.1111111111111111,0,328
2025,750,Spain,Female,39,7,119565.92,1,1,0,87067.73,1.3732360630504201,0.125,0,273
2025,726,France,Female,24,6,0.0,2,1,1,54724.03,0.0,0.2857142857142857,2,144
2025,417,France,Male,34,7,0.0,2,1,0,55003.79,0.0,0.25,0,238
2025,529,Spain,Male,35,5,0.0,2,1,1,187288.5,0.0,0.3333333333333333,2,175
2025,669,Spain,Male,22,10,0.0,2,1,0,176163.74,0.0,0.18181818181818182,0,220
2025,575,Spain,Female,37,9,133292.45,1,1,0,111175.09,1.198930903218489,0.1,0,333
2025,593,Spain,Male,35,4,161637.75,1,1,1,20008.46,8.078066574510258,0.2,1,140
2025,645,Spain,Male,44,8,113755.78,2,1,0,149756.71,0.7595988213227887,0.2222222222222222,0,352
2025,741,France,Male,42,6,106036.52,1,1,0,194686.78,0.5446490786427376,0.14285714285714285,0,252
2025,607,France,Female,39,10,0.0,3,1,0,132741.13,0.0,0.2727272727272727,0,390
2025,443,France,Female,35,9,108308.0,1,1,0,129031.19,0.839387442776876,0.1,0,315
2025,790,Germany,Female,25,5,152885.77,1,1,0,58214.79,2.6261907637086086,0.16666666666666666,0,125
2025,737,France,Male,44,7,0.0,2,0,0,57898.58,0.0,0.25,0,308
2025,639,Germany,Male,35,10,128173.9,2,1,0,59093.39,2.168969000272276,0.18181818181818182,0,350
2025,850,Germany,Female,26,8,123126.29,1,1,0,74425.41,1.6543360078767737,0.1111111111111111,0,208
2025,591,Spain,Female,40,1,86376.29,1,0,1,136767.16,0.6315526216043266,0.5,1,40
2025,797,France,Female,29,1,0.0,2,1,1,132975.39,0.0,1.0,2,29
2025,599,France,Male,30,9,105443.68,1,1,1,121124.53,0.870532248651461,0.1,1,270
2025,635,France,Female,40,10,123497.58,1,1,0,131953.23,0.9359122477543917,0.09090909090909091,0,400
2025,596,Germany,Male,54,1,123544.0,1,1,1,120314.75,1.0268314829937062,0.5,1,54
2025,710,Germany,Male,49,10,129164.88,1,1,1,193266.72,0.6683210212238236,0.09090909090909091,1,490
2025,678,Spain,Male,28,5,138668.18,1,1,1,54144.01,2.561051886406522,0.16666666666666666,1,140
2025,613,Germany,Male,59,8,91415.76,1,0,0,27965.0,3.268817850246728,0.1111111111111111,0,472
2025,696,Germany,Male,32,8,101160.99,1,1,1,115916.55,0.8726977925258083,0.1111111111111111,1,256
2025,676,France,Male,30,1,128207.23,1,1,1,55400.17,2.3141610547214073,0.5,1,30
2025,623,France,Male,28,7,0.0,1,0,0,129526.57,0.0,0.125,0,196
2025,729,Spain,Female,28,0,0.0,2,1,1,31165.06,0.0,2.0,2,0
2025,718,France,Male,48,9,0.0,2,1,1,72105.63,0.0,0.2,2,432
2025,850,Spain,Male,28,9,97408.03,1,1,1,175853.64,0.5539121970281818,0.1,1,252
2025,615,France,Male,34,1,83503.11,2,1,1,73124.53,1.141914595354044,1.0,2,34
2025,685,Germany,Male,57,7,101868.51,1,0,1,113483.96,0.8976388589289717,0.125,1,399
2025,485,France,Male,41,2,100254.76,2,1,1,12706.67,7.8893109437056514,0.6666666666666666,2,82
2025,630,Germany,Male,50,3,129370.91,4,1,1,47775.34,2.7078447197922655,1.0,4,150
2025,744,Spain,Female,30,1,124037.28,1,1,1,142210.94,0.8722001823475581,0.5,1,30
2025,584,France,Male,49,8,172713.44,1,1,0,113860.81,1.5168689132905933,0.1111111111111111,0,392
2025,715,Germany,Female,37,9,105489.31,1,0,0,143096.49,0.7371849079952416,0.1,0,333
2025,850,Germany,Male,44,3,140393.65,2,0,1,186285.52,0.7536436345474702,0.5,2,132
2025,628,Germany,Male,33,8,152143.89,1,1,1,32174.03,4.728632420855552,0.1111111111111111,1,264
2025,835,France,Male,28,2,163569.61,2,1,1,154559.28,1.05829007297347,0.6666666666666666,2,56
2025,717,France,Female,22,5,112465.06,1,1,1,92977.75,1.209578102523426,0.16666666666666666,1,110
2025,744,Spain,Male,44,5,120654.68,1,1,0,82290.81,1.4661808994114967,0.16666666666666666,0,220
2025,671,Germany,Male,51,3,96891.46,1,1,0,176403.33,0.5492578328434455,0.25,0,153
2025,688,Germany,Male,26,8,146133.39,1,1,1,175296.76,0.8336295341138416,0.1111111111111111,1,208
2025,705,France,Male,38,1,189443.72,1,0,1,106648.58,1.7763194191669578,0.5,1,38
2025,762,France,Female,44,7,159316.64,1,0,0,24780.13,6.428949769441507,0.125,0,308
2025,430,Germany,Female,66,6,135392.31,2,1,1,172852.06,0.783279798460033,0.2857142857142857,2,396
2025,573,France,Male,40,7,147754.68,1,1,1,110454.46,1.337685615541323,0.125,1,280
2025,724,France,Male,31,5,0.0,1,1,0,134889.95,0.0,0.16666666666666666,0,155
2025,758,France,Female,33,7,0.0,1,1,0,188156.34,0.0,0.125,0,231
2025,738,France,Female,38,7,0.0,2,0,0,69227.42,0.0,0.25,0,266
2025,694,France,Female,22,4,0.0,2,1,1,11525.72,0.0,0.4,2,88
2025,581,France,Female,55,6,0.0,1,1,1,22442.13,0.0,0.14285714285714285,1,330
2025,627,France,Male,27,1,62092.9,1,1,1,105887.04,0.5864014481711061,0.5,1,27
2025,712,France,Female,32,1,0.0,2,1,0,1703.58,0.0,1.0,0,32
2025,581,Germany,Female,43,5,93259.57,3,1,0,141035.65,0.6612435136540751,0.5,0,215
2025,670,Germany,Female,35,2,79585.96,1,0,1,198802.9,0.40032393730706495,0.3333333333333333,1,70
2025,846,France,Female,37,6,127103.97,1,1,1,41516.44,3.0614597142791076,0.14285714285714285,1,222
2025,652,France,Female,37,4,92208.54,1,0,1,197699.8,0.4664044859707194,0.2,1,148
2025,632,Spain,Male,37,1,138207.08,1,1,0,60778.11,2.2739240505496046,0.5,0,37
2025,611,France,Female,40,2,125879.29,1,1,0,93203.43,1.3505719631566868,0.3333333333333333,0,80
2025,478,France,Female,38,4,171913.87,1,1,0,51820.87,3.3173999703214103,0.2,0,152
2025,623,France,Female,39,1,160903.2,1,0,0,78774.36,2.0425574697468853,0.5,0,39
2025,595,France,Male,31,4,0.0,2,1,0,189995.86,0.0,0.4,0,124
2025,584,France,Male,36,9,0.0,1,1,1,105818.51,0.0,0.1,1,324
2025,678,France,Female,22,6,118064.93,2,1,1,195424.01,0.6041444234798811,0.2857142857142857,2,132
2025,724,Germany,Female,33,9,119278.44,1,1,1,197148.24,0.6050159767291013,0.1,1,297
2025,702,France,Female,46,9,98444.19,1,0,1,109563.28,0.8985062467439205,0.1,1,414
2025,778,France,Male,34,5,139064.06,2,0,0,67949.32,2.0465548948113854,0.3333333333333333,0,170
2025,627,Spain,Female,30,6,0.0,1,1,1,113408.47,0.0,0.14285714285714285,1,180
2025,624,Germany,Female,45,5,151855.33,1,1,0,68794.15,2.207355169659489,0.16666666666666666,0,225
2025,793,France,Male,63,4,103729.79,2,1,1,80272.06,1.2922117333013092,0.4,2,252
2025,550,Germany,Male,29,9,145294.08,2,1,0,147484.13,0.9851439260351195,0.2,0,261
2025,678,Spain,Male,38,3,124483.53,1,1,0,126253.31,0.9859744986131562,0.25,0,114
2025,796,France,Male,44,8,165326.2,1,1,1,57205.55,2.8899872479637385,0.1111111111111111,1,352
2025,539,France,Male,20,0,83459.86,1,1,1,146752.67,0.5687071403393182,1.0,1,0
2025,679,Spain,Male,58,9,109327.65,1,1,1,3829.13,28.544109468869202,0.1,1,522
2025,488,France,Male,43,10,112751.13,1,1,1,28332.0,3.97949846468782,0.09090909090909091,1,430
2025,692,France,Female,42,2,0.0,2,1,0,145222.93,0.0,0.6666666666666666,0,84
2025,714,Germany,Male,33,3,35016.6,1,1,0,53667.08,0.6524660468569026,0.25,0,99
2025,633,Spain,Male,32,5,163340.12,2,1,1,74415.2,2.194953786944241,0.3333333333333333,2,160
2025,653,Spain,Female,27,6,107751.68,2,1,1,33389.42,3.227023799041761,0.2857142857142857,2,162
2025,750,France,Male,37,3,0.0,2,1,0,16870.2,0.0,0.5,0,111
2025,780,Spain,Male,47,7,86006.21,1,1,1,37973.13,2.2648632108227367,0.125,1,329
2025,610,Spain,Male,29,9,0.0,3,0,1,83912.24,0.0,0.3,3,261
2025,775,Spain,Male,48,4,178144.91,2,0,0,50168.41,3.5508671519158783,0.4,0,192
2025,763,Spain,Male,67,9,148564.66,1,0,1,87236.4,1.7029927531081854,0.1,1,603
2025,657,Spain,Male,36,8,0.0,2,0,1,123866.43,0.0,0.2222222222222222,2,288
2025,705,Spain,Male,44,0,184552.12,1,1,0,68860.3,2.6800557061803945,1.0,0,0
2025,584,Germany,Female,41,3,88594.93,1,1,0,178997.89,0.4949468122400088,0.25,0,123
2025,527,Spain,Female,36,6,0.0,2,1,1,102280.29,0.0,0.2857142857142857,2,216
2025,661,Spain,Male,39,6,132628.98,1,0,0,38812.67,3.41706878014885,0.14285714285714285,0,234
2025,584,Spain,Male,32,9,85534.83,1,0,0,169137.24,0.5057095899779968,0.1,0,288
2025,626,Spain,Male,29,7,0.0,2,1,0,49361.84,0.0,0.25,0,203
2025,611,France,Male,27,7,0.0,2,1,1,157474.1,0.0,0.25,2,189
2025,611,Germany,Female,43,9,127216.31,2,0,1,17913.25,7.101403072972634,0.2,2,387
2025,710,Germany,Female,24,7,103099.17,2,1,0,173276.62,0.5949941486961791,0.25,0,168
2025,552,Germany,Male,33,3,144962.74,1,1,0,58844.84,2.4634322494164413,0.25,0,99
2025,726,Germany,Female,51,8,107494.86,2,1,0,140937.91,0.762705345174019,0.2222222222222222,0,408
2025,624,France,Male,80,3,0.0,1,1,1,65801.44,0.0,0.25,1,240
2025,628,France,Male,45,9,0.0,2,1,1,96862.56,0.0,0.2,2,405
2025,622,Spain,Female,46,4,107073.27,2,1,1,30984.59,3.455582740235058,0.4,2,184
2025,607,Spain,Female,36,4,98266.3,1,1,1,46416.36,2.1170161336189737,0.2,1,144
2025,501,France,Female,41,3,144260.5,1,1,0,172114.67,0.8381601744919565,0.25,0,123
2025,609,France,Male,40,6,0.0,2,1,1,97416.34,0.0,0.2857142857142857,2,240
2025,598,Spain,Female,64,1,62979.93,1,1,1,152273.57,0.4135945351873264,0.5,1,64
2025,810,France,Female,51,5,0.0,2,0,1,184524.74,0.0,0.3333333333333333,2,255
2025,596,Germany,Male,32,3,96709.07,2,0,0,41788.37,2.31420263095615,0.5,0,96
2025,629,Spain,Male,39,5,0.0,2,0,0,116748.14,0.0,0.3333333333333333,0,195
2025,629,Spain,Male,29,6,0.0,2,1,1,88842.8,0.0,0.2857142857142857,2,174
2025,682,France,Male,26,8,0.0,2,1,0,178373.43,0.0,0.2222222222222222,0,208
2025,690,France,Male,33,5,0.0,2,1,0,138017.68,0.0,0.3333333333333333,0,165
2025,585,France,Female,67,5,113978.97,2,0,1,93146.11,1.2236447271418298,0.3333333333333333,2,335
2025,441,France,Male,60,1,140614.15,1,0,1,174381.23,0.806355957255507,0.5,1,60
2025,731,France,Female,36,6,0.0,1,0,0,152128.36,0.0,0.14285714285714285,0,216
2025,615,Germany,Male,24,8,108528.07,2,0,0,179488.41,0.6046488759420403,0.2222222222222222,0,192
2025,534,France,Female,55,8,116973.26,3,1,0,122066.5,0.958267024392242,0.3333333333333333,0,440
2025,647,Spain,Female,44,5,0.0,3,1,1,174205.22,0.0,0.5,3,220
2025,511,Germany,Female,41,8,153895.65,1,1,1,39087.42,3.937116158698663,0.1111111111111111,1,328
2025,632,France,Female,44,3,133793.89,1,1,1,34607.14,3.865965925935344,0.25,1,132
2025,673,France,Male,47,1,0.0,2,0,0,108762.16,0.0,1.0,0,47
2025,663,Germany,Male,42,7,115930.87,1,1,0,19862.78,5.836294501852115,0.125,0,294
2025,639,Spain,Male,38,9,130233.14,1,1,1,81861.1,1.5908844263706892,0.1,1,342
2025,499,Spain,Female,53,1,75225.53,2,0,0,144849.1,0.5193336421583415,1.0,0,53
2025,808,France,Male,24,4,122168.65,1,1,0,174107.04,0.7016829894817034,0.2,0,96
2025,705,France,Female,38,3,123894.43,1,1,0,21177.1,5.850120171309041,0.25,0,114
2025,535,France,Male,47,0,160729.1,1,0,1,145986.35,1.1009796396742595,1.0,1,0
2025,626,France,Female,32,0,0.0,2,0,0,187172.54,0.0,2.0,0,0
2025,484,Germany,Female,55,8,149349.58,3,0,0,137519.92,1.0860135316139534,0.3333333333333333,0,440
2025,680,France,Male,31,1,0.0,2,1,1,3148.2,0.0,1.0,2,31
2025,685,France,Male,33,6,174912.72,1,1,1,43932.54,3.9813026676202283,0.14285714285714285,1,198
2025,833,Germany,Male,29,1,96462.25,2,0,1,48986.18,1.969132536308479,1.0,2,29
2025,762,Spain,Female,43,5,134204.67,1,1,1,139971.01,0.9587964765241279,0.16666666666666666,1,215
2025,668,France,Male,32,7,0.0,2,1,1,777.37,0.0,0.25,2,224
2025,592,Spain,Male,35,6,80285.16,1,1,0,72678.75,1.1046427650067592,0.14285714285714285,0,210
2025,587,France,Male,38,0,0.0,2,1,0,47414.15,0.0,2.0,0,0
2025,554,France,Female,35,8,0.0,2,1,1,176779.46,0.0,0.2222222222222222,2,280
2025,585,Spain,Female,33,8,0.0,2,1,0,114182.07,0.0,0.2222222222222222,0,264
2025,770,Germany,Female,46,5,141788.63,2,0,0,164967.21,0.8594906254968762,0.3333333333333333,0,230
2025,712,France,Female,29,8,140170.61,1,1,1,38170.04,3.672171625399779,0.1111111111111111,1,232
2025,840,Spain,Female,36,6,0.0,2,1,0,141364.27,0.0,0.2857142857142857,0,216
2025,544,France,Female,64,3,124043.8,1,1,1,111402.97,1.1134594215987097,0.25,1,192
2025,620,Germany,Male,39,9,159492.79,1,1,0,80582.34,1.9792278403948014,0.1,0,351
2025,656,France,Male,39,10,0.0,2,1,1,98894.64,0.0,0.18181818181818182,2,390
2025,749,France,Female,26,6,0.0,2,0,1,34948.77,0.0,0.2857142857142857,2,156
2025,445,France,Male,64,2,136770.67,1,0,1,43678.06,3.1312640427701517,0.3333333333333333,1,128
2025,700,France,Male,38,8,134811.3,1,1,0,1299.75,103.64120699596386,0.1111111111111111,0,304
2025,727,Germany,Male,40,1,93051.64,2,1,0,71865.31,1.2947880585492701,1.0,0,40
2025,817,Germany,Male,58,3,114327.59,2,1,1,42831.11,2.6692028480502126,0.5,2,174
2025,593,Spain,Male,26,9,76226.9,1,1,0,167564.82,0.45490721198392364,0.1,0,234
2025,487,France,Male,53,4,199689.49,1,1,1,24207.86,8.248611871851875,0.2,1,212
2025,687,Spain,Female,72,4,0.0,2,1,1,50267.69,0.0,0.4,2,288
2025,625,Germany,Female,39,10,129845.26,1,1,1,96444.88,1.3463017808536766,0.09090909090909091,1,390
2025,697,Germany,Female,74,3,108071.36,2,1,1,16445.79,6.570969775865077,0.5,2,222
2025,740,France,Female,37,5,0.0,2,1,1,27528.4,0.0,0.3333333333333333,2,185
2025,628,Spain,Female,22,3,0.0,1,1,0,85426.28,0.0,0.25,0,66
2025,627,Spain,Male,48,1,132759.8,1,1,0,78899.22,1.6826290218202178,0.5,0,48
2025,713,France,Female,42,3,0.0,2,0,0,82565.01,0.0,0.5,0,126
2025,721,Germany,Male,37,4,98459.6,1,0,0,90821.66,1.0840862841938346,0.2,0,148
2025,561,France,Male,21,4,0.0,1,1,1,36942.35,0.0,0.2,1,84
2025,586,Germany,Male,37,8,167735.69,2,0,1,104665.79,1.602568398247429,0.2222222222222222,2,296
2025,654,France,Female,35,2,90865.8,1,1,1,86764.46,1.0472577451903096,0.3333333333333333,1,70
2025,651,France,Male,23,10,0.0,2,1,1,170099.23,0.0,0.18181818181818182,2,230
2025,666,France,Male,47,2,0.0,1,1,0,35046.97,0.0,0.3333333333333333,0,94
2025,573,France,Female,36,1,0.0,1,1,1,56905.38,0.0,0.5,1,36
2025,635,Germany,Female,48,4,81556.89,2,1,0,191914.37,0.42496278437730134,0.4,0,192
2025,630,France,Male,55,2,0.0,1,1,1,106202.07,0.0,0.3333333333333333,1,110
2025,624,Spain,Male,33,6,0.0,2,0,0,76551.7,0.0,0.2857142857142857,0,198
2025,611,France,Male,68,5,82547.11,2,1,1,146448.01,0.5636576853609321,0.3333333333333333,2,340
2025,689,Spain,Female,31,4,0.0,2,1,1,136610.02,0.0,0.4,2,124
2025,681,France,Male,38,6,153722.47,1,1,0,101319.76,1.5171863100908443,0.14285714285714285,0,228
2025,692,Germany,Male,45,6,152296.83,4,0,1,108040.86,1.4096094791407698,0.5714285714285714,4,270
2025,547,France,Female,38,5,167539.97,1,0,1,159207.34,1.0523316178034392,0.16666666666666666,1,190
2025,772,France,Male,43,6,0.0,2,1,1,57675.88,0.0,0.2857142857142857,2,258
2025,745,Spain,Female,54,8,0.0,1,1,0,173912.29,0.0,0.1111111111111111,0,432
2025,668,France,Male,42,8,187534.79,1,1,1,32900.41,5.6999013112204,0.1111111111111111,1,336
2025,779,Spain,Female,26,4,174318.13,2,0,1,38296.21,4.551718780558688,0.4,2,104
2025,626,France,Female,44,2,0.0,1,0,1,173117.22,0.0,0.3333333333333333,1,88
2025,759,France,Female,33,9,160541.36,2,0,0,93541.14,1.716246389060588,0.2,0,297
2025,802,France,Male,29,9,127414.55,1,1,1,134459.12,0.9476010433428143,0.1,1,261
2025,751,Germany,Female,37,0,151218.98,1,1,1,109309.29,1.3833919935625458,1.0,1,0
2025,688,France,Male,20,8,137624.4,2,1,1,197582.79,0.696536897080474,0.2222222222222222,2,160
2025,850,France,Male,31,6,67996.23,2,0,0,50129.87,1.3563744255784906,0.2857142857142857,0,186
2025,647,France,Male,35,4,123761.68,1,1,0,83910.4,1.4749090111713068,0.2,0,140
2025,733,France,Male,39,1,0.0,2,1,1,141841.31,0.0,1.0,2,39
2025,735,Germany,Male,46,2,106344.95,1,1,0,114371.33,0.9298136183812991,0.3333333333333333,0,92
2025,645,Spain,Female,49,5,110132.55,3,0,1,187689.91,0.586776152345364,0.5,3,245
2025,812,France,Male,29,6,0.0,2,0,0,168023.6,0.0,0.2857142857142857,0,174
2025,649,Germany,Male,24,7,101195.23,1,0,0,133091.32,0.7603386130769979,0.125,0,168
2025,570,France,Male,30,2,131406.56,1,1,1,47952.45,2.7402941811277395,0.3333333333333333,1,60
2025,691,Germany,Male,38,9,163965.69,2,0,1,103511.26,1.5840219313151893,0.2,2,342
2025,581,Germany,Male,40,0,101016.53,1,0,1,7926.35,12.742786681551841,1.0,1,0
2025,722,Spain,Male,43,1,0.0,1,1,0,44560.17,0.0,0.5,0,43
2025,587,Germany,Male,35,5,121863.61,1,1,1,23481.69,5.189508101499445,0.16666666666666666,1,175
2025,717,France,Male,48,7,123764.95,1,1,1,169952.82,0.7282269383530184,0.125,1,336
2025,559,Germany,Female,36,1,104356.94,2,0,1,54184.06,1.9259356730434554,1.0,2,36
2025,706,Spain,Male,53,7,0.0,2,0,1,117939.17,0.0,0.25,2,371
2025,620,France,Male,28,8,0.0,2,1,1,199909.32,0.0,0.2222222222222222,2,224
2025,560,France,Female,66,9,0.0,1,1,1,15928.49,0.0,0.1,1,594
2025,551,France,Male,42,2,139561.46,1,1,0,43435.43,3.213004844090548,0.3333333333333333,0,84
2025,567,France,Female,23,9,93522.2,1,0,1,81425.61,1.1485459114655516,0.1,1,207
2025,628,France,Female,31,6,175443.75,1,1,0,113167.17,1.550292365777409,0.14285714285714285,0,186
2025,686,France,Female,35,8,105419.73,1,1,0,35356.46,2.9815413776894606,0.1111111111111111,0,280
2025,635,France,Female,78,6,47536.4,1,1,1,119400.08,0.39812370206366643,0.14285714285714285,1,468
2025,542,Germany,Male,25,8,139330.1,1,0,0,54372.37,2.5624694588545824,0.1111111111111111,0,200
2025,689,Spain,Male,38,5,75075.14,1,1,1,8651.92,8.676278065670317,0.16666666666666666,1,190
2025,715,France,Female,31,2,112212.14,2,1,1,181600.72,0.6179024075322634,0.6666666666666666,2,62
2025,592,France,Male,42,1,147249.29,2,1,1,63023.02,2.336399518786647,1.0,2,42
2025,518,Germany,Male,29,9,125961.74,2,1,0,160303.08,0.7857675238209784,0.2,0,261
2025,763,France,Female,53,4,0.0,1,1,0,77203.72,0.0,0.2,0,212
2025,579,Germany,Female,50,5,117721.02,1,0,1,192146.63,0.6126592349850998,0.16666666666666666,1,250
2025,656,France,Male,40,2,0.0,2,1,1,180553.48,0.0,0.6666666666666666,2,80
2025,752,Spain,Male,36,2,0.0,2,1,1,45570.84,0.0,0.6666666666666666,2,72
2025,667,Germany,Male,32,0,103846.65,1,1,0,20560.69,5.050491958589007,1.0,0,0
2025,479,Germany,Male,24,6,107637.97,2,0,1,169505.83,0.6350066838014728,0.2857142857142857,2,144
2025,636,France,Male,44,2,0.0,2,0,0,86414.41,0.0,0.6666666666666666,0,88
2025,837,Germany,Male,37,6,94001.61,2,1,0,140723.05,0.667985394109962,0.2857142857142857,0,222
2025,671,France,Male,30,2,0.0,1,0,1,102057.86,0.0,0.3333333333333333,1,60
2025,607,France,Male,31,8,0.0,2,1,1,43196.5,0.0,0.2222222222222222,2,248
2025,676,Spain,Male,27,4,0.0,1,0,1,107955.67,0.0,0.2,1,108
2025,663,Germany,Male,32,3,108586.86,1,1,1,182355.21,0.595465654830181,0.25,1,96
2025,746,France,Male,58,3,0.0,3,1,1,80344.96,0.0,0.75,3,174
2025,580,Germany,Male,35,9,121355.19,1,0,1,35671.45,3.401930341201684,0.1,1,315
2025,579,Germany,Female,42,3,137560.38,2,1,1,85424.34,1.6102994732008091,0.5,2,126
2025,690,Germany,Male,44,9,100368.63,2,0,0,35342.33,2.8398181495631567,0.2,0,396
2025,731,France,Male,19,6,0.0,2,1,1,151581.79,0.0,0.2857142857142857,2,114
2025,472,Spain,Female,28,4,0.0,2,1,0,1801.77,0.0,0.4,0,112
2025,762,Germany,Male,34,4,88815.56,2,1,0,68562.26,1.295381228955566,0.4,0,136
2025,606,Germany,Male,45,5,63832.43,1,1,1,93707.8,0.6811786086258708,0.16666666666666666,1,225
2025,675,France,Male,28,9,0.0,1,1,0,134110.93,0.0,0.1,0,252
2025,690,Spain,Female,26,2,0.0,2,1,1,93255.85,0.0,0.6666666666666666,2,52
2025,479,Spain,Male,35,4,125920.98,1,1,1,20393.44,6.17427985274418,0.2,1,140
2025,616,Germany,Female,43,7,95984.21,1,0,1,115262.54,0.8327369608811253,0.125,1,301
2025,541,France,Male,39,7,0.0,2,1,0,19823.02,0.0,0.25,0,273
2025,455,France,Male,40,1,0.0,3,0,1,129975.34,0.0,1.5,3,40
2025,610,Spain,Female,45,3,0.0,1,1,0,38276.84,0.0,0.25,0,135
2025,638,Spain,Male,41,7,0.0,2,1,0,43889.41,0.0,0.25,0,287
2025,533,France,Female,39,2,0.0,1,0,1,73669.94,0.0,0.3333333333333333,1,78
2025,753,Germany,Female,35,5,82453.96,2,0,0,18254.75,4.516602166440711,0.3333333333333333,0,175
2025,712,France,Female,29,3,87375.78,2,0,0,166194.53,0.5257408547630613,0.5,0,87
2025,608,Spain,Male,27,4,153325.1,1,1,1,199953.33,0.7668005989167627,0.2,1,108
2025,631,France,Female,33,8,0.0,2,0,0,117374.22,0.0,0.2222222222222222,0,264
2025,651,France,Female,65,0,0.0,2,1,1,190454.04,0.0,2.0,2,0
2025,702,France,Female,40,1,103549.24,1,0,0,9712.52,10.660320872351114,0.5,0,40
2025,561,France,Female,22,6,186788.96,2,1,0,73286.8,2.5487046957338055,0.2857142857142857,0,132
2025,704,Spain,Female,37,9,155619.58,1,1,1,135088.58,1.151973231392088,0.1,1,333
2025,712,Spain,Male,53,2,111061.01,2,0,0,26542.17,4.184165267373867,0.6666666666666666,0,106
2025,841,Spain,Male,41,1,0.0,2,0,1,193093.77,0.0,1.0,2,41
2025,557,Spain,Male,42,4,0.0,2,0,1,86642.38,0.0,0.4,2,168
2025,578,France,Male,45,1,148600.91,1,1,0,143397.14,1.0362819908263803,0.5,0,45
2025,560,France,Female,27,5,0.0,2,1,0,131919.48,0.0,0.3333333333333333,0,135
2025,782,Spain,Male,52,4,0.0,1,1,1,52759.82,0.0,0.2,1,208
2025,850,Spain,Female,24,1,0.0,2,0,1,69052.87,0.0,1.0,2,24
2025,561,Spain,Female,33,6,0.0,2,1,0,45261.47,0.0,0.2857142857142857,0,198
2025,480,Spain,Male,47,8,75408.33,1,1,0,25887.89,2.9127679865764815,0.1111111111111111,0,376
2025,693,France,Male,38,7,198338.77,2,1,1,14278.18,13.890067216744939,0.25,2,266
2025,698,Spain,Female,50,1,0.0,4,1,0,88566.9,0.0,2.0,0,50
2025,646,France,Female,51,4,101629.3,1,0,0,130541.1,0.7785174284770966,0.2,0,204
2025,775,France,Female,30,10,191091.74,2,1,1,96170.38,1.9869917640778367,0.18181818181818182,2,300
2025,572,France,Female,36,8,68348.18,2,0,1,50400.32,1.3560791661805682,0.2222222222222222,2,288
2025,660,France,Male,38,4,0.0,2,0,0,88080.43,0.0,0.4,0,152
2025,701,Germany,Male,36,7,95448.32,2,1,0,189085.07,0.5047876874272124,0.25,0,252
2025,741,Germany,Male,38,4,128015.83,1,1,0,58440.43,2.19049790533873,0.2,0,152
2025,693,Spain,Male,28,1,145118.83,1,0,1,77742.38,1.8666390630301897,0.5,1,28
2025,638,Germany,Female,39,0,122501.28,2,1,1,95007.8,1.2893677217268296,2.0,2,0
2025,464,France,Male,46,6,161798.53,1,1,0,182944.47,0.8844085070813724,0.14285714285714285,0,276
2025,675,France,Female,38,6,68065.8,1,0,0,138777.0,0.49046534753347076,0.14285714285714285,0,228
2025,613,France,Female,46,8,167795.6,1,0,1,44390.38,3.779914028354154,0.1111111111111111,1,368
2025,685,Germany,Female,44,2,119657.53,1,1,0,145387.05,0.8230217682952623,0.3333333333333333,0,88
2025,622,France,Female,30,2,158584.82,3,1,0,142342.55,1.114099093355477,1.0,0,60
2025,572,France,Female,39,2,0.0,2,1,1,555.28,0.0,0.6666666666666666,2,78
2025,723,France,Male,42,2,99095.73,1,1,1,17512.53,5.65823851616436,0.3333333333333333,1,84
2025,520,Spain,Female,63,5,162278.32,1,1,1,34765.33,4.667686235504294,0.16666666666666666,1,315
2025,681,Germany,Female,48,8,139480.18,1,1,1,163581.67,0.8526586587686824,0.1111111111111111,1,384
2025,814,France,Female,31,6,87772.52,1,1,0,188516.45,0.4655936095040539,0.14285714285714285,0,186
2025,590,Spain,Female,34,6,0.0,2,1,0,171021.44,0.0,0.2857142857142857,0,204
2025,350,France,Male,51,10,0.0,1,1,1,125823.79,0.0,0.09090909090909091,1,510
2025,696,France,Male,52,6,139781.06,1,1,0,27445.4,5.0928741109945195,0.14285714285714285,0,312
2025,634,Germany,Male,24,8,103097.85,1,1,1,157577.29,0.6542643025254303,0.1111111111111111,1,192
2025,773,Spain,Male,63,9,111179.83,1,1,1,93091.02,1.1943003277831976,0.1,1,567
2025,649,France,Female,41,3,130931.83,1,1,1,144808.37,0.9041668367178174,0.25,1,123
2025,795,Germany,Female,33,9,104552.72,1,1,1,120853.83,0.865109983605951,0.1,1,297
2025,661,Germany,Female,64,8,128751.65,2,1,0,189398.18,0.6797899019414974,0.2222222222222222,0,512
2025,733,Germany,Male,45,2,113939.36,2,1,0,3218.71,35.38808153529355,0.6666666666666666,0,90
2025,850,France,Female,37,7,153147.75,1,1,1,152235.3,1.0059870740421306,0.125,1,259
2025,580,France,Female,39,9,128362.59,1,1,0,86044.98,1.4917906681985609,0.1,0,351
2025,813,Germany,Male,30,1,116416.94,1,0,1,85808.22,1.356695003170988,0.5,1,30
2025,641,France,Female,26,4,91547.84,2,0,1,28157.34,3.251180289747194,0.4,2,104
2025,664,France,Male,57,1,0.0,2,1,1,56562.57,0.0,1.0,2,57
2025,684,France,Female,41,6,135203.81,2,1,1,121967.88,1.1085107119127435,0.2857142857142857,2,246
2025,794,France,Female,62,9,123681.32,3,1,0,173586.63,0.7125007697841143,0.3,0,558
2025,740,France,Female,51,4,0.0,2,1,1,178929.84,0.0,0.4,2,204
2025,519,Spain,Female,47,6,157296.02,2,0,0,147278.43,1.068010787385584,0.2857142857142857,0,282
2025,823,France,Male,34,3,105057.33,1,1,0,9217.92,11.395839208931198,0.25,0,102
2025,686,France,Male,34,6,146178.13,2,1,1,88837.11,1.6454439429204426,0.2857142857142857,2,204
2025,668,Germany,Male,39,4,79896.0,1,1,0,38466.39,2.0769800082615433,0.2,0,156
2025,530,France,Male,52,1,106723.28,1,0,0,109960.4,0.9705522119580144,0.5,0,52
2025,736,Germany,Female,25,9,81732.88,2,1,0,136497.28,0.5987832227629535,0.2,0,225
2025,602,France,Female,35,5,0.0,2,1,0,31050.02,0.0,0.3333333333333333,0,175
2025,602,France,Male,49,0,191808.73,1,0,0,97640.2,1.9644241365325295,1.0,0,0
2025,590,France,Female,54,4,0.0,2,1,1,93820.49,0.0,0.4,2,216
2025,736,France,Female,30,9,0.0,2,1,0,34180.33,0.0,0.2,0,270
2025,668,Germany,Male,37,10,152958.29,2,1,1,159585.61,0.9584656883180864,0.18181818181818182,2,370
2025,605,Spain,Female,29,3,116805.82,1,0,0,4092.75,28.53271938931298,0.25,0,87
2025,678,Germany,Male,32,4,139626.01,1,1,1,118235.52,1.1809042586842036,0.2,1,128
2025,712,France,Male,33,3,153819.58,1,1,0,79176.09,1.9427283826672588,0.25,0,99
2025,617,Spain,Male,61,7,91070.43,1,1,1,101839.77,0.8942433369268515,0.125,1,427
2025,708,Germany,Male,21,8,133974.36,2,1,0,50294.09,2.663766184730955,0.2222222222222222,0,168
2025,720,France,Male,44,4,0.0,2,1,0,163471.01,0.0,0.4,0,176
2025,638,France,Female,42,7,165679.92,1,0,0,32916.29,5.03321871271906,0.125,0,294
2025,792,Germany,Male,36,5,115725.24,2,0,0,1871.25,61.81078381626386,0.3333333333333333,0,180
2025,660,France,Male,41,3,0.0,2,1,1,108665.89,0.0,0.5,2,123
2025,457,France,Female,33,7,127837.54,1,0,1,60013.17,2.130122602711993,0.125,1,231
2025,583,Germany,Female,32,7,94753.55,2,1,1,18149.03,5.220572638171949,0.25,2,224
2025,663,Germany,Female,46,6,95439.4,1,1,1,21038.58,4.53618370708921,0.14285714285714285,1,276
2025,479,France,Female,33,2,208165.53,1,0,0,50774.81,4.099698852662321,0.3333333333333333,0,66
2025,466,France,Female,36,5,119540.15,1,0,1,80603.99,1.4830365961214063,0.16666666666666666,1,180
2025,712,Spain,Female,30,6,0.0,2,1,0,152417.97,0.0,0.2857142857142857,0,180
2025,586,France,Female,35,7,0.0,2,1,0,70760.69,0.0,0.25,0,245
2025,639,Spain,Female,27,8,133806.54,2,1,0,6251.3,21.401170769156952,0.2222222222222222,0,216
2025,482,France,Male,38,4,124976.19,1,1,0,35848.12,3.4861717665594023,0.2,0,152
2025,596,France,Male,33,8,0.0,1,1,0,121189.3,0.0,0.1111111111111111,0,264
2025,719,France,Female,42,4,0.0,1,1,0,28465.86,0.0,0.2,0,168
2025,594,France,Male,38,4,0.0,2,0,0,186884.04,0.0,0.4,0,152
2025,756,France,Male,40,1,94773.11,1,1,0,114279.63,0.8293016060551993,0.5,0,40
2025,412,France,Male,29,5,0.0,2,0,0,12510.53,0.0,0.3333333333333333,0,145
2025,763,Spain,Male,37,8,0.0,2,1,1,933.38,0.0,0.2222222222222222,2,296
2025,634,Spain,Male,52,1,0.0,2,1,1,176913.42,0.0,1.0,2,52
2025,591,France,Male,43,3,0.0,2,0,1,198926.36,0.0,0.5,2,129
2025,605,Germany,Female,43,8,125338.8,2,1,0,23970.13,5.228739738176715,0.2222222222222222,0,344
2025,640,France,Female,33,1,167298.42,1,0,1,145381.65,1.1507454293892705,0.5,1,33
2025,590,Spain,Female,44,3,139432.37,1,1,0,62222.81,2.240820194070405,0.25,0,132
2025,675,France,Female,57,8,0.0,2,0,1,95463.29,0.0,0.2222222222222222,2,456
2025,733,France,Male,42,9,150507.21,1,0,1,169964.12,0.8855182169141527,0.1,1,378
2025,775,France,Male,40,9,126212.64,1,1,0,70196.57,1.7979630918848044,0.1,0,360
2025,728,Spain,Female,37,4,0.0,1,0,0,4539.38,0.0,0.2,0,148
2025,721,Spain,Female,46,7,137933.39,1,1,1,67976.57,2.0291015109836965,0.125,1,322
2025,698,France,Male,37,5,98400.61,2,0,0,25017.28,3.933148481830086,0.3333333333333333,0,185
2025,684,Spain,Female,42,3,103210.27,1,1,0,31002.03,3.3290381617538674,0.25,0,126
2025,642,Germany,Male,41,4,157777.58,1,1,0,67484.6,2.3379443910997306,0.2,0,164
2025,679,France,Male,36,6,147733.64,1,0,1,172501.38,0.8564150825049487,0.14285714285714285,1,216
2025,651,Spain,Female,63,8,129968.67,1,1,1,11830.53,10.984941930587167,0.1111111111111111,1,504
2025,491,Germany,Male,19,2,125860.2,1,0,0,129690.5,0.9704583569470628,0.3333333333333333,0,38
2025,586,Spain,Female,33,7,0.0,2,1,1,168261.4,0.0,0.25,2,231
2025,444,France,Male,34,2,144318.97,1,1,0,112668.06,1.2809103936786195,0.3333333333333333,0,68
2025,623,France,Female,37,4,140211.88,1,1,1,93832.33,1.4942652040591546,0.2,1,148
2025,531,Spain,Female,36,9,99240.51,1,1,0,123137.01,0.8059291359345502,0.1,0,324
2025,680,Germany,Male,30,4,108300.27,2,0,1,44384.57,2.439988266456869,0.4,2,120
2025,680,Germany,Female,42,7,105722.69,1,1,1,90558.24,1.1674423283587627,0.125,1,294
2025,498,France,Male,33,1,198113.86,1,1,0,69664.35,2.8437933635587846,0.5,0,33
2025,531,Germany,Female,42,6,88324.31,2,1,0,75248.75,1.173748882886654,0.2857142857142857,0,252
2025,545,France,Male,37,3,91184.01,1,1,0,105476.65,0.8644865523644109,0.25,0,111
2025,593,Spain,Male,27,10,0.0,3,0,0,94620.0,0.0,0.2727272727272727,0,270
2025,644,France,Male,30,5,44928.88,1,1,1,10771.46,4.170716809345312,0.16666666666666666,1,150
2025,583,France,Male,38,8,0.0,1,1,0,47848.56,0.0,0.1111111111111111,0,304
2025,778,France,Male,44,8,123863.64,1,1,0,144494.94,0.8572119050542181,0.1111111111111111,0,352
2025,751,Spain,Female,34,8,127095.14,2,0,0,479.54,264.48399716985057,0.2222222222222222,0,272
2025,562,France,Female,51,7,122822.0,2,0,0,32626.21,3.7644040051233314,0.25,0,357
2025,688,France,Male,40,6,0.0,1,1,1,47886.44,0.0,0.14285714285714285,1,240
2025,630,Spain,Male,35,1,0.0,2,0,0,186826.22,0.0,1.0,0,35
2025,672,France,Female,53,7,0.0,1,1,1,136910.18,0.0,0.125,1,371
2025,793,France,Female,63,9,116270.72,1,1,1,184243.25,0.6310683779819451,0.1,1,567
2025,480,France,Male,40,6,148790.61,1,0,1,79329.7,1.8755741472090879,0.14285714285714285,1,240
2025,692,France,Male,27,1,125547.53,1,0,0,7900.46,15.889155928144925,0.5,0,27
2025,481,France,Female,57,9,0.0,3,1,1,169719.35,0.0,0.3,3,513
2025,754,Germany,Male,27,7,117578.35,2,0,1,87908.01,1.33750055881644,0.25,2,189
2025,828,France,Male,34,8,129433.34,2,0,0,38131.77,3.3942810868447273,0.2222222222222222,0,272
2025,516,Spain,Female,65,9,102541.1,1,1,0,181490.42,0.5649914469785955,0.1,0,585
2025,510,France,Female,45,10,103821.47,2,0,1,77878.62,1.3331019077905106,0.18181818181818182,2,450
2025,850,France,Male,39,4,127771.35,2,0,1,151738.54,0.8420438733371671,0.4,2,156
2025,792,Spain,Male,36,5,92140.15,1,0,1,67468.67,1.365652892625679,0.16666666666666666,1,180
2025,504,Germany,Male,56,9,104217.3,1,0,0,55857.48,1.8657382012543127,0.1,0,504
2025,741,France,Female,64,2,69311.16,1,1,1,59237.72,1.1700313578686372,0.3333333333333333,1,128
2025,645,Germany,Female,59,8,121669.93,2,0,0,91.75,1311.8051752021563,0.2222222222222222,0,472
2025,652,Spain,Male,37,7,0.0,2,1,0,68789.93,0.0,0.25,0,259
2025,699,Spain,Male,43,2,136487.86,2,1,0,82815.93,1.6480671283033554,0.6666666666666666,0,86
2025,732,France,Male,55,9,136576.02,1,0,1,3268.17,41.77697091310638,0.1,1,495
2025,632,France,Male,50,2,0.0,2,0,0,57942.88,0.0,0.6666666666666666,0,100
2025,797,France,Female,55,10,0.0,4,1,1,49418.87,0.0,0.36363636363636365,4,550
2025,627,Spain,Male,40,10,0.0,2,1,1,194792.42,0.0,0.18181818181818182,2,400
2025,646,Spain,Male,69,10,115462.44,1,1,0,40421.87,2.856364231436313,0.09090909090909091,0,690
2025,646,France,Female,43,8,143061.88,1,1,0,61937.6,2.3097370621873923,0.1111111111111111,0,344
2025,597,Germany,Female,60,0,78539.84,1,0,1,48502.88,1.6192486044415415,1.0,1,0
2025,479,Germany,Female,30,7,143964.36,2,1,0,41879.99,3.437463154524284,0.25,0,210
2025,678,France,Male,66,8,0.0,2,1,1,47117.03,0.0,0.2222222222222222,2,528
2025,660,Spain,Male,33,4,0.0,1,1,0,29664.45,0.0,0.2,0,132
2025,686,Spain,Male,34,9,0.0,2,1,0,127569.8,0.0,0.2,0,306
2025,628,France,Female,51,3,123981.31,2,1,1,40546.15,3.057707138479523,0.5,2,153
2025,505,Spain,Male,37,0,134006.39,1,1,1,93736.69,1.429589207926929,1.0,1,0
2025,704,Spain,Male,48,8,167997.6,1,1,1,173498.45,0.9682889484664072,0.1111111111111111,1,384
2025,694,Spain,Male,39,3,0.0,1,1,1,95625.03,0.0,0.25,1,117
2025,650,Spain,Male,32,1,132187.73,2,1,1,178331.36,0.7412436531429294,1.0,2,32
2025,748,France,Male,32,5,154737.88,2,1,1,172638.13,0.896308270320871,0.3333333333333333,2,160
2025,627,France,Male,33,5,0.0,2,1,1,103737.82,0.0,0.3333333333333333,2,165
2025,643,France,Male,36,0,148159.71,1,0,0,55835.66,2.653448648253674,1.0,0,0
2025,667,Germany,Female,42,10,64404.26,2,0,0,26022.37,2.474862402525115,0.18181818181818182,0,420
2025,725,France,Male,31,8,0.0,2,1,1,59650.42,0.0,0.2222222222222222,2,248
2025,596,Spain,Female,54,0,78126.28,1,1,1,153482.91,0.5090193493246296,1.0,1,0
2025,607,Germany,Female,39,8,105103.33,1,1,0,104721.5,1.0036365632982407,0.1111111111111111,0,312
2025,571,France,Male,49,4,180614.04,1,0,0,523.0,344.6832824427481,0.2,0,196
2025,648,France,Male,42,4,0.0,2,1,0,19283.14,0.0,0.4,0,168
2025,494,Spain,Female,41,2,69974.66,2,1,0,188426.13,0.3713619158769759,0.6666666666666666,0,82
2025,538,Germany,Female,42,4,80380.24,1,1,0,119216.46,0.6742321133162877,0.2,0,168
2025,641,France,Female,53,0,123835.52,2,0,1,160110.65,0.7734322892806365,2.0,2,0
2025,675,Spain,Male,66,5,115654.47,2,1,1,131970.86,0.876357050662164,0.3333333333333333,2,330
2025,746,France,Female,32,4,0.0,2,1,1,72909.75,0.0,0.4,2,128
2025,667,Spain,Male,38,1,87202.38,1,1,1,77866.91,1.1198756971902804,0.5,1,38
2025,850,France,Female,28,2,0.0,2,1,1,38773.74,0.0,0.6666666666666666,2,56
2025,633,Spain,Female,39,2,0.0,2,0,0,191207.03,0.0,0.6666666666666666,0,78
2025,682,Spain,Male,36,5,0.0,2,1,1,147758.51,0.0,0.3333333333333333,2,180
2025,613,Germany,Female,20,0,117356.19,1,0,0,113557.7,1.0334407667576329,1.0,0,0
2025,666,Germany,Male,31,3,123212.08,2,1,1,112157.31,1.0985550691696406,0.5,2,93
2025,547,France,Male,30,6,0.0,2,1,1,18471.86,0.0,0.2857142857142857,2,180
2025,715,Germany,Female,34,9,102277.52,1,0,0,177852.57,0.5750658814439317,0.1,0,306
2025,850,Spain,Male,22,3,0.0,1,1,1,144385.54,0.0,0.25,1,66
2025,549,Germany,Female,31,9,135020.21,2,1,1,23343.18,5.783891745180169,0.2,2,279
2025,783,Spain,Male,39,9,0.0,2,1,0,143752.77,0.0,0.2,0,351
2025,694,France,Male,32,0,91956.49,1,1,1,59961.81,1.5335587174783838,1.0,1,0
2025,732,France,Male,36,7,126195.81,1,1,1,133172.48,0.9476046582247456,0.125,1,252
2025,605,Spain,Female,36,9,0.0,2,0,1,35521.63,0.0,0.2,2,324
2025,590,France,Female,29,4,0.0,2,1,0,121846.81,0.0,0.4,0,116
2025,550,France,Female,30,4,0.0,2,1,0,89216.29,0.0,0.4,0,120
2025,512,Spain,Male,36,1,0.0,1,0,1,135482.26,0.0,0.5,1,36
2025,674,Spain,Male,39,6,120193.42,1,0,0,100130.95,1.200350337729366,0.14285714285714285,0,234
2025,686,France,Male,26,7,0.0,2,1,0,1540.89,0.0,0.25,0,182
2025,740,Germany,Female,40,2,122295.17,2,1,1,30812.84,3.9688390022145894,0.6666666666666666,2,80
2025,581,France,Female,37,10,104255.03,1,1,0,86609.37,1.2037245655456732,0.09090909090909091,0,370
2025,635,Spain,Male,50,7,159453.64,2,0,0,54560.79,2.922441510808205,0.25,0,350
2025,532,France,Male,43,9,0.0,2,0,0,190573.91,0.0,0.2,0,387
2025,490,Spain,Male,40,6,156111.08,1,0,0,190889.13,0.8178059284678573,0.14285714285714285,0,240
2025,676,France,Male,29,7,131959.86,1,0,0,189268.81,0.6972050111953935,0.125,0,203
2025,806,Spain,Male,25,7,0.0,2,1,0,18461.9,0.0,0.25,0,175
2025,591,Germany,Female,51,8,132508.3,1,1,1,161304.68,0.8214732426037322,0.1111111111111111,1,408
2025,643,Germany,Male,33,7,98630.31,2,1,1,40250.82,2.450331686865339,0.25,2,231
2025,669,France,Male,23,1,0.0,2,0,0,66088.83,0.0,1.0,0,23
2025,524,France,Male,44,10,118569.03,2,0,0,82117.2,1.443882476722578,0.18181818181818182,0,440
2025,596,Germany,Male,47,5,140187.1,2,1,1,174311.3,0.8042295351504168,0.3333333333333333,2,235
2025,770,France,Male,24,9,101827.07,1,1,0,167256.35,0.608804755067565,0.1,0,216
2025,771,France,Female,23,7,156123.73,1,1,0,72990.62,2.138926769949756,0.125,0,161
2025,635,Spain,Male,24,4,0.0,2,1,1,70668.77,0.0,0.4,2,96
2025,756,France,Male,31,10,122647.32,1,0,0,61666.87,1.9888366502686083,0.09090909090909091,0,310
2025,662,Germany,Male,59,2,104568.41,1,1,0,8059.44,12.973039933303891,0.3333333333333333,0,118
2025,525,France,Female,59,6,55328.4,1,1,0,83342.73,0.6638579770787797,0.14285714285714285,0,354
2025,660,France,Male,63,8,137841.53,1,1,1,42790.29,3.221252035168839,0.1111111111111111,1,504
2025,711,France,Male,38,3,0.0,2,1,0,68487.51,0.0,0.5,0,114
2025,453,France,Male,29,6,0.0,1,0,0,198376.02,0.0,0.14285714285714285,0,174
2025,569,France,Male,28,7,0.0,2,1,0,73977.23,0.0,0.25,0,196
2025,581,Germany,Male,41,2,127913.71,2,1,1,44205.95,2.893520362748392,0.6666666666666666,2,82
2025,612,Germany,Female,58,1,149641.53,1,1,1,115161.28,1.2993970768901066,0.5,1,58
2025,619,France,Male,29,5,0.0,2,1,0,194310.1,0.0,0.3333333333333333,0,145
2025,435,Germany,Male,32,2,57017.06,2,1,1,5907.11,9.65064292980327,0.6666666666666666,2,64
2025,459,Germany,Male,48,4,133994.52,1,1,1,19287.06,6.947019036647542,0.2,1,192
2025,545,Germany,Female,60,7,128981.07,1,0,1,176924.21,0.729014649749462,0.125,1,420
2025,643,Germany,Female,45,2,150842.93,1,0,1,2319.96,64.99161122983593,0.3333333333333333,1,90
2025,679,France,Male,42,1,0.0,2,0,0,71823.15,0.0,1.0,0,42
2025,738,Germany,Female,57,9,148384.64,1,0,0,155047.11,0.957023210408692,0.1,0,513
2025,553,France,Male,42,1,0.0,2,0,0,23822.04,0.0,1.0,0,42
2025,638,France,Female,29,9,103417.74,1,1,1,15336.4,6.742846897127285,0.1,1,261
2025,451,France,Male,33,6,0.0,2,1,0,184954.11,0.0,0.2857142857142857,0,198
2025,632,Germany,Female,38,6,86569.76,2,1,0,98090.91,0.8825372041384452,0.2857142857142857,0,228
2025,604,France,Female,47,8,62094.71,3,0,0,9308.1,6.670323661793299,0.3333333333333333,0,376
2025,716,France,Male,38,4,0.0,2,1,0,189678.7,0.0,0.4,0,152
2025,850,Spain,Male,71,10,69608.14,1,1,0,97893.4,0.7110533391082636,0.09090909090909091,0,710
2025,710,Spain,Female,36,8,0.0,2,0,0,83206.19,0.0,0.2222222222222222,0,288
2025,547,Germany,Female,30,9,72392.41,1,1,0,77077.14,0.9392080556173256,0.1,0,270
2025,746,Germany,Male,34,6,141806.0,2,1,1,183494.87,0.7728021344567592,0.2857142857142857,2,204
2025,675,Spain,Male,36,3,54098.18,2,0,1,54478.52,0.9930003054358776,0.5,2,108
2025,519,Spain,Female,57,2,119035.35,2,1,1,29871.79,3.9847416327701564,0.6666666666666666,2,114
2025,817,Germany,Female,27,7,129810.6,1,1,1,59259.44,2.1905102290836855,0.125,1,189
2025,766,France,Male,32,6,185714.28,1,1,1,102502.5,1.811784768324984,0.14285714285714285,1,192
2025,544,France,Female,29,1,118560.55,1,1,1,164137.36,0.7223207908254963,0.5,1,29
2025,586,France,Male,33,9,0.0,1,1,0,6975.02,0.0,0.1,0,297
2025,794,France,Male,35,6,0.0,2,1,1,68730.91,0.0,0.2857142857142857,2,210
2025,628,France,Female,31,5,0.0,1,0,0,147963.07,0.0,0.16666666666666666,0,155
2025,629,France,Male,35,1,172170.36,1,1,1,159777.37,1.0775573689980689,0.5,1,35
2025,731,France,Female,52,10,0.0,1,1,1,24998.75,0.0,0.09090909090909091,1,520
2025,531,France,Female,63,1,114715.71,1,0,1,24506.95,4.680755020309737,0.5,1,63
2025,798,Spain,Female,58,9,0.0,2,0,0,119071.56,0.0,0.2,0,522
2025,825,France,Male,40,6,132308.22,1,0,0,117122.5,1.1296470819263427,0.14285714285714285,0,240
2025,621,Germany,Female,30,2,101014.08,2,1,1,165257.31,0.6112496249053981,0.6666666666666666,2,60
2025,696,Spain,Female,51,5,0.0,2,1,0,55022.43,0.0,0.3333333333333333,0,255
2025,619,Spain,Female,38,6,0.0,2,1,1,117616.29,0.0,0.2857142857142857,2,228
2025,639,Spain,Female,35,5,136526.26,2,1,0,59653.03,2.2886343135576928,0.3333333333333333,0,175
2025,614,France,Male,36,1,118311.76,1,1,0,146134.68,0.8096021450750426,0.5,0,36
2025,620,Spain,Male,42,9,121490.05,1,1,1,29296.74,4.146737939513423,0.1,1,378
2025,686,France,Male,38,0,138131.34,1,0,1,115927.85,1.1915182458896123,1.0,1,0
2025,699,France,Female,32,4,110559.46,1,1,1,127429.56,0.8676055414023136,0.2,1,128
2025,842,France,Male,58,1,63492.94,1,1,1,83172.19,0.7633822870085901,0.5,1,58
2025,642,Spain,Male,32,7,100433.8,1,1,1,39768.59,2.525391888626461,0.125,1,224
2025,593,Spain,Male,32,10,158537.42,1,1,0,166850.57,0.9501703819748295,0.09090909090909091,0,320
2025,768,France,Male,30,6,0.0,2,1,1,199454.37,0.0,0.2857142857142857,2,180
2025,713,France,Male,38,9,72286.84,2,1,1,26136.89,2.7655958457243486,0.2,2,342
2025,643,Spain,Male,34,6,0.0,2,1,1,116046.22,0.0,0.2857142857142857,2,204
2025,837,Germany,Male,35,0,144037.6,1,1,0,145325.32,0.9911322326196659,1.0,0,0
2025,728,France,Female,59,4,0.0,1,1,1,163365.85,0.0,0.2,1,236
2025,647,Germany,Female,43,3,122717.53,2,1,1,87000.39,1.4105237858843405,0.5,2,129
2025,538,Spain,Male,40,8,0.0,2,1,1,25554.4,0.0,0.2222222222222222,2,320
2025,689,France,Female,40,1,0.0,2,1,1,119446.64,0.0,1.0,2,40
2025,531,France,Male,31,3,0.0,1,1,1,42589.33,0.0,0.25,1,93
2025,507,Germany,Male,31,9,111589.67,1,1,0,150037.19,0.7437417766769914,0.1,0,279
2025,731,France,Male,29,5,179539.2,1,0,0,112010.02,1.6028708603849873,0.16666666666666666,0,145
2025,753,France,Male,46,8,0.0,3,1,0,90747.94,0.0,0.3333333333333333,0,368
2025,727,Spain,Female,49,7,96296.78,1,1,0,190457.87,0.5056040708421718,0.125,0,343
2025,793,Germany,Female,32,1,96408.98,1,1,1,138191.81,0.6976410711961063,0.5,1,32
2025,553,France,Male,37,1,0.0,1,1,0,30461.55,0.0,0.5,0,37
2025,811,Spain,Male,44,3,0.0,2,0,1,78439.73,0.0,0.5,2,132
2025,576,France,Male,63,9,70655.48,1,0,0,78955.8,0.8948625070924859,0.1,0,567
2025,627,Germany,Male,23,5,184244.86,1,1,0,103099.22,1.7870462352068694,0.16666666666666666,0,115
2025,548,France,Female,41,4,82596.8,1,0,1,55672.09,1.4836036584281564,0.2,1,164
2025,774,Spain,Male,32,9,0.0,2,1,0,10604.48,0.0,0.2,0,288
2025,551,Germany,Female,30,2,143340.44,1,1,0,145796.49,0.9831475150909663,0.3333333333333333,0,60
2025,486,Germany,Male,37,9,115217.99,2,1,0,144995.33,0.7946269398680643,0.2,0,333
2025,639,Spain,Male,29,4,133434.57,2,1,0,97983.44,1.361793464350054,0.4,0,116
2025,811,France,Female,35,7,0.0,1,1,1,178.19,0.0,0.125,1,245
2025,671,Germany,Female,47,7,114603.76,2,1,0,153194.32,0.7480891713924419,0.25,0,329
2025,629,France,Female,33,6,0.0,2,1,1,59129.72,0.0,0.2857142857142857,2,198
2025,471,Germany,Female,36,5,90063.74,2,1,1,96366.7,0.9345843057372959,0.3333333333333333,2,180
2025,605,France,Male,39,7,0.0,1,0,1,119348.28,0.0,0.125,1,273
2025,615,France,Male,64,0,81564.1,2,0,1,35896.09,2.272164679643949,2.0,2,0
2025,624,Germany,Female,48,3,122388.38,2,0,0,30020.09,4.076746713726917,0.5,0,144
2025,632,Germany,Male,41,8,127205.32,4,1,0,93874.87,1.3550374553119988,0.4444444444444444,0,328
2025,557,France,Female,27,3,87739.08,1,1,1,123096.56,0.7127605128810027,0.25,1,81
2025,620,Spain,Male,31,2,166833.86,2,1,1,135171.6,1.2342283865221204,0.6666666666666666,2,62
2025,711,Spain,Male,38,3,128718.78,1,0,0,114793.45,1.1212979373131715,0.25,0,114
2025,643,Spain,Female,32,2,0.0,1,0,0,131301.74,0.0,0.3333333333333333,0,64
2025,679,France,Male,30,9,0.0,2,1,0,157871.55,0.0,0.2,0,270
2025,579,Spain,Female,35,1,129490.36,2,0,1,8590.83,15.071336374206659,1.0,2,35
2025,678,Germany,Male,49,2,116933.11,1,1,0,195053.58,0.599489178874959,0.3333333333333333,0,98
2025,612,Germany,Male,32,9,106520.73,2,1,0,177092.16,0.6014954501913005,0.2,0,288
2025,515,France,Female,66,6,0.0,2,1,1,160663.11,0.0,0.2857142857142857,2,396
2025,597,France,Female,28,0,142705.95,1,1,0,127233.39,1.1215988853328098,1.0,0,0
2025,648,France,Female,37,7,0.0,2,1,0,194238.92,0.0,0.25,0,259
2025,457,France,Female,38,7,164496.99,1,1,1,163327.27,1.0071556503965908,0.125,1,266
2025,647,France,Male,32,5,97041.16,1,1,1,23132.73,4.1947908962367935,0.16666666666666666,1,160
2025,668,France,Female,32,2,0.0,2,1,1,40652.33,0.0,0.6666666666666666,2,64
2025,727,Germany,Female,18,2,93816.7,2,1,0,126172.11,0.7435554215949817,0.6666666666666666,0,36
2025,773,Spain,Male,37,2,103195.2,2,1,0,178268.36,0.5788723311734557,0.6666666666666666,0,74
2025,633,Germany,Male,42,3,126041.02,1,0,1,11796.89,10.683352701203352,0.25,1,126
2025,766,Germany,Male,27,5,126285.73,1,1,0,177614.17,0.7110075676531458,0.16666666666666666,0,135
2025,669,France,Female,41,0,150219.41,2,0,0,107839.03,1.3929837556610472,2.0,0,0
2025,657,France,Male,38,7,0.0,2,1,0,185827.74,0.0,0.25,0,266
2025,577,France,Male,25,3,0.0,2,0,1,124508.29,0.0,0.5,2,75
2025,605,France,Female,28,6,0.0,2,0,0,159508.52,0.0,0.2857142857142857,0,168
2025,813,Germany,Female,36,6,98088.09,1,0,1,26687.22,3.675332787274685,0.14285714285714285,1,216
2025,804,Germany,Female,33,10,138335.96,1,1,1,80483.76,1.718784525169734,0.09090909090909091,1,330
2025,651,France,Female,32,8,144581.96,1,1,1,87609.5,1.650281187757175,0.1111111111111111,1,256
2025,626,France,Male,43,4,137638.69,1,1,0,130442.08,1.055162834241571,0.2,0,172
2025,673,France,Male,37,2,0.0,1,1,1,13624.02,0.0,0.3333333333333333,1,74
2025,589,France,Male,36,8,114435.47,1,1,0,26955.72,4.245155567888081,0.1111111111111111,0,288
2025,573,France,Female,30,6,0.0,2,1,0,66190.21,0.0,0.2857142857142857,0,180
2025,612,France,Female,33,0,64900.32,2,1,0,102426.12,0.6336243760441571,2.0,0,0
2025,650,France,Female,31,1,160566.11,2,0,0,27073.81,5.93046119252545,1.0,0,31
2025,588,France,Male,31,4,99607.37,2,0,1,35877.03,2.7762775715389054,0.4,2,124
2025,617,Spain,Female,45,1,0.0,1,1,0,143298.06,0.0,0.5,0,45
2025,640,France,Male,43,7,132412.38,1,0,0,69584.3,1.90287862522688,0.125,0,301
2025,652,France,Female,36,6,112518.71,2,0,1,110421.31,1.0189852938233226,0.2857142857142857,2,216
2025,524,Spain,Male,29,3,159035.45,1,1,0,2705.31,58.764683277229885,0.25,0,87
2025,753,France,Female,31,6,106596.29,1,0,0,91305.77,1.167452205351257,0.14285714285714285,0,186
2025,725,France,Male,39,4,160652.45,2,1,0,57643.55,2.7869495034656357,0.4,0,156
2025,524,Germany,Female,37,9,127480.58,2,1,0,179634.69,0.709661760421885,0.2,0,333
2025,665,France,Male,51,2,0.0,1,0,0,53353.36,0.0,0.3333333333333333,0,102
2025,587,France,Male,47,6,71026.77,1,1,0,57962.41,1.2253725238042412,0.14285714285714285,0,282
2025,456,France,Female,63,1,165350.61,2,0,0,140758.07,1.174706610380418,1.0,0,63
2025,701,France,Female,34,3,105588.66,1,0,1,74694.41,1.4135896703693038,0.25,1,102
2025,769,France,Female,39,8,0.0,1,0,1,21016.0,0.0,0.1111111111111111,1,312
2025,775,France,Female,32,2,108698.96,2,1,1,161069.73,0.674852345922813,0.6666666666666666,2,64
2025,625,France,Male,43,4,122351.29,1,1,0,71216.6,1.7179923221226212,0.2,0,172
2025,435,France,Male,54,3,0.0,1,1,0,156910.46,0.0,0.25,0,162
2025,645,France,Male,45,6,155417.61,1,0,1,3449.22,45.04571012862948,0.14285714285714285,1,270
2025,710,Spain,Female,28,6,0.0,1,1,0,48426.98,0.0,0.14285714285714285,0,168
2025,477,France,Male,47,9,144900.58,1,1,0,61315.37,2.3631630509112003,0.1,0,423
2025,671,France,Female,48,8,115713.84,2,0,0,83210.84,1.3905934540084681,0.2222222222222222,0,384
2025,749,France,Male,37,10,185063.7,2,1,1,134526.87,1.3756532382472124,0.18181818181818182,2,370
2025,772,France,Female,35,9,0.0,1,0,1,25448.31,0.0,0.1,1,315
2025,692,Spain,Female,29,4,0.0,2,0,0,138880.24,0.0,0.4,0,116
2025,520,France,Female,39,1,73493.17,1,0,1,109626.13,0.6703921739080463,0.5,1,39
2025,635,Spain,Female,48,2,0.0,2,1,1,136551.25,0.0,0.6666666666666666,2,96
2025,813,France,Male,32,1,122889.88,1,1,1,26476.18,4.641350778292854,0.5,1,32
2025,571,France,Female,33,9,0.0,2,0,1,77519.62,0.0,0.2,2,297
2025,536,Germany,Female,35,4,121520.36,1,0,0,77178.42,1.574517662869195,0.2,0,140
2025,712,Spain,Female,29,7,77919.78,1,1,0,122547.58,0.635827685641074,0.125,0,203
2025,679,France,Female,33,1,0.0,2,0,0,69608.48,0.0,1.0,0,33
2025,732,France,Male,79,10,61811.23,1,1,1,104222.8,0.5930625250662517,0.09090909090909091,1,790
2025,697,Spain,Female,40,7,130334.35,2,0,1,116951.1,1.1144250509396583,0.25,2,280
2025,495,Spain,Female,42,7,0.0,2,0,0,130404.53,0.0,0.25,0,294
2025,773,Germany,Male,43,8,81844.91,2,1,1,35908.46,2.2792019150385445,0.2222222222222222,2,344
2025,526,Spain,Female,33,8,114634.63,2,1,0,110114.38,1.0410410425864216,0.2222222222222222,0,264
2025,570,France,Male,23,2,0.0,1,0,0,198830.98,0.0,0.3333333333333333,0,46
2025,529,Spain,Male,35,5,95772.97,1,1,1,112781.5,0.849182896282668,0.16666666666666666,1,175
2025,625,Germany,Male,42,6,100047.33,1,1,0,93429.95,1.0708157200585031,0.14285714285714285,0,252
2025,850,Spain,Female,31,3,121237.65,1,1,1,31022.56,3.907921914828601,0.25,1,93
2025,595,Germany,Male,46,5,142360.62,2,1,0,48421.4,2.9399744746233147,0.3333333333333333,0,230
2025,592,France,Female,27,4,0.0,2,1,1,183569.25,0.0,0.4,2,108
2025,429,France,Female,27,6,117307.44,2,1,1,24020.49,4.883437288860932,0.2857142857142857,2,162
2025,769,France,Female,40,9,133871.05,1,1,1,50568.02,2.6472937383401933,0.1,1,360
2025,637,France,Female,21,10,125712.2,1,0,0,175072.47,0.7180539689994149,0.09090909090909091,0,210
2025,700,France,Female,82,2,0.0,2,0,1,182055.36,0.0,0.6666666666666666,2,164
2025,603,France,Male,46,2,0.0,2,1,1,59563.49,0.0,0.6666666666666666,2,92
2025,736,France,Male,29,4,0.0,2,0,0,51705.01,0.0,0.4,0,116
2025,646,Germany,Male,39,0,154439.86,1,1,0,171519.06,0.9004186449095225,1.0,0,0
2025,828,France,Female,41,7,0.0,2,1,0,171378.77,0.0,0.25,0,287
2025,647,France,Female,35,6,112668.7,1,0,1,122584.29,0.9191045679298063,0.14285714285714285,1,210
2025,687,France,Male,39,7,0.0,2,1,0,26848.25,0.0,0.25,0,273
2025,653,France,Male,29,2,0.0,2,1,1,41671.81,0.0,0.6666666666666666,2,58
2025,644,Spain,Female,31,5,86006.3,1,1,1,73922.95,1.1634429707828113,0.16666666666666666,1,155
2025,582,France,Female,38,9,135979.01,4,1,1,76582.95,1.775554930243217,0.4,4,342
2025,712,Germany,Male,53,6,134729.99,2,1,1,132702.64,1.015269739398256,0.2857142857142857,2,318
2025,675,France,Male,54,6,0.0,1,1,0,110273.84,0.0,0.14285714285714285,0,324
2025,601,Germany,Male,43,3,141859.12,2,1,1,111249.62,1.275131050955042,0.5,2,129
2025,639,France,Female,35,1,103015.12,2,1,1,139094.12,0.7406091601200675,1.0,2,35
2025,677,France,Female,56,0,119963.45,1,0,0,158325.87,0.7576948246371573,1.0,0,0
2025,729,France,Male,44,5,0.0,2,0,1,9200.54,0.0,0.3333333333333333,2,220
2025,665,Germany,Male,25,5,153611.83,2,1,0,35321.65,4.348819525148877,0.3333333333333333,0,125
2025,756,Germany,Female,60,3,115924.89,1,1,0,93524.19,1.2395044586383626,0.25,0,180
2025,721,Germany,Female,45,7,138523.2,1,0,0,59604.45,2.3240022514719714,0.125,0,315
2025,687,France,Female,26,6,0.0,2,1,1,32909.13,0.0,0.2857142857142857,2,156
2025,849,France,Female,41,9,115465.28,1,1,0,103174.5,1.1191152938439843,0.1,0,369
2025,741,Spain,Male,40,4,104784.23,1,1,0,135163.76,0.7752333522435877,0.2,0,160
2025,628,Germany,Female,30,9,132351.29,2,1,1,74169.13,1.7844284484872819,0.2,2,270
2025,477,Spain,Female,48,2,129120.64,1,0,1,26475.79,4.87674827650935,0.3333333333333333,1,96
2025,762,Spain,Male,39,2,81273.13,1,1,1,18719.67,4.34135797490154,0.3333333333333333,1,78
2025,744,Germany,Female,50,1,121498.11,2,0,1,106061.47,1.1455334766388148,1.0,2,50
2025,760,Germany,Male,29,5,103607.24,2,0,1,86334.64,1.200051797843857,0.3333333333333333,2,145
2025,521,France,Female,41,2,0.0,2,1,1,113089.43,0.0,0.6666666666666666,2,82
2025,694,Spain,Male,39,0,107042.74,1,1,1,102284.2,1.0465124964315464,1.0,1,0
2025,561,France,Male,29,9,120268.13,1,1,1,173870.39,0.6917074166140846,0.1,1,261
2025,718,Spain,Female,49,10,82321.88,1,0,1,11144.4,7.386175462522655,0.09090909090909091,1,490
2025,491,Germany,Male,70,6,148745.92,2,1,1,17818.33,8.347447406832917,0.2857142857142857,2,420
2025,582,Germany,Male,33,2,122394.0,1,1,1,22113.93,5.53445116036994,0.3333333333333333,1,66
2025,732,Spain,Female,69,9,137453.43,1,0,1,110932.24,1.2390644138763096,0.1,1,621
2025,502,France,Male,30,4,0.0,2,1,1,66263.87,0.0,0.4,2,120
2025,673,Spain,Female,32,0,0.0,1,1,1,72873.33,0.0,1.0,1,0
2025,564,France,Male,40,4,0.0,1,1,0,85455.62,0.0,0.2,0,160
2025,695,Spain,Male,56,1,0.0,3,1,0,187734.49,0.0,1.5,0,56
2025,567,France,Female,38,1,125877.65,2,1,1,107841.77,1.1672330931410608,1.0,2,38
2025,602,France,Male,31,7,155271.83,1,1,1,179446.31,0.8652781142275133,0.125,1,217
2025,550,France,Male,47,2,0.0,2,1,1,97057.28,0.0,0.6666666666666666,2,94
2025,684,Germany,Female,26,2,114035.39,1,0,0,96885.19,1.1770035543765318,0.3333333333333333,0,52
2025,728,France,Male,30,10,114835.43,1,0,1,37662.49,3.0489853701821046,0.09090909090909091,1,300
2025,796,Spain,Male,67,5,0.0,2,0,1,54871.02,0.0,0.3333333333333333,2,335
2025,616,Spain,Female,36,6,132311.71,1,0,0,15462.84,8.556200141750043,0.14285714285714285,0,216
2025,715,Spain,Female,35,4,40169.88,2,1,1,199857.47,0.20099163172819245,0.4,2,140
2025,609,Spain,Female,45,4,89122.3,1,1,1,199256.98,0.44727091983969725,0.2,1,180
2025,782,France,Male,36,1,148795.17,2,1,1,195681.43,0.7603910581036837,1.0,2,36
2025,637,France,Female,33,9,113913.53,1,0,1,65316.5,1.7439970911317795,0.1,1,297
2025,640,Spain,Male,47,6,89047.14,1,1,0,116286.25,0.7657515333796268,0.14285714285714285,0,282
2025,583,France,Female,27,1,125406.58,1,1,1,110784.42,1.1319772944851407,0.5,1,27
2025,652,Germany,Male,27,2,166527.88,2,0,1,146007.7,1.1405339544835342,0.6666666666666666,2,54
2025,732,France,Male,36,7,0.0,2,1,1,60830.24,0.0,0.25,2,252
2025,578,Germany,Female,38,4,113150.44,2,1,0,176712.59,0.640304121488336,0.4,0,152
2025,609,Germany,Female,71,6,113317.1,1,1,0,108258.22,1.0467200853654774,0.14285714285714285,0,426
2025,591,Spain,Male,30,8,124857.69,2,0,0,50485.7,2.4730808311892045,0.2222222222222222,0,240
2025,584,Spain,Female,50,1,0.0,1,0,1,152567.75,0.0,0.5,1,50
2025,549,Germany,Male,54,5,92877.33,1,1,0,2619.64,35.44070532389035,0.16666666666666666,0,270
2025,641,France,Female,40,7,0.0,1,1,0,126996.67,0.0,0.125,0,280
2025,647,Spain,Male,28,6,149594.02,2,1,0,102325.19,1.4619328639129434,0.2857142857142857,0,168
2025,569,France,Female,44,4,0.0,2,0,0,134394.78,0.0,0.4,0,176
2025,537,France,Male,47,10,0.0,2,0,1,25482.62,0.0,0.18181818181818182,2,470
2025,600,France,Female,43,5,134022.06,1,1,0,194764.83,0.6881189580328336,0.16666666666666666,0,215
2025,659,Germany,Female,39,1,104502.11,1,1,0,20652.69,5.05973073092508,0.5,0,39
2025,630,Germany,Female,34,9,106937.05,2,1,0,138275.01,0.7733593846105337,0.2,0,306
2025,579,Germany,Male,31,2,90547.48,2,1,1,18800.13,4.816065842850935,0.6666666666666666,2,62
2025,794,France,Female,41,7,176845.41,3,1,0,166526.26,1.061960726430015,0.375,0,287
2025,719,Germany,Female,42,5,137227.04,3,1,0,149097.38,0.9203791483180435,0.5,0,210
2025,714,France,Male,54,7,126113.28,1,1,0,112777.38,1.1182398612216278,0.125,0,378
2025,635,Spain,Female,34,5,98683.47,2,1,0,15733.19,6.27191294880766,0.3333333333333333,0,170
2025,708,Germany,Female,43,0,118994.84,1,1,0,181499.77,0.6556161717661033,1.0,0,0
2025,482,Germany,Female,48,2,69329.47,1,0,0,102640.52,0.6754524874534203,0.3333333333333333,0,96
2025,605,Spain,Male,47,7,142643.54,1,1,0,189310.27,0.7534867839616733,0.125,0,329
2025,502,France,Female,42,8,159660.8,3,1,0,113931.57,1.401362226797833,0.3333333333333333,0,336
2025,707,France,Female,40,5,0.0,2,1,0,41052.82,0.0,0.3333333333333333,0,200
2025,749,Spain,Male,36,7,0.0,2,0,0,80134.65,0.0,0.25,0,252
2025,516,France,Male,27,9,0.0,1,1,0,142680.64,0.0,0.1,0,243
2025,516,France,Female,33,7,127305.5,1,1,1,120037.36,1.0605401473329026,0.125,1,231
2025,692,Germany,Male,53,7,150926.99,2,0,0,119817.19,1.2596333661858854,0.25,0,371
2025,850,France,Male,35,3,162442.35,1,1,0,183566.78,0.884917549256193,0.25,0,105
2025,730,France,Female,36,8,148749.29,2,1,0,91830.75,1.6198024103863862,0.2222222222222222,0,288
2025,530,Spain,Male,44,6,0.0,2,0,0,55893.37,0.0,0.2857142857142857,0,264
2025,680,France,Male,49,10,0.0,2,1,0,187008.45,0.0,0.18181818181818182,0,490
2025,583,Germany,Female,26,10,72835.56,2,1,0,96792.15,0.7524867203929204,0.18181818181818182,0,260
2025,845,Spain,Female,38,2,112803.92,1,1,0,179631.85,0.6279693274364906,0.3333333333333333,0,76
2025,751,Germany,Female,51,7,148074.79,1,1,0,146411.41,1.0113540921838524,0.125,0,357
2025,671,France,Female,34,5,164757.56,1,1,0,110748.88,1.4876545238694614,0.16666666666666666,0,170
2025,748,Germany,Female,40,3,103499.09,2,0,0,38153.19,2.7126533154025805,0.5,0,120
2025,742,France,Female,60,4,0.0,1,1,1,13161.66,0.0,0.2,1,240
2025,350,Germany,Male,39,0,109733.2,2,0,0,123602.11,0.8877867231657844,2.0,0,0
2025,643,Spain,Male,43,1,0.0,2,1,1,145764.4,0.0,1.0,2,43
2025,606,France,Female,71,8,0.0,2,1,1,169741.96,0.0,0.2222222222222222,2,568
2025,592,Spain,Male,38,8,0.0,2,1,0,180426.2,0.0,0.2222222222222222,0,304
2025,663,Germany,Female,46,2,141726.88,1,1,1,58257.23,2.4327357696929686,0.3333333333333333,1,92
2025,607,Germany,Male,61,2,164523.5,2,1,1,35786.76,4.59720027182478,0.6666666666666666,2,122
2025,599,Germany,Male,36,3,128960.21,2,1,1,40318.33,3.1984710559426457,0.5,2,108
2025,606,France,Female,39,3,0.0,2,1,0,50560.45,0.0,0.5,0,117
2025,534,France,Female,53,7,0.0,2,1,1,80619.17,0.0,0.25,2,371
2025,610,Spain,Male,46,5,91897.8,1,1,0,54394.28,1.6894443782622317,0.16666666666666666,0,230
2025,478,France,Male,35,1,92474.05,1,1,0,178626.07,0.5176933708871785,0.5,0,35
2025,528,Spain,Female,32,0,68138.37,1,1,1,170309.19,0.4000839292117518,1.0,1,0
2025,531,Spain,Male,70,1,0.0,2,0,0,99503.19,0.0,1.0,0,70
2025,680,Spain,Female,58,8,0.0,2,1,1,65708.5,0.0,0.2222222222222222,2,464
2025,708,Germany,Female,42,8,192390.52,2,1,0,823.36,233.3816779077102,0.2222222222222222,0,336
2025,545,Spain,Female,47,5,0.0,2,1,1,38970.14,0.0,0.3333333333333333,2,235
2025,646,France,Female,34,3,131283.11,1,0,0,130500.65,1.0059881235218098,0.25,0,102
2025,801,France,Female,32,4,75170.54,1,1,1,37898.5,1.98341772318896,0.2,1,128
2025,706,Spain,Female,43,1,0.0,2,1,0,31962.77,0.0,1.0,0,43
2025,802,Spain,Male,40,4,0.0,2,1,1,81908.09,0.0,0.4,2,160
2025,509,France,Male,31,3,0.0,2,1,0,15360.91,0.0,0.5,0,93
2025,764,Spain,Male,29,5,0.0,2,1,0,65868.28,0.0,0.3333333333333333,0,145
2025,733,France,Male,36,5,0.0,2,1,1,109127.54,0.0,0.3333333333333333,2,180
2025,594,Germany,Male,18,1,132694.73,1,1,0,167689.56,0.7913070956409235,0.5,0,18
2025,773,Spain,Female,41,5,0.0,1,1,0,28266.9,0.0,0.16666666666666666,0,205
2025,806,Germany,Male,30,8,168078.83,1,1,0,85028.36,1.9767152193077777,0.1111111111111111,0,240
2025,621,Germany,Male,40,8,174126.75,3,1,0,172490.78,1.0094785386294929,0.3333333333333333,0,320
2025,714,Spain,Male,27,3,0.0,3,1,1,129130.09,0.0,0.75,3,81
2025,708,Germany,Male,32,3,151691.44,2,1,1,172810.51,0.8777855132450378,0.5,2,96
2025,681,Spain,Male,65,7,134714.7,2,0,1,190419.81,0.7074578666060711,0.25,2,455
2025,625,France,Female,28,3,0.0,1,0,0,183646.41,0.0,0.25,0,84
2025,645,Germany,Male,43,9,140121.17,1,1,0,11302.7,12.39604465794386,0.1,0,387
2025,576,Spain,Male,45,5,133618.01,1,0,0,135244.87,0.987963699002417,0.16666666666666666,0,225
2025,532,France,Male,60,5,76705.87,2,0,1,13889.73,5.522090631665866,0.3333333333333333,2,300
2025,765,Germany,Female,34,8,136729.51,2,0,0,47058.21,2.905478226260067,0.2222222222222222,0,272
2025,710,France,Female,31,3,0.0,2,1,1,112289.06,0.0,0.5,2,93
2025,573,Germany,Male,31,0,134644.19,1,1,1,70381.49,1.9130353302362562,1.0,1,0
2025,658,France,Female,38,6,102895.1,1,0,0,155665.76,0.6609959634285444,0.14285714285714285,0,228
2025,685,France,Female,50,6,94238.75,2,1,1,50664.07,1.8600339444907508,0.2857142857142857,2,300
2025,588,Germany,Male,35,3,104356.38,1,1,0,94498.82,1.1043024208935002,0.25,0,105
2025,611,Spain,Male,51,1,122874.74,1,1,1,149648.45,0.8210838061883956,0.5,1,51
2025,588,France,Female,24,0,0.0,2,1,1,140586.08,0.0,2.0,2,0
2025,831,Germany,Male,44,3,111100.98,1,1,1,28144.07,3.9474401733589577,0.25,1,132
2025,625,France,Female,52,2,79468.96,1,1,1,84606.03,0.9392713584202165,0.3333333333333333,1,104
2025,838,France,Male,31,2,0.0,2,1,0,8222.96,0.0,0.6666666666666666,0,62
2025,633,Germany,Male,58,2,128137.42,2,1,0,147635.33,0.867926072126014,0.6666666666666666,0,116
2025,643,France,Male,37,6,0.0,2,0,0,142454.77,0.0,0.2857142857142857,0,222
2025,671,Germany,Female,31,6,105864.6,2,1,0,145567.34,0.7272501699201901,0.2857142857142857,0,186
2025,811,France,Male,40,1,101514.89,1,1,1,121765.0,0.833688303795805,0.5,1,40
2025,752,Spain,Male,48,5,116060.08,1,1,0,156618.38,0.7410326870148509,0.16666666666666666,0,240
2025,850,France,Male,41,3,0.0,2,1,0,128892.36,0.0,0.5,0,123
2025,638,Germany,Female,26,1,105249.76,2,1,1,23491.09,4.480221214885521,1.0,2,26
2025,650,Spain,Male,25,7,160599.06,2,1,1,28391.52,5.656386259479609,0.25,2,175
2025,535,Germany,Male,38,8,127475.24,1,0,0,60775.76,2.097433953372967,0.1111111111111111,0,304
2025,610,France,Male,34,0,103108.17,1,0,0,125646.82,0.8206124865516966,1.0,0,0
2025,523,Germany,Male,35,8,138782.76,1,1,1,186118.93,0.7456630786396707,0.1111111111111111,1,280
2025,840,France,Female,39,1,94968.97,1,1,0,84487.62,1.1240445162910697,0.5,0,39
2025,802,Spain,Male,41,6,0.0,2,1,0,47322.05,0.0,0.2857142857142857,0,246
2025,743,France,Male,42,7,77002.2,2,1,1,80428.42,0.9573884779972304,0.25,2,294
2025,673,France,Male,72,1,0.0,2,0,1,111981.19,0.0,1.0,2,72
2025,825,France,Male,34,9,0.0,2,1,1,31933.06,0.0,0.2,2,306
2025,623,France,Male,40,6,0.0,2,1,1,66119.07,0.0,0.2857142857142857,2,240
2025,662,Spain,Female,54,1,187997.15,1,0,0,111442.71,1.6869247263932616,0.5,0,54
2025,616,Germany,Female,45,4,122793.96,1,1,1,62002.04,1.980450635968817,0.2,1,180
2025,602,Spain,Female,22,7,141604.76,1,1,0,30379.6,4.661025786192505,0.125,0,154
2025,751,Germany,Female,36,6,169831.46,2,1,1,27758.36,6.117989031447411,0.2857142857142857,2,216
2025,632,Germany,Male,30,2,72549.0,2,0,1,182728.8,0.39702883711359616,0.6666666666666666,2,60
2025,607,France,Male,44,0,0.0,2,1,1,81140.09,0.0,2.0,2,0
2025,660,Germany,Male,35,9,113948.58,1,1,0,188891.96,0.6032441865488264,0.1,0,315
2025,540,France,Male,22,4,0.0,3,1,1,186233.26,0.0,0.6,3,88
2025,699,France,Female,40,8,122038.34,1,1,0,102085.35,1.1954422897870283,0.1111111111111111,0,320
2025,760,Spain,Male,28,1,141038.57,2,0,0,16287.38,8.658845753844153,1.0,0,28
2025,748,Spain,Male,39,3,0.0,2,1,1,123998.52,0.0,0.5,2,117
2025,682,Germany,Male,36,5,72373.62,2,1,0,36895.99,1.9615047189486188,0.3333333333333333,0,180
2025,600,Germany,Female,58,8,118723.11,1,0,0,6209.51,19.116483187371085,0.1111111111111111,0,464
2025,619,Spain,Male,46,8,62400.48,1,1,1,132498.39,0.4709491870113515,0.1111111111111111,1,368
2025,717,France,Female,59,4,0.0,2,1,1,170528.63,0.0,0.4,2,236
2025,502,Germany,Female,40,7,117304.29,1,0,0,196278.32,0.5976395781277416,0.125,0,280
2025,758,France,Female,30,3,141581.08,1,1,0,156249.06,0.9061185640504713,0.25,0,90
2025,668,Spain,Male,25,8,0.0,2,1,1,135112.09,0.0,0.2222222222222222,2,200
2025,742,Germany,Male,35,5,136857.0,1,0,0,84509.57,1.6194068978590488,0.16666666666666666,0,175
2025,614,France,Male,49,1,0.0,2,1,0,192440.54,0.0,1.0,0,49
2025,506,France,Female,41,1,0.0,2,1,0,31766.3,0.0,1.0,0,41
2025,657,Germany,Male,25,2,171770.55,1,1,0,22745.5,7.551515617787351,0.3333333333333333,0,50
2025,690,Spain,Male,36,10,0.0,2,1,0,55902.93,0.0,0.18181818181818182,0,360
2025,570,France,Female,36,3,0.0,2,1,0,92118.75,0.0,0.5,0,108
2025,462,Germany,Female,24,9,69881.09,2,0,1,64421.02,1.084739193213749,0.2,2,216
2025,595,Germany,Male,34,2,87967.42,2,0,1,156309.52,0.5627735100618948,0.6666666666666666,2,68
2025,605,Germany,Female,56,1,74129.18,2,1,1,62199.78,1.191772514749815,1.0,2,56
2025,737,Spain,Male,38,6,146282.79,2,1,0,198516.2,0.7368771572438055,0.2857142857142857,0,228
2025,576,Spain,Male,33,3,0.0,2,0,1,190112.05,0.0,0.5,2,99
2025,584,Germany,Female,62,9,137727.34,2,0,1,121102.9,1.1372659344579323,0.2,2,558
2025,540,Spain,Male,39,1,0.0,1,0,1,108419.41,0.0,0.5,1,39
2025,506,Spain,Male,50,3,0.0,2,1,0,12016.79,0.0,0.5,0,150
2025,639,France,Female,38,4,81550.94,2,0,1,118974.77,0.6854415819288247,0.4,2,152
2025,850,France,Female,34,6,101266.51,1,1,0,33501.98,3.022612018393587,0.14285714285714285,0,204
2025,694,France,Female,33,4,129731.64,2,1,0,178123.86,0.7283185513801949,0.4,0,132
2025,625,Spain,Male,32,7,106957.28,1,1,1,134794.02,0.7934809461061693,0.125,1,224
2025,717,France,Male,35,4,0.0,1,1,1,167573.06,0.0,0.2,1,140
2025,707,Spain,Male,48,8,88441.64,1,1,1,119903.2,0.7376025193446101,0.1111111111111111,1,384
2025,679,Spain,Female,40,7,0.0,2,1,1,163757.29,0.0,0.25,2,280
2025,743,Spain,Male,35,6,79388.33,1,1,1,193360.69,0.4105690739463438,0.14285714285714285,1,210
2025,785,Germany,Female,33,6,127211.45,1,0,0,191961.83,0.6626879276576617,0.14285714285714285,0,198
2025,681,France,Female,41,0,120549.29,2,1,0,175722.31,0.6860176376144974,2.0,0,0
2025,592,France,Female,31,2,84102.11,2,0,1,116385.24,0.7226121404042265,0.6666666666666666,2,62
2025,787,France,Male,25,5,0.0,2,1,0,47307.9,0.0,0.3333333333333333,0,125
2025,734,France,Female,54,3,0.0,1,1,0,130805.54,0.0,0.25,0,162
2025,596,Germany,Female,27,2,151027.56,1,1,0,170320.58,0.886720050389387,0.3333333333333333,0,54
2025,527,Spain,Female,46,10,131414.76,1,1,0,54947.51,2.391598243519251,0.09090909090909091,0,460
2025,665,Spain,Female,40,1,173432.55,1,0,1,116766.79,1.4852773183426697,0.5,1,40
2025,518,Germany,Female,35,8,141665.63,1,0,1,192776.64,0.7348654646877096,0.1111111111111111,1,280
2025,795,Germany,Female,33,9,130862.43,1,1,1,114935.21,1.1385657313739508,0.1,1,297
2025,500,France,Male,56,1,100374.58,1,1,0,118490.8,0.8471014871915188,0.5,0,56
2025,695,France,Female,42,0,0.0,2,0,1,140724.64,0.0,2.0,2,0
2025,559,France,Female,34,5,68999.66,2,1,1,66879.27,1.0316893158475586,0.3333333333333333,2,170
2025,700,Germany,Male,35,4,95853.39,2,1,0,192933.37,0.49681863319635583,0.4,0,140
2025,731,France,Female,41,9,152243.57,1,1,1,88783.59,1.7147521884146788,0.1,1,369
2025,731,France,Female,30,5,0.0,2,1,0,189528.72,0.0,0.3333333333333333,0,150
2025,565,Germany,Female,47,10,139756.12,1,1,0,165849.49,0.84266329270417,0.09090909090909091,0,470
2025,672,France,Male,37,5,153195.59,1,1,1,162763.01,0.9412129253881124,0.16666666666666666,1,185
2025,850,Spain,Female,29,7,0.0,2,1,0,23237.25,0.0,0.25,0,203
2025,634,France,Male,26,8,0.0,1,1,0,21760.96,0.0,0.1111111111111111,0,208
2025,614,France,Female,43,6,0.0,2,1,1,109041.53,0.0,0.2857142857142857,2,258
2025,506,France,Female,40,3,0.0,1,1,1,144345.58,0.0,0.25,1,120
2025,757,Germany,Male,26,8,121581.56,2,1,1,127059.04,0.9568827461411157,0.2222222222222222,2,208
2025,743,Germany,Female,35,1,146781.24,1,1,0,189307.7,0.775353906080386,0.5,0,35
2025,461,France,Female,28,8,0.0,1,1,1,103349.74,0.0,0.1111111111111111,1,224
2025,479,France,Male,34,5,117593.48,2,0,0,113308.29,1.0378096976867475,0.3333333333333333,0,170
2025,829,Spain,Male,50,7,0.0,2,0,1,178458.86,0.0,0.25,2,350
2025,703,France,Male,36,2,0.0,2,1,0,108790.95,0.0,0.6666666666666666,0,72
2025,727,Germany,Female,30,8,119027.28,2,1,1,137903.54,0.8631135711703182,0.2222222222222222,2,240
2025,666,France,Female,40,2,0.0,2,0,0,36371.27,0.0,0.6666666666666666,0,80
2025,649,France,Male,37,9,87374.88,2,1,1,247.36,351.80737638911256,0.2,2,333
2025,701,France,Female,35,2,0.0,2,1,1,65765.22,0.0,0.6666666666666666,2,70
2025,751,France,Male,42,4,0.0,2,1,1,81442.6,0.0,0.4,2,168
2025,586,France,Female,52,6,140900.97,1,1,1,67288.89,2.0939396690944214,0.14285714285714285,1,312
2025,738,Spain,Female,37,8,100565.94,1,1,1,128799.86,0.7807862463030139,0.1111111111111111,1,296
2025,598,France,Female,40,2,171178.25,1,1,0,137980.58,1.2405876929369848,0.3333333333333333,0,80
2025,456,Spain,Male,32,9,147506.25,1,1,1,135399.21,1.089409314800915,0.1,1,288
2025,788,France,Female,41,6,0.0,1,1,1,25571.37,0.0,0.14285714285714285,1,246
2025,833,France,Female,39,3,0.0,2,1,0,1710.89,0.0,0.5,0,117
2025,634,Spain,Male,35,3,0.0,2,1,1,19515.48,0.0,0.5,2,105
2025,685,France,Female,40,7,0.0,2,1,0,103898.59,0.0,0.25,0,280
2025,682,Germany,Male,24,9,57929.81,2,0,0,53134.3,1.0902321055870579,0.2,0,216
2025,540,Germany,Male,64,1,91869.69,1,0,1,95421.0,0.9627726310494436,0.5,1,64
2025,729,Germany,Male,46,5,117837.43,1,1,0,104016.61,1.1328603877747239,0.16666666666666666,0,230
2025,850,Germany,Male,49,8,98649.55,1,1,0,119174.88,0.8277643932648117,0.1111111111111111,0,392
2025,715,France,Male,45,4,0.0,2,1,1,55043.93,0.0,0.4,2,180
2025,763,Spain,Female,32,8,0.0,2,1,0,16725.53,0.0,0.2222222222222222,0,256
2025,604,Spain,Female,35,7,147285.52,1,1,1,57807.05,2.5478375416572603,0.125,1,245
2025,732,France,Female,43,6,0.0,2,1,0,65731.53,0.0,0.2857142857142857,0,258
2025,766,France,Female,45,6,0.0,2,0,0,147184.74,0.0,0.2857142857142857,0,270
2025,655,Germany,Female,32,6,130935.56,1,1,0,9241.83,14.16617637671579,0.14285714285714285,0,192
2025,563,Spain,Male,24,7,0.0,2,0,0,16319.56,0.0,0.25,0,168
2025,698,France,Female,46,0,0.0,2,1,1,125962.02,0.0,2.0,2,0
2025,787,Germany,Male,43,0,132217.45,1,1,0,20955.03,6.309279477076528,1.0,0,0
2025,797,France,Male,31,9,0.0,2,1,1,24748.89,0.0,0.2,2,279
2025,475,France,Female,46,10,0.0,2,0,0,122953.0,0.0,0.18181818181818182,0,460
2025,592,Germany,Male,31,7,124593.23,1,1,0,86079.67,1.447400792767993,0.125,0,217
2025,568,France,Female,44,7,0.0,2,0,0,62370.67,0.0,0.25,0,308
2025,533,Germany,Male,38,4,70362.52,2,1,1,104189.46,0.6753259367508311,0.4,2,152
2025,612,Germany,Male,44,2,115163.38,1,1,1,97677.52,1.179004145435455,0.3333333333333333,1,88
2025,579,Spain,Male,33,6,0.0,1,1,0,94993.04,0.0,0.14285714285714285,0,198
2025,666,France,Female,31,2,79589.43,1,0,0,4050.57,19.64409599241775,0.3333333333333333,0,62
2025,594,Germany,Male,40,0,152092.44,2,1,1,83508.93,1.8212497603578404,2.0,2,0
2025,650,Spain,Female,25,3,86605.5,3,1,0,16649.31,5.201434688002806,0.75,0,75
2025,729,France,Male,30,9,0.0,2,1,0,151869.35,0.0,0.2,0,270
2025,452,Germany,Male,33,7,153663.27,1,1,0,111868.23,1.3735972796094154,0.125,0,231
2025,664,Germany,Male,36,6,71142.77,2,1,0,122433.09,0.5810699454702527,0.2857142857142857,0,216
2025,443,France,Female,54,3,138547.97,1,1,1,70196.23,1.9736956857129548,0.25,1,162
2025,684,Spain,Female,36,4,0.0,1,1,0,117038.96,0.0,0.2,0,144
2025,580,Germany,Female,38,1,128218.47,1,1,0,125953.83,1.0179718395872552,0.5,0,38
2025,517,France,Female,45,4,0.0,1,0,0,172674.36,0.0,0.2,0,180
2025,485,Spain,Female,21,5,113157.22,1,1,1,54141.5,2.089988825783811,0.16666666666666666,1,105
2025,500,Germany,Male,44,9,160838.13,2,1,0,196261.64,0.8195045679605655,0.2,0,396
2025,575,Spain,Female,26,7,0.0,2,1,0,112507.63,0.0,0.25,0,182
2025,526,Germany,Male,34,3,122726.56,1,1,1,46772.36,2.623855972716093,0.25,1,102
2025,712,Germany,Male,28,4,145605.44,1,0,1,93883.53,1.5508991736977327,0.2,1,112
2025,627,France,Male,70,1,94416.78,1,0,1,145299.5,0.6498035450669475,0.5,1,70
2025,449,France,Female,21,7,0.0,2,0,0,175743.92,0.0,0.25,0,147
2025,567,France,Female,37,7,0.0,2,1,1,28690.9,0.0,0.25,2,259
2025,471,Spain,Female,28,5,0.0,2,1,1,22356.97,0.0,0.3333333333333333,2,140
2025,721,Spain,Male,57,1,0.0,1,1,1,195940.96,0.0,0.5,1,57
2025,787,France,Male,33,1,126588.81,2,0,1,62163.53,2.0363511153386025,1.0,2,33
2025,435,Germany,Male,44,3,151739.65,1,1,0,167461.5,0.9061112189296111,0.25,0,132
2025,639,Germany,Female,41,5,98635.77,1,1,0,199970.74,0.4932485460195526,0.16666666666666666,0,205
2025,517,Spain,Male,39,3,0.0,2,0,1,12465.51,0.0,0.5,2,117
2025,699,Germany,Male,36,6,147137.74,1,1,1,33687.9,4.367543612287727,0.14285714285714285,1,216
2025,635,France,Male,42,1,146766.72,2,0,1,164357.1,0.8929691934866612,1.0,2,42
2025,670,France,Female,42,1,115961.58,2,0,1,29483.87,3.9329181373362,1.0,2,42
2025,686,France,Male,60,9,0.0,3,1,1,75246.21,0.0,0.3,3,540
2025,724,France,Female,40,6,110054.45,1,1,1,86950.72,1.2656960667368051,0.14285714285714285,1,240
2025,726,Spain,Female,56,8,123110.9,3,0,1,130113.78,0.9461715264015356,0.3333333333333333,3,448
2025,666,France,Male,53,5,64646.7,1,1,0,128019.48,0.5049715483022716,0.16666666666666666,0,265
2025,642,France,Male,72,1,160541.0,2,1,1,142223.94,1.1287823359250495,1.0,2,72
2025,543,Spain,Male,35,10,59408.63,1,1,0,76773.53,0.7738064954614505,0.09090909090909091,0,350
2025,467,Spain,Male,39,5,0.0,2,1,1,7415.96,0.0,0.3333333333333333,2,195
2025,693,France,Female,43,4,152341.55,1,1,0,9241.78,16.48222179906911,0.2,0,172
2025,552,France,Male,29,10,0.0,2,1,0,12186.83,0.0,0.18181818181818182,0,290
2025,666,Germany,Female,44,2,122314.5,1,0,0,68574.88,1.783637337209526,0.3333333333333333,0,88
2025,561,France,Male,33,6,0.0,2,0,0,173680.39,0.0,0.2857142857142857,0,198
2025,671,France,Female,48,6,119769.77,1,0,1,66032.65,1.8137687376057512,0.14285714285714285,1,288
2025,554,Spain,Female,27,4,0.0,2,1,1,135083.73,0.0,0.4,2,108
2025,675,Spain,Female,50,1,133204.91,1,0,1,8270.06,16.1049381820468,0.5,1,50
2025,661,France,Male,35,9,100107.99,1,1,0,83949.68,1.1924619312196163,0.1,0,315
2025,468,Spain,Male,28,3,0.0,2,1,0,170661.02,0.0,0.5,0,84
2025,619,France,Female,55,0,0.0,3,0,0,60810.64,0.0,3.0,0,0
2025,494,Spain,Male,38,7,0.0,2,1,1,6203.66,0.0,0.25,2,266
2025,834,Spain,Male,33,5,0.0,2,1,0,66285.18,0.0,0.3333333333333333,0,165
2025,625,France,Female,51,7,136294.97,1,1,0,38867.46,3.50656985123671,0.125,0,357
2025,648,Germany,Female,39,3,126935.98,2,0,1,57995.74,2.1886743979058134,0.5,2,117
2025,825,France,Female,36,3,146053.66,1,1,1,138344.7,1.055715211965388,0.25,1,108
2025,805,Spain,Male,37,5,0.0,2,1,0,21928.81,0.0,0.3333333333333333,0,185
2025,656,Germany,Male,68,7,153545.11,1,1,1,186574.68,0.822964225562517,0.125,1,476
2025,573,France,Female,27,4,0.0,2,1,1,157549.6,0.0,0.4,2,108
2025,819,France,Female,38,10,0.0,2,1,0,30498.7,0.0,0.18181818181818182,0,380
2025,673,France,Male,32,8,121240.76,1,1,0,116969.73,1.0365051154250298,0.1111111111111111,0,256
2025,611,France,Female,49,2,88915.37,3,0,0,161435.02,0.55077776322781,1.0,0,98
2025,667,France,Male,42,7,0.0,1,0,1,108348.94,0.0,0.125,1,294
2025,520,France,Male,35,9,105387.89,1,1,1,25059.06,4.205412516969233,0.1,1,315
2025,730,Spain,Female,43,1,103960.38,1,1,1,193650.16,0.5368435696434765,0.5,1,43
2025,614,France,Female,37,8,75150.34,4,0,1,131766.67,0.5703245720289354,0.4444444444444444,4,296
2025,660,Spain,Male,38,6,109869.32,1,1,1,154641.91,0.7104711105087198,0.14285714285714285,1,228
2025,556,Germany,Female,43,4,125890.72,1,1,1,74854.97,1.681772609452526,0.2,1,172
2025,741,Spain,Male,50,1,78737.61,1,1,1,13018.96,6.047454062838903,0.5,1,50
2025,630,France,Female,26,5,0.0,2,1,0,182612.38,0.0,0.3333333333333333,0,130
2025,513,Spain,Male,72,3,98903.06,1,1,1,81251.24,1.2172348725401292,0.25,1,216
2025,574,France,Female,33,3,134348.57,1,1,0,63163.99,2.1269467469242063,0.25,0,99
2025,686,France,Female,41,10,0.0,1,1,0,133086.45,0.0,0.09090909090909091,0,410
2025,524,France,Female,36,10,0.0,2,1,0,109614.57,0.0,0.18181818181818182,0,360
2025,422,France,Female,33,2,0.0,2,1,0,102655.31,0.0,0.6666666666666666,0,66
2025,610,Spain,Female,46,5,116886.59,1,0,0,107973.44,1.082539441741953,0.16666666666666666,0,230
2025,562,Germany,Male,31,4,127237.25,2,0,1,143317.42,0.887794116066867,0.4,2,124
2025,819,France,Male,38,9,122334.26,2,1,1,181507.44,0.6739866201263147,0.2,2,342
2025,512,France,Female,41,8,145150.28,1,1,0,64869.32,2.237545305773118,0.1111111111111111,0,328
2025,687,Germany,Male,26,2,142721.52,1,1,1,153605.75,0.9291357313399313,0.3333333333333333,1,52
2025,627,France,Female,27,2,0.0,2,1,0,125451.01,0.0,0.6666666666666666,0,54
2025,658,France,Male,25,3,0.0,2,0,1,173948.4,0.0,0.5,2,75
2025,707,Germany,Male,34,9,162691.16,2,1,0,94912.78,1.7140942021274466,0.2,0,306
2025,544,Spain,Female,53,9,0.0,1,1,0,125692.07,0.0,0.1,0,477
2025,425,Germany,Male,40,9,166776.6,2,0,1,172646.88,0.9659927477823649,0.2,2,360
2025,797,France,Female,46,8,0.0,1,0,0,162668.33,0.0,0.1111111111111111,0,368
2025,649,Germany,Male,40,4,95001.33,1,0,1,123202.99,0.7710897187664133,0.2,1,160
2025,626,Germany,Female,47,2,103108.8,1,0,1,166475.44,0.6193597124013465,0.3333333333333333,1,94
2025,729,Germany,Male,39,6,127415.85,1,1,1,184977.2,0.6888154928526713,0.14285714285714285,1,234
2025,749,Spain,Female,46,9,66582.81,1,1,0,78753.12,0.8454517681106716,0.1,0,414
2025,680,Germany,Female,51,5,143139.87,1,0,0,47795.43,2.994781618627165,0.16666666666666666,0,255
2025,658,Spain,Female,32,5,145553.07,1,1,1,31484.76,4.6228221900948245,0.16666666666666666,1,160
2025,567,Germany,Female,40,2,105222.86,2,1,0,93795.86,1.1218164446016636,0.6666666666666666,0,80
2025,689,Germany,Male,47,2,118812.5,2,0,0,31121.42,3.8175855219484864,0.6666666666666666,0,94
2025,613,Germany,Female,45,9,142765.24,2,1,0,34749.65,4.108275384776975,0.2,0,405
2025,461,Germany,Female,74,1,186445.31,2,1,1,196767.83,0.9475347797717759,1.0,2,74
2025,663,Spain,Male,30,4,0.0,3,1,0,101371.05,0.0,0.6,0,120
2025,579,France,Male,31,9,0.0,1,0,1,139048.0,0.0,0.1,1,279
2025,613,France,Female,45,1,187841.99,2,1,1,147224.27,1.2758814434505708,1.0,2,45
2025,674,France,Male,37,3,0.0,1,1,0,158049.9,0.0,0.25,0,111
2025,612,Germany,Female,62,8,140745.33,1,1,0,193437.89,0.7275958314276926,0.1111111111111111,0,496
2025,618,France,Female,21,2,125682.79,1,0,0,57762.0,2.1758355694821945,0.3333333333333333,0,42
2025,719,Spain,Male,39,5,0.0,2,1,0,145759.7,0.0,0.3333333333333333,0,195
2025,721,France,Female,35,6,118273.83,1,0,1,3086.89,38.30247515293615,0.14285714285714285,1,210
2025,664,Germany,Female,49,5,127421.78,2,1,0,108876.75,1.1703197393406826,0.3333333333333333,0,245
2025,778,Germany,Male,41,7,139706.31,1,1,0,63337.19,2.205719961369278,0.125,0,287
2025,687,France,Female,47,7,0.0,2,1,1,177624.01,0.0,0.25,2,329
2025,633,Germany,Female,29,0,138577.34,1,1,0,193362.99,0.716665703888299,1.0,0,0
2025,582,Germany,Male,35,8,121309.17,2,1,1,28750.67,4.219204310567004,0.2222222222222222,2,280
2025,624,France,Male,26,9,74681.9,2,0,0,31231.35,2.3911713335691998,0.2,0,234
2025,815,Spain,Female,57,5,0.0,3,0,0,38941.44,0.0,0.5,0,285
2025,749,Germany,Male,47,9,110022.74,1,0,1,135655.29,0.8110404611536995,0.1,1,423
2025,791,France,Male,34,7,0.0,2,1,0,96734.46,0.0,0.25,0,238
2025,653,France,Female,43,6,0.0,2,1,1,7330.59,0.0,0.2857142857142857,2,258
2025,850,Germany,Male,55,0,98710.89,1,1,1,83617.17,1.180495698482758,1.0,1,0
2025,577,France,Female,26,1,180530.51,1,0,0,123454.62,1.4623109907835707,0.5,0,26
2025,682,France,Male,55,9,0.0,1,1,0,153356.8,0.0,0.1,0,495
2025,758,France,Male,26,4,155739.76,1,1,0,171552.02,0.9078228992995869,0.2,0,104
2025,744,France,Female,44,3,0.0,2,1,1,189016.14,0.0,0.5,2,132
2025,637,France,Male,27,1,0.0,2,1,0,91291.2,0.0,1.0,0,27
2025,666,Germany,Male,33,2,124125.26,1,1,0,81884.8,1.5158337587225135,0.3333333333333333,0,66
2025,665,France,Female,34,5,67816.72,1,1,1,29641.58,2.287814353541426,0.16666666666666666,1,170
2025,501,France,Male,40,4,125832.2,1,1,1,100433.83,1.2528741274316888,0.2,1,160
2025,761,Germany,Female,38,1,120530.13,2,1,0,109394.62,1.1017820457528373,1.0,0,38
2025,822,France,Male,38,6,128289.7,3,1,0,9149.96,14.019261367113398,0.42857142857142855,0,228
2025,535,Spain,Female,30,5,122924.75,1,0,0,62390.59,1.9702134534478126,0.16666666666666666,0,150
2025,687,France,Male,38,0,144450.58,1,0,1,137276.83,1.052249878949864,1.0,1,0
2025,614,Spain,Female,36,1,44054.84,1,1,1,73329.08,0.6007744707219738,0.5,1,36
2025,728,Germany,Male,39,6,152182.83,1,0,0,161203.6,0.944035281871609,0.14285714285714285,0,234
2025,604,Spain,Female,71,10,0.0,2,1,1,129984.2,0.0,0.18181818181818182,2,710
2025,561,Spain,Male,37,4,101470.29,1,0,1,88838.14,1.142180012098271,0.2,1,148
2025,640,France,Male,28,7,0.0,2,1,1,131097.9,0.0,0.25,2,196
2025,558,France,Male,35,1,0.0,2,0,0,111687.57,0.0,1.0,0,35
2025,588,France,Female,35,0,0.0,2,1,1,155485.24,0.0,2.0,2,0
2025,706,France,Female,29,5,112564.62,1,1,0,42334.38,2.65887822431262,0.16666666666666666,0,145
2025,548,Spain,Male,44,8,0.0,1,1,0,16989.77,0.0,0.1111111111111111,0,352
2025,604,Germany,Female,42,10,166031.45,1,1,0,98293.14,1.6891286703357902,0.09090909090909091,0,420
2025,555,Germany,Male,62,4,119817.33,1,0,1,43507.1,2.753908582539803,0.2,1,248
2025,744,Spain,Male,39,4,95161.75,1,1,0,19409.77,4.90252318686997,0.2,0,156
2025,690,Spain,Female,36,10,91760.11,1,1,1,135784.94,0.6757703338062836,0.09090909090909091,1,360
2025,625,France,Female,45,3,0.0,1,1,1,184474.15,0.0,0.25,1,135
2025,481,France,Female,28,10,0.0,2,1,0,145215.96,0.0,0.18181818181818182,0,280
2025,602,France,Female,35,8,0.0,2,1,1,152843.53,0.0,0.2222222222222222,2,280
2025,601,Germany,Female,42,9,133636.16,1,0,1,103315.74,1.293460866070687,0.1,1,378
2025,525,France,Male,33,1,112833.35,1,0,1,175178.56,0.6441011154497706,0.5,1,33
2025,577,Spain,Male,41,4,89015.61,1,0,1,135227.23,0.6582620359668983,0.2,1,164
2025,767,Spain,Male,37,7,0.0,2,1,1,24734.25,0.0,0.25,2,259
2025,744,France,Male,29,1,0.0,1,0,0,82422.97,0.0,0.5,0,29
2025,591,France,Female,39,4,150500.64,1,1,0,14928.8,10.080552987983765,0.2,0,156
2025,604,Germany,Female,25,5,157780.84,2,1,1,58426.81,2.7004407661351677,0.3333333333333333,2,125
2025,453,Spain,Female,42,5,0.0,3,1,0,83008.49,0.0,0.5,0,210
2025,458,Spain,Female,35,5,166492.48,1,1,0,135287.74,1.2306455067879265,0.16666666666666666,0,175
2025,667,Spain,Female,36,3,121542.57,2,1,1,186841.71,0.650507424132309,0.5,2,108
2025,599,Spain,Male,36,4,0.0,2,0,0,13210.56,0.0,0.4,0,144
2025,739,Germany,Male,29,3,59385.98,2,1,1,105533.96,0.5627138154029717,0.5,2,87
2025,499,Germany,Female,29,6,148051.52,1,1,0,118623.94,1.2480640243105707,0.14285714285714285,0,174
2025,850,France,Male,40,1,76914.21,1,1,0,174183.44,0.44156762796952476,0.5,0,40
2025,589,France,Male,29,2,0.0,2,0,1,98320.27,0.0,0.6666666666666666,2,58
2025,466,France,Female,30,3,0.0,1,1,0,193984.6,0.0,0.25,0,90
2025,631,France,Male,51,8,100654.8,1,1,0,171587.9,0.5866043782552368,0.1111111111111111,0,408
2025,703,France,Female,33,8,190566.65,1,1,1,79997.14,2.382138509720351,0.1111111111111111,1,264
2025,465,France,Male,25,2,78247.31,2,1,1,10472.31,7.471115626291975,0.6666666666666666,2,50
2025,766,Germany,Female,45,6,97652.96,1,1,0,127332.33,0.766908082903353,0.14285714285714285,0,270
2025,577,France,Male,42,9,0.0,1,1,0,74077.91,0.0,0.1,0,378
2025,520,France,Female,46,10,85216.61,1,1,0,117369.52,0.7260478184811654,0.09090909090909091,0,460
2025,762,France,Male,53,1,102520.37,1,1,1,170195.4,0.6023650911535144,0.5,1,53
2025,580,Germany,Female,42,2,123331.36,1,0,0,103516.08,1.1914107314464435,0.3333333333333333,0,84
2025,595,Germany,Female,41,2,138878.81,1,0,1,112269.67,1.2369999217070673,0.3333333333333333,1,82
2025,779,France,Female,29,3,46388.16,3,1,0,127939.26,0.3625767213541696,0.75,0,87
2025,695,Germany,Male,27,6,125552.96,1,1,0,105291.26,1.1924234506885882,0.14285714285714285,0,162
2025,648,Germany,Female,28,8,90371.09,1,1,1,146851.73,0.6153858358642702,0.1111111111111111,1,224
2025,427,Germany,Male,42,1,75681.52,1,1,1,57098.0,1.3254438781765006,0.5,1,42
2025,704,Germany,Female,54,6,133656.91,3,1,0,145071.33,0.9213122171540226,0.42857142857142855,0,324
2025,556,Germany,Female,31,1,128663.81,2,1,0,125083.29,1.02861686307689,1.0,0,31
2025,665,France,Male,36,1,0.0,2,0,1,121505.61,0.0,1.0,2,36
2025,850,France,Female,40,5,0.0,2,1,0,35034.15,0.0,0.3333333333333333,0,200
2025,505,France,Female,36,2,79951.9,1,0,1,174123.16,0.459166034167803,0.3333333333333333,1,72
2025,667,France,Male,34,5,0.0,2,1,1,102908.63,0.0,0.3333333333333333,2,170
2025,850,France,Male,47,6,0.0,1,1,0,187391.02,0.0,0.14285714285714285,0,282
2025,519,Germany,Male,38,1,114141.64,1,1,1,60988.21,1.87150546793441,0.5,1,38
2025,520,France,Female,39,6,145644.05,1,0,0,104118.93,1.3988104870988676,0.14285714285714285,0,234
2025,727,Spain,Female,41,10,0.0,2,0,1,47468.56,0.0,0.18181818181818182,2,410
2025,701,Germany,Male,63,3,120916.52,3,0,0,144727.45,0.8354716712574479,0.75,0,189
2025,554,France,Female,35,6,117707.18,2,0,0,95277.15,1.235405809201795,0.2857142857142857,0,210
2025,529,Spain,Female,43,5,0.0,2,0,0,79476.63,0.0,0.3333333333333333,0,215
2025,608,France,Female,33,4,0.0,1,1,0,79304.38,0.0,0.2,0,132
2025,777,France,Male,36,7,0.0,1,1,0,106472.34,0.0,0.125,0,252
2025,670,France,Female,54,2,95507.12,1,1,1,63213.31,1.5108465156069883,0.3333333333333333,1,108
2025,752,Germany,Male,32,9,115587.49,2,0,1,101677.46,1.1367942630130314,0.2,2,288
2025,643,Spain,Female,34,8,117451.47,1,1,0,65374.86,1.7965571695729892,0.1111111111111111,0,272
2025,526,Germany,Male,50,5,124233.24,1,0,1,159456.87,0.7790975760556692,0.16666666666666666,1,250
2025,418,France,Female,46,9,0.0,1,1,1,81014.5,0.0,0.1,1,414
2025,622,France,Female,30,4,107879.04,1,0,1,196894.62,0.5478996434760712,0.2,1,120
2025,540,Spain,Male,39,2,0.0,2,1,0,81995.92,0.0,0.6666666666666666,0,78
2025,667,Spain,Male,71,4,137260.78,1,0,1,94433.08,1.4535089450757608,0.2,1,284
2025,567,Spain,Male,34,10,0.0,2,0,1,161571.79,0.0,0.18181818181818182,2,340
2025,676,Spain,Female,30,5,0.0,2,0,0,179066.58,0.0,0.3333333333333333,0,150
2025,623,Germany,Female,48,1,108076.33,1,1,0,118855.26,0.9093027998693548,0.5,0,48
2025,712,France,Female,33,6,0.0,2,1,1,190686.16,0.0,0.2857142857142857,2,198
2025,677,France,Female,36,7,0.0,1,1,0,47318.75,0.0,0.125,0,252
2025,660,France,Male,34,1,0.0,2,1,0,9692.58,0.0,1.0,0,34
2025,705,France,Male,33,3,144427.96,2,1,0,113845.19,1.2686235700992716,0.5,0,99
2025,571,France,Male,44,9,0.0,2,0,0,38433.35,0.0,0.2,0,396
2025,609,Spain,Male,37,5,129312.79,1,1,1,26793.82,4.8260368981765875,0.16666666666666666,1,185
2025,655,France,Female,45,0,0.0,2,1,0,166830.71,0.0,2.0,0,0
2025,850,Spain,Male,39,8,0.0,2,1,1,37090.44,0.0,0.2222222222222222,2,312
2025,528,Germany,Male,32,2,99092.45,1,0,1,111149.98,0.8915121576076073,0.3333333333333333,1,64
2025,525,Spain,Female,57,2,145965.33,1,1,1,64448.36,2.26480650855183,0.3333333333333333,1,114
2025,711,France,Male,41,3,0.0,2,1,1,193747.57,0.0,0.5,2,123
2025,553,Spain,Male,38,1,181110.13,2,1,0,184544.59,0.9813842205603505,1.0,0,38
2025,694,France,Male,34,5,127900.03,1,1,0,101737.8,1.2571411300310205,0.16666666666666666,0,170
2025,535,France,Male,30,6,103804.97,1,1,1,125710.53,0.82573945285687,0.14285714285714285,1,180
2025,818,France,Female,49,2,0.0,1,0,1,192298.84,0.0,0.3333333333333333,1,98
2025,680,France,Male,33,10,183768.47,1,1,0,164119.35,1.119717755902909,0.09090909090909091,0,330
2025,680,France,Male,27,3,0.0,1,1,0,32454.26,0.0,0.25,0,81
2025,625,France,Male,52,5,164978.01,1,1,1,67788.49,2.4336812387879005,0.16666666666666666,1,260
2025,639,France,Male,32,9,0.0,2,1,0,111340.36,0.0,0.2,0,288
2025,628,France,Female,29,9,71996.29,1,1,1,34857.46,2.06538929143743,0.1,1,261
2025,771,France,Male,27,2,0.0,2,1,1,199527.34,0.0,0.6666666666666666,2,54
2025,641,France,Male,35,5,0.0,2,1,0,93148.93,0.0,0.3333333333333333,0,175
2025,627,Germany,Male,28,5,71097.23,1,1,1,130504.49,0.5447834416774343,0.16666666666666666,1,140
2025,688,Germany,Male,45,9,103399.87,1,0,0,129870.93,0.7961679633158605,0.1,0,405
2025,486,Spain,Male,27,7,0.0,2,1,0,28823.04,0.0,0.25,0,189
2025,614,France,Female,35,1,0.0,2,1,1,3342.62,0.0,1.0,2,35
2025,576,Germany,Male,30,7,132174.41,2,0,0,93767.03,1.409589281122788,0.25,0,210
2025,592,Spain,Male,38,0,0.0,1,1,0,65986.48,0.0,1.0,0,0
2025,850,France,Female,38,1,106871.81,2,1,0,29333.01,3.64327311540427,1.0,0,38
2025,556,France,Male,38,2,114756.14,1,1,0,193214.05,0.5939296136610477,0.3333333333333333,0,76
2025,768,France,Male,29,2,95984.69,2,1,1,73686.75,1.3025867935986646,0.6666666666666666,2,58
2025,550,France,Male,38,9,140278.99,3,1,1,171457.06,0.8181533723174051,0.3,3,342
2025,649,Spain,Male,36,8,0.0,2,1,0,161668.15,0.0,0.2222222222222222,0,288
2025,850,France,Male,28,8,99986.98,1,1,0,196582.55,0.5086233308941669,0.1111111111111111,0,224
2025,717,France,Male,40,0,98241.04,1,1,0,110887.14,0.885947225735773,1.0,0,0
2025,606,Germany,Female,41,4,132670.53,1,1,0,156476.36,0.8478576709116259,0.2,0,164
2025,741,France,Male,37,9,105261.76,2,1,1,149503.54,0.704070658991359,0.2,2,333
2025,555,Germany,Female,51,9,138214.5,1,1,0,198715.27,0.6955369079743697,0.1,0,459
2025,807,Spain,Female,28,7,165969.26,3,1,0,156122.13,1.063066439931098,0.375,0,196
2025,543,France,Male,64,4,0.0,2,1,1,148305.82,0.0,0.4,2,256
2025,556,France,Female,54,4,150005.38,1,1,0,157015.5,0.9553478774523697,0.2,0,216
2025,538,France,Male,31,1,0.0,2,1,0,1375.46,0.0,1.0,0,31
2025,768,France,Male,42,5,0.0,3,0,0,60686.4,0.0,0.5,0,210
2025,523,Germany,Male,60,1,163894.35,1,0,1,57061.71,2.8721795722635677,0.5,1,60
2025,515,Germany,Male,37,2,90432.92,1,1,1,188366.04,0.480088873297579,0.3333333333333333,1,74
2025,656,Germany,Male,27,4,118627.16,2,1,1,160835.3,0.7375645920728096,0.4,2,108
2025,593,France,Male,32,6,99162.29,1,1,0,128384.11,0.7723815479848091,0.14285714285714285,0,192
2025,668,Spain,Male,45,4,102486.21,2,1,1,158379.25,0.6470895834550079,0.4,2,180
2025,545,France,Female,32,6,0.0,2,1,1,52067.37,0.0,0.2857142857142857,2,192
2025,577,France,Male,29,7,0.0,2,1,1,55473.15,0.0,0.25,2,203
2025,570,France,Female,61,6,142105.35,1,1,1,45214.04,3.142877900804688,0.14285714285714285,1,366
2025,510,France,Male,44,6,0.0,2,1,1,175518.31,0.0,0.2857142857142857,2,264
2025,682,Germany,Male,81,6,122029.15,1,1,1,50783.88,2.4028638051325513,0.14285714285714285,1,486
2025,850,Germany,Male,28,4,147972.19,1,1,0,60708.72,2.4373723021618283,0.2,0,112
2025,483,France,Male,48,1,0.0,2,1,1,110059.38,0.0,1.0,2,48
2025,575,Spain,Female,22,8,105229.34,1,1,1,34397.08,3.0591631858522335,0.1111111111111111,1,176
2025,709,France,Female,36,8,0.0,2,1,1,69676.55,0.0,0.2222222222222222,2,288
2025,815,France,Female,56,3,0.0,3,1,1,94248.16,0.0,0.75,3,168
2025,676,Spain,Male,35,0,0.0,2,0,0,139911.58,0.0,2.0,0,0
2025,718,France,Female,35,2,167924.95,1,1,0,43024.64,3.9029041752778113,0.3333333333333333,0,70
2025,592,Germany,Male,36,10,123187.51,1,0,1,146111.35,0.8431012847305515,0.09090909090909091,1,360
2025,616,France,Male,29,9,0.0,1,1,1,166984.44,0.0,0.1,1,261
2025,600,France,Female,28,6,0.0,2,0,1,52193.23,0.0,0.2857142857142857,2,168
2025,682,Germany,Female,38,1,116520.28,1,1,1,49833.5,2.338144859484895,0.5,1,38
2025,620,Germany,Female,25,8,141825.88,1,1,1,73857.94,1.9202263124816035,0.1111111111111111,1,200
2025,461,Spain,Female,25,6,0.0,2,1,1,15306.29,0.0,0.2857142857142857,2,150
2025,518,France,Female,28,9,85146.36,1,0,0,2803.89,30.356399003169468,0.1,0,252
2025,764,France,Male,41,7,0.0,2,0,0,134878.34,0.0,0.25,0,287
2025,585,France,Female,28,6,105795.9,1,1,1,41219.09,2.566610116571798,0.14285714285714285,1,168
2025,736,Spain,Female,28,2,0.0,2,1,1,117431.1,0.0,0.6666666666666666,2,56
2025,684,Spain,Male,40,2,70291.02,1,1,1,115468.84,0.6087392170977288,0.3333333333333333,1,80
2025,687,France,Male,38,9,122570.87,1,1,1,35608.88,3.4420467016457232,0.1,1,342
2025,780,France,Male,76,10,121313.88,1,0,1,64872.33,1.870011605693742,0.09090909090909091,1,760
2025,549,France,Male,50,9,94748.76,2,0,1,13608.18,6.962121156454686,0.2,2,450
2025,610,France,Male,40,0,0.0,2,1,0,62232.6,0.0,2.0,0,0
2025,645,France,Female,40,3,129596.77,1,1,1,103232.6,1.2553739286433874,0.25,1,120
2025,653,France,Female,60,2,120731.39,4,1,1,138160.11,0.8738449625947563,1.3333333333333333,4,120
2025,522,Spain,Male,34,9,126436.29,1,1,0,174248.52,0.7256048108482595,0.1,0,306
2025,703,France,Male,28,2,81173.83,2,0,1,162812.16,0.49857044725377236,0.6666666666666666,2,56
2025,549,Germany,Female,49,6,124829.16,1,0,1,93551.36,1.3343240085017631,0.14285714285714285,1,294
2025,503,France,Male,29,3,0.0,2,1,1,143954.99,0.0,0.5,2,87
2025,689,Spain,Female,28,5,95328.6,1,1,0,6129.61,15.549610887007983,0.16666666666666666,0,140
2025,569,Germany,Male,35,2,109196.66,3,1,0,109393.19,0.9981943282362619,1.0,0,70
2025,597,Germany,Female,22,6,101528.61,1,1,0,70529.0,1.4395095703955763,0.14285714285714285,0,132
2025,648,France,Male,34,0,0.0,1,1,1,167931.81,0.0,1.0,1,0
2025,646,Germany,Female,36,6,144773.29,2,1,0,53217.3,2.72036667837943,0.2857142857142857,0,216
2025,777,France,Female,53,10,0.0,2,1,0,189992.97,0.0,0.18181818181818182,0,530
2025,637,France,Female,48,7,130806.99,2,1,1,132005.85,0.9909106231987204,0.25,2,336
2025,680,Spain,Female,31,9,119825.75,2,1,1,101139.3,1.184747820601679,0.2,2,279
2025,522,France,Female,41,7,0.0,2,0,1,176780.39,0.0,0.25,2,287
2025,599,Spain,Female,31,3,0.0,1,1,1,130086.47,0.0,0.25,1,93
2025,549,Spain,Female,39,7,0.0,1,0,0,81259.25,0.0,0.125,0,273
2025,650,France,Female,47,9,0.0,1,1,0,187943.6,0.0,0.1,0,423
2025,734,France,Male,43,7,107805.67,1,0,0,182505.68,0.5906943789673891,0.125,0,301
2025,638,Germany,Male,25,4,148045.45,2,1,1,114722.42,1.2904553403306842,0.4,2,100
2025,653,France,Female,42,1,0.0,2,1,1,5768.32,0.0,1.0,2,42
2025,545,France,Male,38,1,88293.13,2,1,1,24302.95,3.6328716114047306,1.0,2,38
2025,560,France,Male,57,0,0.0,2,0,1,116781.71,0.0,2.0,2,0
2025,759,Germany,Male,30,4,101802.67,1,0,0,8693.8,11.708454478538897,0.2,0,120
2025,752,Spain,Female,36,3,0.0,2,1,1,48505.1,0.0,0.5,2,108
2025,645,Germany,Male,49,4,160133.88,1,0,1,88391.97,1.811613299111909,0.2,1,196
2025,729,Spain,Male,44,4,107726.93,2,1,0,153064.87,0.7037945820319056,0.4,0,176
2025,617,Germany,Female,39,5,83348.89,3,1,0,7953.62,10.478047977150386,0.5,0,195
2025,564,Germany,Female,30,0,100954.88,2,0,0,134175.15,0.7524055504648182,2.0,0,0
2025,723,Germany,Male,52,5,131694.97,1,0,1,92873.5,1.4179884683093853,0.16666666666666666,1,260
2025,631,Spain,Female,46,10,0.0,2,1,1,129508.96,0.0,0.18181818181818182,2,460
2025,731,France,Female,47,1,115414.19,3,0,0,191734.67,0.6019442808946296,1.5,0,47
2025,606,France,Male,47,3,93578.68,2,0,1,137720.56,0.679477345449761,0.5,2,141
2025,706,France,Male,38,1,0.0,2,1,0,122379.54,0.0,1.0,0,38
2025,850,Spain,Male,51,3,109799.55,2,1,1,12457.76,8.813039981506988,0.5,2,153
2025,632,France,Male,71,3,83116.68,1,1,1,27597.76,3.0116092172257014,0.25,1,213
2025,790,Germany,Male,24,7,107418.27,1,0,1,160450.21,0.6694762227096948,0.125,1,168
2025,428,Germany,Female,40,3,129248.11,2,1,0,72876.43,1.7734998338991923,0.5,0,120
2025,613,France,Male,47,6,146034.74,1,1,1,77146.14,1.8929378328217998,0.14285714285714285,1,282
2025,651,Spain,Female,45,8,95922.9,1,1,0,84782.42,1.1313874811844107,0.1111111111111111,0,360
2025,577,Spain,Male,35,5,110080.3,1,1,1,109794.31,1.0025956482112033,0.16666666666666666,1,175
2025,710,Spain,Female,51,4,93656.95,1,0,1,141400.51,0.6623475944493096,0.2,1,204
2025,768,Spain,Female,42,3,0.0,1,0,0,161242.99,0.0,0.25,0,126
2025,646,Spain,Male,31,2,0.0,1,1,1,170821.43,0.0,0.3333333333333333,1,62
2025,493,France,Female,33,8,90791.69,1,1,1,59659.53,1.5218049521182597,0.1111111111111111,1,264
2025,797,France,Male,32,10,114084.6,1,0,1,125782.29,0.9069932898082091,0.09090909090909091,1,320
2025,639,Spain,Male,28,8,0.0,2,1,0,126561.07,0.0,0.2222222222222222,0,224
2025,738,France,Male,49,6,106770.82,1,1,0,123499.27,0.8645391625459604,0.14285714285714285,0,294
2025,769,France,Male,29,8,0.0,2,1,1,172290.61,0.0,0.2222222222222222,2,232
2025,738,France,Male,33,4,92676.3,1,1,0,105817.63,0.8758032493900176,0.2,0,132
2025,696,France,Male,42,4,0.0,1,0,0,126353.13,0.0,0.2,0,168
2025,751,France,Female,37,9,183613.66,2,0,0,49734.94,3.6917701766569606,0.2,0,333
2025,465,Germany,Male,24,5,117154.9,1,1,1,127744.02,0.917099547207398,0.16666666666666666,1,120
2025,829,Spain,Female,26,8,101440.36,2,1,1,19324.5,5.249041939406483,0.2222222222222222,2,208
2025,420,Spain,Female,55,4,91893.32,1,1,0,144870.28,0.634310126893336,0.2,0,220
2025,718,Spain,Male,39,6,0.0,2,0,1,63889.1,0.0,0.2857142857142857,2,234
2025,761,France,Female,26,1,0.0,2,1,1,199409.19,0.0,1.0,2,26
2025,471,France,Female,58,4,114713.57,1,1,1,36315.03,3.158758542715159,0.2,1,232
2025,553,France,Male,32,7,64082.09,1,0,1,109159.58,0.5870442425278429,0.125,1,224
2025,721,France,Male,41,6,135071.12,1,1,1,64477.25,2.094832288407331,0.14285714285714285,1,246
2025,714,Spain,Male,33,8,122017.19,1,0,0,162515.17,0.750800304978883,0.1111111111111111,0,264
2025,641,Germany,Female,51,2,117306.69,4,1,1,26912.72,4.358620435970947,1.3333333333333333,4,102
2025,431,Germany,Female,44,2,138843.7,1,1,0,37688.31,3.6839013502767766,0.3333333333333333,0,88
2025,458,Germany,Male,44,7,84386.57,1,1,0,178642.73,0.4723735336247178,0.125,0,308
2025,613,Spain,Male,39,8,118201.41,1,1,0,23315.59,5.069412379769083,0.1111111111111111,0,312
2025,542,Germany,Female,35,9,127543.11,2,1,0,468.94,271.40296633612803,0.2,0,315
2025,573,France,Male,52,8,0.0,2,0,1,178229.04,0.0,0.2222222222222222,2,416
2025,628,France,Female,45,8,0.0,2,1,0,193903.06,0.0,0.2222222222222222,0,360
2025,468,France,Female,42,5,0.0,2,1,0,125305.34,0.0,0.3333333333333333,0,210
2025,650,France,Female,43,6,0.0,2,1,1,16301.91,0.0,0.2857142857142857,2,258
2025,464,Germany,Female,42,3,85679.25,1,1,1,164104.74,0.5220978254630216,0.25,1,126
2025,739,France,Male,42,2,141642.92,2,1,0,172149.76,0.8227841689458705,0.6666666666666666,0,84
2025,641,France,Female,42,6,0.0,2,0,0,121138.77,0.0,0.2857142857142857,0,252
2025,682,France,Female,35,2,181166.44,1,1,1,63737.19,2.8423530696431762,0.3333333333333333,1,70
2025,735,France,Female,21,1,178718.19,2,1,0,22388.0,7.982410558756532,1.0,0,21
2025,704,France,Male,39,2,111525.02,1,1,0,199484.96,0.5590620011553695,0.3333333333333333,0,78
2025,594,Spain,Female,38,7,96858.35,1,1,0,77511.45,1.249584421599369,0.125,0,266
2025,574,Spain,Female,28,7,0.0,2,0,0,185660.3,0.0,0.25,0,196
2025,697,Spain,Female,37,7,168066.87,1,1,0,35450.53,4.7407508223199395,0.125,0,259
2025,650,Germany,Male,34,4,142393.11,1,1,1,11276.48,12.62632343395865,0.2,1,136
2025,668,France,Female,46,2,0.0,3,1,0,89048.46,0.0,1.0,0,92
2025,523,France,Male,22,8,123374.46,1,1,1,124906.59,0.9877258859929969,0.1111111111111111,1,176
2025,706,France,Male,30,3,98415.37,1,1,1,110520.48,0.8904637360990822,0.25,1,90
2025,711,France,Female,29,3,130181.47,2,1,0,31811.44,4.092156087367081,0.5,0,87
2025,485,France,Female,27,3,0.0,2,1,0,141449.86,0.0,0.5,0,81
2025,652,Germany,Male,50,8,125437.64,1,1,1,17160.94,7.309059465305205,0.1111111111111111,1,400
2025,837,France,Male,49,8,103302.37,1,1,1,50974.57,2.0265074034483574,0.1111111111111111,1,392
2025,705,France,Male,92,1,126076.24,2,1,1,34436.83,3.6609809619247207,1.0,2,92
2025,815,Germany,Female,25,8,135161.67,1,1,1,136071.05,0.9933095738617889,0.1111111111111111,1,200
2025,615,Spain,Male,19,5,0.0,2,1,0,159920.92,0.0,0.3333333333333333,0,95
2025,651,Germany,Female,24,7,40224.7,1,1,1,178341.33,0.2255476868559472,0.125,1,168
2025,607,Germany,Female,24,2,109483.54,2,0,1,127560.77,0.8582786206243452,0.6666666666666666,2,48
2025,578,Spain,Male,36,1,157267.95,2,1,0,141533.19,1.1111657896936422,1.0,0,36
2025,610,France,Male,26,8,0.0,2,1,0,166031.08,0.0,0.2222222222222222,0,208
2025,415,France,Male,46,9,134950.19,3,0,0,178587.36,0.7556494163449399,0.3,0,414
2025,581,France,Male,35,4,0.0,2,0,1,86383.82,0.0,0.4,2,140
2025,528,Germany,Male,39,0,127631.62,1,0,1,22197.8,5.749482854929095,1.0,1,0
2025,588,Spain,Male,46,8,0.0,1,1,0,61931.21,0.0,0.1111111111111111,0,368
2025,813,Germany,Male,27,6,111348.15,1,1,0,46422.46,2.3985319060664585,0.14285714285714285,0,162
2025,768,France,Female,40,8,0.0,2,0,1,69080.46,0.0,0.2222222222222222,2,320
2025,745,Germany,Male,48,10,96048.55,1,1,0,74510.65,1.2890407070572187,0.09090909090909091,0,480
2025,827,Germany,Female,47,8,143001.5,2,1,0,108977.5,1.3121991952541097,0.2222222222222222,0,376
2025,695,France,Male,46,7,49512.55,1,1,0,133007.34,0.3722514693439524,0.125,0,322
2025,545,France,Male,26,7,0.0,2,0,1,156598.23,0.0,0.25,2,182
2025,774,France,Male,76,4,112510.89,1,1,1,143133.18,0.7860518710485505,0.2,1,304
2025,439,Spain,Female,32,3,138901.61,1,1,0,75685.97,1.83521166192807,0.25,0,96
2025,576,France,Male,39,9,84719.98,1,0,0,191063.36,0.4434106915596399,0.1,0,351
2025,645,Spain,Female,21,1,0.0,2,0,0,28726.07,0.0,1.0,0,21
2025,748,France,Male,66,8,0.0,1,1,1,163331.65,0.0,0.1111111111111111,1,528
2025,807,France,Female,47,9,167664.83,1,0,0,125440.11,1.3366019321735911,0.1,0,423
2025,728,France,Female,34,6,90425.15,2,1,1,11597.69,7.796151979232136,0.2857142857142857,2,204
2025,554,Germany,Female,54,6,108755.0,1,1,0,40914.32,2.658050823016904,0.14285714285714285,0,324
2025,553,France,Male,41,1,0.0,2,1,0,90607.31,0.0,1.0,0,41
2025,516,France,Male,35,10,104088.59,2,0,0,119666.0,0.8698186634577619,0.18181818181818182,0,350
2025,710,France,Male,30,6,0.0,2,1,1,8991.17,0.0,0.2857142857142857,2,180
2025,648,Germany,Male,37,6,131753.41,1,1,0,86894.67,1.5162252618571215,0.14285714285714285,0,222
2025,609,Spain,Female,43,6,86053.52,2,1,1,113276.46,0.7596702821549848,0.2857142857142857,2,258
2025,625,France,Female,24,1,0.0,2,1,1,180969.55,0.0,1.0,2,24
2025,738,Germany,Male,43,9,121152.05,2,1,0,64166.7,1.8880534910866371,0.2,0,387
2025,488,Germany,Female,28,7,139246.22,2,1,0,106799.49,1.3037975762096221,0.25,0,196
2025,751,Spain,Male,33,4,79281.61,1,1,0,117547.76,0.674457220986423,0.2,0,132
2025,794,Spain,Female,30,1,154970.54,1,0,1,156768.45,0.9885251239957785,0.5,1,30
2025,694,France,Male,30,2,0.0,3,0,1,15039.41,0.0,1.0,3,60
2025,492,Germany,Female,30,10,77168.87,2,0,1,146700.22,0.5260274590763457,0.18181818181818182,2,300
2025,600,France,Male,31,8,0.0,2,1,1,121555.51,0.0,0.2222222222222222,2,248
2025,678,France,Male,60,8,185648.56,1,0,0,192156.54,0.9661268561202437,0.1111111111111111,0,480
2025,565,France,Male,38,5,0.0,2,0,1,80630.32,0.0,0.3333333333333333,2,190
2025,614,France,Male,51,3,0.0,2,1,1,5552.37,0.0,0.5,2,153
2025,637,France,Male,41,2,0.0,2,0,1,102515.42,0.0,0.6666666666666666,2,82
2025,615,France,Male,49,3,0.0,2,1,1,49872.33,0.0,0.5,2,147
2025,524,Germany,Female,31,10,67238.98,2,1,1,161811.23,0.4155370703438176,0.18181818181818182,2,310
2025,669,France,Male,30,7,95128.86,1,0,0,19799.26,4.804424790381541,0.125,0,210
2025,677,Spain,Female,34,4,0.0,2,1,1,6175.53,0.0,0.4,2,136
2025,624,Spain,Male,38,7,123906.55,1,1,0,135096.78,0.9171619992571307,0.125,0,266
2025,547,France,Female,35,4,0.0,1,1,1,133287.73,0.0,0.2,1,140
2025,838,Spain,Female,67,4,103267.8,1,1,1,78310.04,1.3186876333145365,0.2,1,268
2025,499,Germany,Female,44,6,77627.33,2,1,0,108222.68,0.7172859950798199,0.2857142857142857,0,264
2025,672,Germany,Male,40,10,102980.44,1,1,0,1285.81,80.02769639651542,0.09090909090909091,0,400
2025,809,France,Male,38,3,0.0,2,1,1,80061.31,0.0,0.5,2,114
2025,606,Germany,Female,32,1,106301.85,2,0,1,59061.25,1.7998273008563,1.0,2,32
2025,566,Spain,Male,32,10,147511.26,1,1,1,159891.03,0.9225679353748902,0.09090909090909091,1,320
2025,685,France,Male,20,4,104719.94,2,1,0,38691.34,2.7064773027426106,0.4,0,80
2025,543,Germany,Female,25,1,146566.01,1,0,1,161407.48,0.9080440507214986,0.5,1,25
2025,667,France,Male,48,2,0.0,1,1,0,43229.2,0.0,0.3333333333333333,0,96
2025,651,Germany,Female,41,4,133432.59,1,0,1,151303.48,0.8818812899657696,0.2,1,164
2025,704,France,Male,36,7,120026.98,2,0,1,100601.73,1.193078756411481,0.25,2,252
2025,702,France,Male,40,7,145536.9,1,0,1,135334.24,1.0753806621246618,0.125,1,280
2025,714,Germany,Male,29,6,92887.13,1,1,1,69578.49,1.3349785978598003,0.14285714285714285,1,174
2025,792,Germany,Female,29,4,107601.79,1,1,0,18922.18,5.686242481443394,0.2,0,116
2025,724,Germany,Male,30,7,115315.04,1,1,0,15216.53,7.577776419694917,0.125,0,210
2025,758,Spain,Male,35,5,0.0,2,1,0,95009.6,0.0,0.3333333333333333,0,175
2025,691,France,Female,33,6,0.0,2,1,1,100408.31,0.0,0.2857142857142857,2,198
2025,636,Spain,Female,36,1,0.0,1,1,0,43134.58,0.0,0.5,0,36
2025,665,Germany,Female,51,9,110610.41,2,0,1,1112.76,99.31260774314036,0.2,2,459
2025,678,Spain,Female,49,8,0.0,2,0,1,98090.69,0.0,0.2222222222222222,2,392
2025,658,France,Female,31,7,123974.96,1,1,0,102153.75,1.2135995634074774,0.125,0,217
2025,649,France,Male,47,1,0.0,2,1,1,145593.85,0.0,1.0,2,47
2025,780,France,Male,34,1,0.0,1,1,1,64804.04,0.0,0.5,1,34
2025,639,Germany,Male,27,3,150795.81,1,0,1,85208.93,1.7696976162285312,0.25,1,81
2025,632,Germany,Female,35,2,150561.03,2,0,0,64722.61,2.326214962360721,0.6666666666666666,0,70
2025,660,France,Female,43,1,0.0,1,0,1,112026.1,0.0,0.5,1,43
2025,850,France,Male,40,6,124788.18,1,1,0,65612.12,1.9018784657702605,0.14285714285714285,0,240
2025,705,Germany,Female,33,5,116765.7,1,0,0,190659.17,0.6124283850161257,0.16666666666666666,0,165
2025,696,Germany,Female,35,4,174902.26,1,1,0,69079.85,2.5318486961292455,0.2,0,140
2025,410,France,Male,33,6,125789.69,1,0,0,66333.56,1.8962919178178013,0.14285714285714285,0,198
2025,805,Germany,Female,45,9,116585.97,1,1,0,189428.75,0.6154575508862784,0.1,0,405
2025,719,Spain,Female,40,9,0.0,2,1,0,182224.14,0.0,0.2,0,360
2025,747,France,Male,61,7,155973.13,1,0,1,147554.26,1.0570489320407825,0.125,1,427
2025,705,Spain,Male,39,6,133261.13,1,1,1,78065.9,1.70701193463555,0.14285714285714285,1,234
2025,560,Spain,Female,43,4,95140.44,2,1,0,123181.44,0.7723539166783837,0.4,0,172
2025,479,Germany,Female,23,9,123575.51,1,0,1,95148.28,1.2987540210498703,0.1,1,207
2025,788,Germany,Female,57,8,93716.72,1,1,1,180150.49,0.5202106293986245,0.1111111111111111,1,456
2025,731,Spain,Female,39,2,0.0,2,1,0,136737.13,0.0,0.6666666666666666,0,78
2025,755,France,Male,41,6,104817.41,1,1,0,126013.58,0.8317879565999426,0.14285714285714285,0,246
2025,834,Spain,Male,40,7,0.0,2,0,0,45038.74,0.0,0.25,0,280
2025,681,France,Female,58,8,93173.88,1,1,1,139761.25,0.6666598455591549,0.1111111111111111,1,464
2025,627,Spain,Male,41,5,100880.76,1,0,1,134665.25,0.7491168722675503,0.16666666666666666,1,205
2025,681,Germany,Male,37,8,73179.34,2,1,1,25292.53,2.893203914202565,0.2222222222222222,2,296
2025,837,France,Female,29,9,0.0,2,1,1,41866.26,0.0,0.2,2,261
2025,562,Spain,Male,32,6,161628.66,1,1,0,91482.5,1.7667520372526193,0.14285714285714285,0,192
2025,726,Germany,Male,50,9,94504.35,1,0,1,5078.9,18.603584716234575,0.1,1,450
2025,497,Spain,Male,37,8,128650.11,2,1,1,163641.53,0.7861654913304017,0.2222222222222222,2,296
2025,718,Spain,Female,39,2,0.0,1,1,1,52138.49,0.0,0.3333333333333333,1,78
2025,713,France,Female,39,10,0.0,2,1,1,126263.97,0.0,0.18181818181818182,2,390
2025,618,France,Male,37,2,168178.21,2,0,1,101273.23,1.6606219568393656,0.6666666666666666,2,74
2025,552,Spain,Female,34,4,0.0,2,1,0,140286.69,0.0,0.4,0,136
2025,620,France,Male,42,4,0.0,2,1,0,6232.31,0.0,0.4,0,168
2025,486,France,Male,63,9,97009.15,1,1,1,85101.0,1.1399162181852365,0.1,1,567
2025,541,Germany,Male,51,7,90373.28,2,1,0,179861.79,0.5024567894226482,0.25,0,357
2025,622,France,Male,31,5,106260.67,1,1,1,2578.43,41.19540751251245,0.16666666666666666,1,155
2025,601,Spain,Male,28,6,0.0,2,1,0,14665.28,0.0,0.2857142857142857,0,168
2025,802,France,Male,38,1,142557.11,1,1,1,172497.73,0.8264241133833274,0.5,1,38
2025,610,France,Female,25,2,0.0,2,1,0,123723.83,0.0,0.6666666666666666,0,50
2025,815,Spain,Female,39,6,0.0,1,1,1,85167.88,0.0,0.14285714285714285,1,234
2025,685,Germany,Male,30,3,90536.81,1,0,1,63082.88,1.4351813807267404,0.25,1,90
2025,716,Germany,Male,27,1,122552.34,2,1,0,67611.36,1.8125730265886295,1.0,0,27
2025,709,France,Female,32,2,87814.89,1,1,0,138578.37,0.6336793853226494,0.3333333333333333,0,64
2025,580,Spain,Male,29,9,61710.44,2,1,0,128077.8,0.48181619440531925,0.2,0,261
2025,504,Spain,Female,46,2,163764.84,1,1,1,165122.55,0.9917715552990474,0.3333333333333333,1,92
2025,654,Spain,Female,54,5,0.0,2,0,1,47139.06,0.0,0.3333333333333333,2,270
2025,720,France,Female,43,6,137824.03,2,1,0,172557.77,0.7987077677941261,0.2857142857142857,0,258
2025,748,Spain,Female,23,8,85600.08,1,0,0,134077.71,0.6384315600888464,0.1111111111111111,0,184
2025,708,Spain,Male,46,7,68799.72,1,1,1,39704.14,1.73276608519703,0.125,1,322
2025,619,Germany,Male,29,4,98955.87,1,0,1,131712.51,0.7512962793262437,0.2,1,116
2025,515,France,Female,58,2,131852.81,1,1,0,81436.68,1.6190639271649194,0.3333333333333333,0,116
2025,667,France,Male,40,9,0.0,1,1,1,96670.2,0.0,0.1,1,360
2025,512,France,Female,31,7,0.0,2,0,0,49326.07,0.0,0.25,0,217
2025,764,France,Female,44,1,0.0,2,1,1,11467.38,0.0,1.0,2,44
2025,831,Germany,Male,32,9,80262.66,1,1,0,194867.78,0.4118805485414339,0.1,0,288
2025,466,France,Male,26,9,105522.06,1,1,0,10842.46,9.731401231710175,0.1,0,234
2025,593,Germany,Female,62,3,118233.81,1,0,1,24765.53,4.7739352262912895,0.25,1,186
2025,686,Spain,Male,39,10,136258.06,1,0,0,89199.51,1.5275479927188758,0.09090909090909091,0,390
2025,695,Spain,Female,56,4,0.0,2,1,0,84644.76,0.0,0.4,0,224
2025,541,France,Male,37,9,118636.92,1,1,1,73551.44,1.612956959687537,0.1,1,333
2025,788,France,Female,39,3,135139.33,1,0,1,113086.08,1.1950023822349995,0.25,1,117
2025,692,France,Female,36,3,0.0,2,1,1,8282.22,0.0,0.5,2,108
2025,514,France,Male,35,3,121030.9,1,1,0,10008.68,12.091385538798443,0.25,0,105
2025,687,France,Female,44,9,0.0,2,0,0,103042.2,0.0,0.2,0,396
2025,640,Germany,Male,45,8,120591.19,1,0,0,195123.94,0.6180203822227953,0.1111111111111111,0,360
2025,654,Spain,Female,36,2,0.0,2,1,1,146652.11,0.0,0.6666666666666666,2,72
2025,577,Spain,Male,43,8,79757.21,1,1,0,135650.72,0.5879557590570913,0.1111111111111111,0,344
2025,736,France,Male,54,7,111729.47,2,0,1,84920.49,1.3156795765123763,0.25,2,378
2025,567,Spain,Male,44,9,0.0,2,1,0,87677.15,0.0,0.2,0,396
2025,528,Spain,Male,43,7,97473.87,2,1,1,159823.16,0.6098819477605888,0.25,2,301
2025,623,Germany,Male,33,2,80002.33,1,1,1,104079.62,0.7686573158384338,0.3333333333333333,1,66
2025,677,Germany,Female,26,3,102395.79,1,1,0,119368.99,0.8578017808328541,0.25,0,78
2025,655,France,Female,59,7,0.0,1,1,0,88958.49,0.0,0.125,0,413
2025,652,Germany,Female,47,0,126597.89,2,1,1,38798.79,3.26284987624933,2.0,2,0
2025,640,Germany,Female,75,1,106307.91,2,0,1,113428.77,0.9372134846081412,1.0,2,75
2025,654,France,Male,47,10,0.0,2,1,0,170481.98,0.0,0.18181818181818182,0,470
2025,589,Spain,Female,46,10,0.0,2,0,1,168369.37,0.0,0.18181818181818182,2,460
2025,684,Spain,Female,38,3,134168.5,3,1,0,3966.5,33.816887208569625,0.75,0,114
2025,557,France,Male,33,3,54503.55,1,1,1,371.05,146.49522913586884,0.25,1,99
2025,695,France,Male,29,5,0.0,2,1,1,6770.44,0.0,0.3333333333333333,2,145
2025,584,France,Male,33,3,0.0,2,0,1,59103.13,0.0,0.5,2,99
2025,554,Spain,Female,45,4,0.0,2,1,1,193412.05,0.0,0.4,2,180
2025,773,Spain,Female,33,10,0.0,1,1,1,98820.09,0.0,0.09090909090909091,1,330
2025,632,France,Male,38,4,0.0,2,0,0,192505.62,0.0,0.4,0,152
2025,494,France,Female,33,1,137853.0,1,0,1,90273.85,1.527036599894655,0.5,1,33
2025,622,France,Female,39,9,83456.79,2,0,0,38882.34,2.1463379946270047,0.2,0,351
2025,592,Germany,Female,26,4,105082.07,2,1,0,132801.57,0.7912653346994716,0.4,0,104
2025,667,France,Male,31,3,99513.91,1,1,1,189657.26,0.5247011651377588,0.25,1,93
2025,850,France,Female,39,0,104386.53,1,1,0,105886.77,0.9858223475666736,1.0,0,0
2025,543,Germany,Male,49,6,59532.18,1,1,0,104253.56,0.571027109030051,0.14285714285714285,0,294
2025,814,France,Male,48,9,136596.85,1,1,1,185791.9,0.7352102798330831,0.1,1,432
2025,491,Germany,Female,57,4,112044.72,1,1,1,41229.73,2.7175051229992775,0.2,1,228
2025,449,Spain,Female,31,1,113693.0,1,0,0,82796.29,1.3731488071650655,0.5,0,31
2025,670,France,Female,31,9,0.0,1,0,1,76254.83,0.0,0.1,1,279
2025,745,France,Male,25,5,157993.15,2,1,0,146041.45,1.0818303171440906,0.3333333333333333,0,125
2025,615,Germany,Female,33,3,137657.25,2,1,1,171657.57,0.8019247160220431,0.5,2,99
2025,498,Germany,Male,61,7,102453.26,1,1,0,187247.56,0.5471511236187877,0.125,0,427
2025,713,France,Female,37,8,0.0,1,1,1,16403.41,0.0,0.1111111111111111,1,296
2025,706,Germany,Female,39,8,112889.91,1,0,1,6723.66,16.787452451127642,0.1111111111111111,1,312
2025,561,France,Male,43,4,0.0,4,0,0,18522.91,0.0,0.8,0,172
2025,606,Germany,Male,39,8,136000.45,2,1,0,31708.53,4.288945626125648,0.2222222222222222,0,312
2025,651,Spain,Female,36,8,0.0,2,1,0,91652.43,0.0,0.2222222222222222,0,288
2025,640,France,Female,66,9,116037.76,1,0,1,184636.05,0.6284641137843137,0.1,1,594
2025,607,France,Male,35,2,0.0,2,1,1,114190.3,0.0,0.6666666666666666,2,70
2025,515,France,Female,37,0,196853.62,1,1,1,132770.11,1.4826540201403755,1.0,1,0
2025,537,Spain,Male,30,1,103138.17,1,1,1,96555.42,1.0681648097557883,0.5,1,30
2025,559,France,Male,32,9,145303.52,1,1,0,103560.98,1.403058535574542,0.1,0,288
2025,359,France,Female,44,6,128747.69,1,1,0,146955.71,0.8760926261890322,0.14285714285714285,0,264
2025,658,Germany,Female,45,9,134562.8,1,1,1,159268.67,0.8448739800867295,0.1,1,405
2025,512,France,Male,36,0,129804.17,1,1,0,53020.9,2.448123699829693,1.0,0,0
2025,575,France,Male,40,5,0.0,2,1,1,122488.59,0.0,0.3333333333333333,2,200
2025,733,France,Male,48,5,0.0,1,0,1,117830.57,0.0,0.16666666666666666,1,240
2025,579,France,Female,39,3,166501.17,2,1,0,93835.64,1.774372675747981,0.5,0,117
2025,645,France,Female,68,9,0.0,4,1,1,176353.87,0.0,0.4,4,612
2025,598,France,Female,32,4,111156.52,1,1,1,167376.26,0.6641076571572506,0.2,1,128
2025,592,France,Female,38,8,119278.01,2,0,1,19370.73,6.157323584419151,0.2222222222222222,2,304
2025,706,Germany,Female,56,3,139603.22,1,1,1,86383.61,1.6160658709925297,0.25,1,168
2025,647,Germany,Female,33,3,168560.46,2,0,0,90270.16,1.8672681286027561,0.5,0,99
2025,632,Germany,Male,65,6,129472.33,1,1,1,85179.48,1.5199765251381538,0.14285714285714285,1,390
2025,544,Spain,Male,30,8,145241.63,1,1,1,80676.83,1.8002669382654441,0.1111111111111111,1,240
2025,658,France,Female,24,2,0.0,2,1,1,84694.49,0.0,0.6666666666666666,2,48
2025,650,Spain,Male,61,1,152968.73,1,0,1,82970.69,1.843625578796816,0.5,1,61
2025,497,France,Male,41,9,0.0,1,0,0,22074.48,0.0,0.1,0,369
2025,786,Spain,Female,34,9,0.0,2,1,0,117034.32,0.0,0.2,0,306
2025,677,France,Female,25,3,0.0,2,1,0,179608.96,0.0,0.5,0,75
2025,680,France,Male,44,7,108724.98,1,0,1,72330.46,1.503149252068187,0.125,1,308
2025,787,Germany,Female,38,3,158373.23,1,1,1,28228.35,5.610232966752689,0.25,1,114
2025,692,Spain,Male,46,2,0.0,2,1,1,105983.09,0.0,0.6666666666666666,2,92
2025,721,France,Female,37,1,0.0,2,1,0,70810.8,0.0,1.0,0,37
2025,651,France,Female,41,4,38617.2,1,1,1,104876.8,0.3682113850595645,0.2,1,164
2025,588,France,Female,27,8,0.0,1,1,0,20066.38,0.0,0.1111111111111111,0,216
2025,755,France,Male,34,3,0.0,2,1,1,158816.03,0.0,0.5,2,102
2025,499,Germany,Male,36,5,131142.53,2,1,0,174918.46,0.7497309333106791,0.3333333333333333,0,180
2025,803,France,Male,33,6,0.0,2,1,0,115676.61,0.0,0.2857142857142857,0,198
2025,430,France,Female,33,8,0.0,1,1,1,69759.91,0.0,0.1111111111111111,1,264
2025,654,Germany,Male,37,5,112146.12,1,1,0,75927.35,1.4769993026320207,0.16666666666666666,0,185
2025,631,Germany,Male,37,8,138292.64,2,0,0,152422.91,0.9072896765343443,0.2222222222222222,0,296
2025,568,Spain,Male,27,5,126815.97,2,0,1,118648.12,1.0688319475104409,0.3333333333333333,2,135
2025,583,France,Male,36,8,0.0,2,0,1,5571.59,0.0,0.2222222222222222,2,288
2025,692,France,Male,54,5,0.0,2,1,1,88721.84,0.0,0.3333333333333333,2,270
2025,677,Spain,Male,40,7,95312.8,1,1,1,62944.75,1.5142054864704926,0.125,1,280
2025,534,France,Male,36,4,120037.96,1,1,0,36275.94,3.3089328923553087,0.2,0,144
2025,571,France,Female,30,4,85755.86,1,1,0,145115.95,0.5909430979634012,0.2,0,120
2025,656,Spain,Male,28,8,120047.77,1,1,1,137173.39,0.8751471028958101,0.1111111111111111,1,224
2025,624,Germany,Female,52,0,133723.43,1,0,0,4859.59,27.51176914736688,1.0,0,0
2025,707,Spain,Female,32,4,132835.56,1,0,0,136877.24,0.9704651374827731,0.2,0,128
2025,562,Germany,Male,31,2,112708.2,1,0,1,186370.3,0.6047508387825808,0.3333333333333333,1,62
2025,474,France,Male,45,10,0.0,2,0,0,172175.9,0.0,0.18181818181818182,0,450
2025,445,Germany,Female,34,7,131082.17,2,1,1,70618.0,1.8561884195471476,0.25,2,238
2025,756,France,Male,37,3,132623.6,1,1,1,58974.0,2.2488105129292073,0.25,1,111
2025,512,France,Female,41,6,0.0,1,1,1,100507.81,0.0,0.14285714285714285,1,246
2025,550,France,Female,22,7,139096.85,1,1,0,129890.94,1.0708659059214913,0.125,0,154
2025,650,France,Male,60,8,0.0,2,1,1,102925.76,0.0,0.2222222222222222,2,480
2025,650,Germany,Female,45,9,152367.21,3,1,0,150835.21,1.0101500826625118,0.3,0,405
2025,835,France,Male,32,8,124993.29,2,1,1,27548.06,4.537116329921965,0.2222222222222222,2,256
2025,841,France,Female,52,5,0.0,1,0,0,183239.71,0.0,0.16666666666666666,0,260
2025,775,France,Female,30,5,0.0,1,1,0,193880.6,0.0,0.16666666666666666,0,150
2025,781,France,Male,32,6,147107.91,1,1,1,40066.95,3.6714608558710893,0.14285714285714285,1,192
2025,694,Spain,Male,31,5,0.0,1,1,0,35593.18,0.0,0.16666666666666666,0,155
2025,794,France,Male,46,6,0.0,2,1,0,195325.74,0.0,0.2857142857142857,0,276
2025,635,France,Female,72,4,74812.84,1,0,1,27448.33,2.7254887459912496,0.2,1,288
2025,752,France,Female,41,8,0.0,2,1,0,139844.04,0.0,0.2222222222222222,0,328
2025,642,France,Male,35,2,133161.95,1,0,1,122254.86,1.0892070940403185,0.3333333333333333,1,70
2025,686,Germany,Male,29,3,185379.02,1,1,0,64679.07,2.866091827049661,0.25,0,87
2025,408,France,Female,84,8,87873.39,1,0,0,188484.52,0.46620764290010186,0.1111111111111111,0,672
2025,671,Germany,Male,35,1,144848.74,1,1,1,179012.3,0.8091507167344549,0.5,1,35
2025,653,Germany,Female,25,2,158266.42,3,1,1,199357.24,0.7938795005413372,1.0,3,50
2025,622,Spain,Male,42,9,0.0,2,1,0,119127.06,0.0,0.2,0,378
2025,645,France,Male,30,1,125739.26,1,1,1,193441.23,0.650009359383419,0.5,1,30
2025,636,Spain,Male,60,7,124447.73,1,1,1,141364.62,0.8803252870110851,0.125,1,420
2025,548,Germany,Male,49,9,108437.89,1,0,0,127022.87,0.8536812018087624,0.1,0,441
2025,659,France,Female,44,9,23503.31,1,0,1,169862.01,0.13836626349668477,0.1,1,396
2025,644,France,Male,38,3,0.0,2,1,1,79928.41,0.0,0.5,2,114
2025,586,France,Male,27,5,130231.8,2,1,1,192427.16,0.6767814024724863,0.3333333333333333,2,135
2025,497,France,Male,47,6,0.0,1,1,1,90055.08,0.0,0.14285714285714285,1,282
2025,663,France,Male,45,5,83195.12,1,1,1,48682.1,1.7089117167969994,0.16666666666666666,1,225
2025,619,Germany,Male,57,3,137946.39,1,1,1,72467.99,1.90352301032483,0.25,1,171
2025,702,France,Male,45,9,74989.58,1,1,1,171014.69,0.43849532168656574,0.1,1,405
2025,666,France,Male,43,7,137780.74,2,1,1,119100.05,1.1568390035184408,0.25,2,301
2025,512,Spain,Male,31,6,0.0,2,1,0,168462.26,0.0,0.2857142857142857,0,186
2025,542,France,Female,39,4,109949.39,2,1,1,41268.65,2.664170643560098,0.4,2,156
2025,706,Germany,Female,47,10,144090.42,1,1,0,140938.95,1.0223532788254857,0.09090909090909091,0,470
2025,848,Spain,Male,40,3,110929.96,1,1,1,30876.84,3.5925427426270753,0.25,1,120
2025,450,Spain,Male,25,9,74237.2,2,0,1,195463.35,0.37979918077132735,0.2,2,225
2025,682,France,Male,42,0,0.0,1,1,1,160828.98,0.0,1.0,1,0
2025,645,France,Male,42,4,98298.18,1,1,1,676.06,145.18385372049744,0.2,1,168
2025,743,France,Female,40,6,0.0,1,1,0,28280.8,0.0,0.14285714285714285,0,240
2025,766,Spain,Male,41,6,99208.46,2,1,0,62402.38,1.5897930528763027,0.2857142857142857,0,246
2025,558,France,Male,40,6,0.0,2,1,0,173844.89,0.0,0.2857142857142857,0,240
2025,599,France,Male,28,7,119706.22,1,0,0,31190.42,3.8377932136465738,0.125,0,196
2025,730,Spain,Male,25,5,167385.81,1,1,1,56307.51,2.972655642992507,0.16666666666666666,1,125
2025,689,Spain,Female,40,5,154251.67,1,0,1,118319.5,1.3036766240845838,0.16666666666666666,1,200
2025,698,Spain,Female,63,5,0.0,1,1,1,173576.71,0.0,0.16666666666666666,1,315
2025,782,France,Female,33,2,94493.03,1,0,1,101866.39,0.9276082365514616,0.3333333333333333,1,66
2025,733,Germany,Male,31,6,157791.07,2,0,0,177994.81,0.8864875527126173,0.2857142857142857,0,186
2025,850,Spain,Female,32,5,0.0,1,1,1,3830.59,0.0,0.16666666666666666,1,160
2025,529,France,Male,46,8,0.0,1,0,0,126511.94,0.0,0.1111111111111111,0,368
2025,617,France,Male,40,5,190008.32,2,1,1,107047.92,1.7749671832280047,0.3333333333333333,2,200
2025,698,France,Male,33,5,135658.73,2,0,1,39755.0,3.412283177382031,0.3333333333333333,2,165
2025,651,Germany,Male,31,7,138008.06,2,1,0,129912.74,1.0623053419907702,0.25,0,217
2025,760,Spain,Male,38,3,91241.85,1,0,1,80682.35,1.130863430930917,0.25,1,114
2025,598,France,Male,38,0,125487.89,1,0,0,158111.71,0.7936609903150734,1.0,0,0
2025,748,France,Female,39,9,132865.56,1,1,1,59636.43,2.227888760464695,0.1,1,351
2025,775,France,Male,52,8,109922.61,1,1,1,96823.32,1.1352789257905451,0.1111111111111111,1,416
2025,648,Spain,Male,49,5,0.0,1,1,0,149946.43,0.0,0.16666666666666666,0,245
2025,790,Spain,Male,29,3,46057.96,2,1,1,189777.66,0.24269304040823134,0.5,2,87
2025,741,France,Female,44,7,0.0,2,1,1,190534.76,0.0,0.25,2,308
2025,850,Germany,Female,45,1,121874.89,1,0,0,6865.41,17.749433838060938,0.5,0,45
2025,574,Spain,Male,52,7,115532.52,1,1,0,196257.67,0.5886747321787109,0.125,0,364
2025,551,France,Female,26,2,144258.52,1,1,0,49778.79,2.897933478626567,0.3333333333333333,0,52
2025,812,France,Male,44,4,115049.15,2,1,0,165038.41,0.6971010742222115,0.4,0,176
2025,715,France,Female,41,8,56214.85,2,0,0,92982.61,0.6045672995488129,0.2222222222222222,0,328
2025,812,Germany,Male,25,5,54817.55,1,1,0,131660.31,0.4163527614908283,0.16666666666666666,0,125
2025,652,France,Female,34,6,97435.85,2,1,1,104331.76,0.9338950680495753,0.2857142857142857,2,204
2025,642,Germany,Female,39,8,128264.03,1,1,0,61792.76,2.075679324255394,0.1111111111111111,0,312
2025,714,Germany,Female,55,9,180075.22,1,1,1,100127.71,1.798437431182325,0.1,1,495
2025,540,France,Male,48,0,148116.48,1,0,0,116973.48,1.2662290099515725,1.0,0,0
2025,545,France,Male,47,8,105792.49,1,0,1,67830.2,1.559643497387633,0.1111111111111111,1,376
2025,586,Germany,Female,36,5,103700.69,1,1,0,194072.56,0.5343370317935117,0.16666666666666666,0,180
2025,583,France,Female,38,10,0.0,2,0,1,113597.64,0.0,0.18181818181818182,2,380
2025,607,Spain,Male,36,8,158261.68,1,1,1,76744.72,2.062156430352077,0.1111111111111111,1,288
2025,600,France,Female,38,9,0.0,2,1,1,58855.85,0.0,0.2,2,342
2025,619,Germany,Female,42,8,132796.04,3,1,1,191821.35,0.6922865870426466,0.3333333333333333,3,336
2025,721,Spain,Female,33,4,72535.45,1,1,1,103931.49,0.6979092870766398,0.2,1,132
2025,692,France,Male,30,2,0.0,2,0,1,130486.57,0.0,0.6666666666666666,2,60
2025,850,Spain,Female,55,7,0.0,1,0,0,171762.87,0.0,0.125,0,385
2025,577,Spain,Male,28,7,0.0,1,1,0,143274.41,0.0,0.125,0,196
2025,618,France,Female,46,6,150213.71,1,1,0,120668.46,1.2448361830739938,0.14285714285714285,0,276
2025,621,Spain,Female,37,9,83061.26,2,1,0,9170.54,9.056413644818644,0.2,0,333
2025,804,France,Female,50,4,0.0,1,1,1,8546.87,0.0,0.2,1,200
2025,551,France,Male,31,1,0.0,2,1,1,185105.44,0.0,1.0,2,31
2025,768,Germany,Male,37,9,108308.11,1,1,0,41788.25,2.5917696536788766,0.1,0,333
2025,627,Spain,Male,44,6,0.0,1,1,1,114469.55,0.0,0.14285714285714285,1,264
2025,647,France,Female,29,0,98263.46,2,1,0,164717.95,0.596552248542138,2.0,0,0
2025,714,Germany,Female,45,9,106431.97,2,1,1,164117.69,0.6485060903179278,0.2,2,405
2025,664,France,Female,44,8,142989.69,1,1,1,115452.51,1.2385044854851102,0.1111111111111111,1,352
2025,546,Spain,Female,36,7,85660.96,1,0,0,134778.01,0.6355660276774551,0.125,0,252
2025,528,Germany,Female,46,9,135555.66,1,1,0,133146.03,1.0180900017071355,0.1,0,414
2025,628,France,Female,46,1,46870.43,4,1,0,31272.14,1.4987439700650462,2.0,0,46
2025,753,France,Female,40,0,3768.69,2,1,0,177065.24,0.021284068606189414,2.0,0,0
2025,735,Spain,Male,39,1,60374.98,1,1,0,40223.74,1.5009414604047162,0.5,0,39
2025,632,France,Male,43,2,100013.51,1,1,0,24275.32,4.1197969873522835,0.3333333333333333,0,86
2025,512,France,Female,36,3,84327.77,2,1,0,17675.36,4.770652442018606,0.5,0,108
2025,699,Germany,Male,32,1,123906.22,3,1,1,127443.82,0.972234257932178,1.5,3,32
2025,678,France,Female,43,7,178074.33,1,0,0,110405.9,1.6128913138581011,0.125,0,301
2025,653,France,Male,34,5,118838.75,1,1,1,52820.13,2.249833541993517,0.16666666666666666,1,170
2025,750,Spain,Female,36,6,0.0,2,1,1,59816.41,0.0,0.2857142857142857,2,216
2025,818,Germany,Female,72,8,135290.42,2,1,1,63729.72,2.1228446814974005,0.2222222222222222,2,576
2025,585,Germany,Male,50,2,125845.66,1,1,0,9439.31,13.330670285191907,0.3333333333333333,0,100
2025,627,Spain,Female,55,6,0.0,1,0,0,91943.94,0.0,0.14285714285714285,0,330
2025,558,France,Male,32,5,73494.21,1,0,0,136301.1,0.5392008633762796,0.16666666666666666,0,160
2025,572,Germany,Male,47,4,99353.42,1,1,0,196549.85,0.5054845603567728,0.2,0,188
2025,607,France,Male,45,7,123859.6,1,0,1,113051.57,1.0955929617522184,0.125,1,315
2025,729,Germany,Male,40,5,113574.61,2,1,0,103396.08,1.0984315030946714,0.3333333333333333,0,200
2025,725,France,Male,38,6,0.0,2,1,1,158697.28,0.0,0.2857142857142857,2,228
2025,521,France,Male,37,2,0.0,2,1,1,86372.24,0.0,0.6666666666666666,2,74
2025,585,France,Female,33,4,152805.05,1,1,0,63239.65,2.4162473029609908,0.2,0,132
2025,552,France,Male,42,9,133701.07,2,1,0,101069.71,1.3228468465295238,0.2,0,378
2025,524,France,Male,50,4,0.0,2,1,1,31840.59,0.0,0.4,2,200
2025,635,Spain,Female,41,10,0.0,2,1,1,61994.2,0.0,0.18181818181818182,2,410
2025,685,Germany,Female,30,4,84958.6,2,0,1,194343.72,0.4371541454792289,0.4,2,120
2025,751,Germany,Male,50,2,96888.39,1,1,0,77206.25,1.2549131072535287,0.3333333333333333,0,100
2025,439,Spain,Male,52,3,96196.24,4,1,0,198874.52,0.48370075914823507,1.0,0,156
2025,535,France,Male,33,2,133040.32,1,1,1,110299.78,1.2061593762074938,0.3333333333333333,1,66
2025,799,France,Female,30,9,0.0,2,1,0,136827.96,0.0,0.2,0,270
2025,705,Germany,Female,54,3,125889.3,3,1,0,96013.5,1.3111488368944275,0.75,0,162
2025,769,Germany,Male,60,9,148846.39,1,1,0,192831.67,0.7718940467919674,0.1,0,540
2025,582,France,Male,41,1,40488.76,1,1,0,128528.83,0.3150144989688386,0.5,0,41
2025,695,France,Female,29,9,0.0,2,1,0,111565.45,0.0,0.2,0,261
2025,820,France,Female,39,1,104614.29,1,1,0,61538.43,1.6999554594509567,0.5,0,39
2025,579,France,Female,27,9,0.0,2,1,0,126838.7,0.0,0.2,0,243
2025,598,France,Female,64,9,0.0,1,0,1,13181.37,0.0,0.1,1,576
2025,579,France,Male,31,6,0.0,2,1,0,26149.25,0.0,0.2857142857142857,0,186
2025,569,Spain,Male,41,2,0.0,2,1,0,134272.57,0.0,0.6666666666666666,0,82
2025,582,France,Male,20,4,0.0,1,1,1,55763.66,0.0,0.2,1,80
2025,729,Germany,Male,29,5,109676.52,1,1,1,25548.47,4.292712138451404,0.16666666666666666,1,145
2025,849,France,Male,27,0,0.0,2,0,1,157891.86,0.0,2.0,2,0
2025,682,Spain,Female,58,4,0.0,1,1,0,176036.01,0.0,0.2,0,232
2025,620,France,Female,67,3,0.0,2,1,1,43486.73,0.0,0.5,2,201
2025,554,France,Male,31,1,0.0,2,0,1,192660.55,0.0,1.0,2,31
2025,683,Germany,Female,39,2,47685.47,2,1,1,86019.48,0.5543501966043436,0.6666666666666666,2,78
2025,636,France,Male,42,2,0.0,2,1,1,55470.78,0.0,0.6666666666666666,2,84
2025,652,Germany,Male,41,9,159434.03,1,1,0,178373.93,0.8938141139004231,0.1,0,369
2025,537,Germany,Male,66,8,103291.25,2,1,1,130664.79,0.7904995638108491,0.2222222222222222,2,528
2025,672,Germany,Male,40,4,89025.88,2,1,0,188892.19,0.4713027505120751,0.4,0,160
2025,756,France,Male,60,2,0.0,1,1,1,166513.49,0.0,0.3333333333333333,1,120
2025,660,France,Female,32,0,114668.89,1,1,0,84605.0,1.3553281091175566,1.0,0,0
2025,518,France,Female,45,9,105525.65,2,1,1,73418.29,1.4373014231001144,0.2,2,405
2025,683,France,Male,41,6,95696.52,2,1,1,184366.14,0.5190541004215827,0.2857142857142857,2,246
2025,655,France,Male,37,6,109093.41,2,1,0,1775.52,61.40848963141423,0.2857142857142857,0,222
2025,605,France,Male,33,9,128152.82,1,0,0,147822.81,0.8669294885580341,0.1,0,297
2025,699,Spain,Female,50,0,158633.61,1,1,0,193785.87,0.8185983395056641,1.0,0,0
2025,770,France,Male,31,3,155047.56,2,1,1,186064.34,0.8332963033308621,0.5,2,93
2025,543,Germany,Male,48,1,100900.5,1,0,0,33310.72,3.028978989977101,0.5,0,48
2025,733,France,Male,22,5,0.0,2,1,1,117202.19,0.0,0.3333333333333333,2,110
2025,524,Germany,Female,25,7,131402.21,1,0,0,193668.49,0.6784868902169361,0.125,0,175
2025,651,France,Male,53,7,0.0,2,1,1,130132.41,0.0,0.25,2,371
2025,653,Spain,Male,35,6,116662.96,2,1,1,23864.21,4.888411206102942,0.2857142857142857,2,210
2025,639,Spain,Female,54,2,0.0,2,1,1,53843.71,0.0,0.6666666666666666,2,108
2025,715,France,Male,21,8,0.0,2,1,0,68666.63,0.0,0.2222222222222222,0,168
2025,643,France,Male,39,7,0.0,2,1,1,170392.59,0.0,0.25,2,273
2025,520,Spain,Male,43,7,0.0,2,1,1,36202.74,0.0,0.25,2,301
2025,536,Germany,Male,23,6,92366.72,2,1,0,120661.71,0.7654951558770725,0.2857142857142857,0,138
2025,737,France,Female,33,4,0.0,2,1,0,115115.32,0.0,0.4,0,132
2025,638,Spain,Male,44,9,77637.35,2,1,1,111346.22,0.6972544981365498,0.2,2,396
2025,569,Spain,Male,31,1,115406.97,1,0,0,145528.22,0.7930157943538761,0.5,0,31
2025,638,Germany,Male,50,1,102645.48,1,1,0,168359.98,0.6096749971400736,0.5,0,50
2025,501,France,Male,57,10,0.0,2,1,1,47847.19,0.0,0.18181818181818182,2,570
2025,712,Germany,Male,27,8,113174.21,2,1,0,147261.58,0.7685198099883895,0.2222222222222222,0,216
2025,496,France,Male,30,0,90963.49,1,0,1,27802.0,3.271714922850052,1.0,1,0
2025,593,Germany,Female,41,4,119703.1,2,1,1,109783.29,1.0903481727667959,0.4,2,164
2025,716,France,Male,35,4,144428.87,1,1,0,134132.65,1.076753447028393,0.2,0,140
2025,428,France,Female,31,2,0.0,2,1,0,54487.43,0.0,0.6666666666666666,0,62
2025,763,France,Male,67,1,149436.73,2,0,1,106282.74,1.4060168563883808,1.0,2,67
2025,537,Spain,Female,38,6,141786.78,1,0,1,147797.54,0.959324632029518,0.14285714285714285,1,228
2025,421,Spain,Male,34,6,90723.36,1,1,1,12162.76,7.458496385985912,0.14285714285714285,1,204
2025,602,Germany,Female,48,7,76595.08,2,0,0,127095.14,0.6026546518249886,0.25,0,336
2025,730,Spain,Male,62,5,112181.08,1,0,1,61513.87,1.823641665828116,0.16666666666666666,1,310
2025,635,Germany,Male,37,5,113488.68,1,1,0,95611.74,1.1869619048674893,0.16666666666666666,0,185
2025,816,France,Male,31,8,0.0,2,1,1,28407.4,0.0,0.2222222222222222,2,248
2025,752,France,Male,39,3,0.0,1,1,0,188187.05,0.0,0.25,0,117
2025,684,France,Male,38,4,0.0,3,1,0,75609.84,0.0,0.6,0,152
2025,572,France,Male,43,2,140431.98,1,1,0,26450.57,5.309022489024281,0.3333333333333333,0,86
2025,535,Germany,Female,53,5,141616.55,2,1,1,75888.65,1.8660851644460081,0.3333333333333333,2,265
2025,686,France,Male,39,4,0.0,2,1,0,155023.93,0.0,0.4,0,156
2025,641,Germany,Female,37,7,62974.64,2,0,1,39016.43,1.6140130193095752,0.25,2,259
2025,560,France,Male,49,4,0.0,1,1,1,100075.1,0.0,0.2,1,196
2025,645,France,Male,41,7,0.0,1,0,1,28667.56,0.0,0.125,1,287
2025,587,France,Male,36,1,0.0,2,0,1,17135.6,0.0,1.0,2,36
2025,621,Spain,Male,39,8,0.0,2,1,0,36122.96,0.0,0.2222222222222222,0,312
2025,553,Spain,Male,41,6,144974.55,1,1,1,19344.92,7.493804895295752,0.14285714285714285,1,246
2025,685,Spain,Male,31,7,122449.31,2,1,1,180769.55,0.6773742183115558,0.25,2,217
2025,635,France,Male,43,10,122198.21,2,0,1,179144.54,0.6821169536232943,0.18181818181818182,2,430
2025,608,Spain,Male,48,7,75801.74,1,1,0,125762.95,0.6027302736595026,0.125,0,336
2025,753,Germany,Male,30,1,110824.52,1,1,1,57896.27,1.9141579559796171,0.5,1,30
2025,562,Germany,Male,35,3,142296.13,1,0,1,177112.7,0.8034168446596734,0.25,1,105
2025,798,Germany,Female,39,6,119787.76,1,1,1,164248.33,0.7293044056861602,0.14285714285714285,1,234
2025,675,Spain,Female,35,8,155621.08,1,0,1,35177.31,4.423779311740672,0.1111111111111111,1,280
2025,778,Germany,Female,33,4,111063.73,2,1,0,83556.65,1.3291868548241843,0.4,0,132
2025,589,Germany,Female,36,9,140355.56,2,1,0,136329.96,1.0295208073059854,0.2,0,324
2025,751,Germany,Male,54,9,156367.6,2,0,1,116179.92,1.3458974158579569,0.2,2,486
2025,650,France,Male,37,9,0.0,2,1,0,17974.08,0.0,0.2,0,333
2025,630,France,Male,53,5,138053.67,1,0,1,114110.97,1.209808839510877,0.16666666666666666,1,265
2025,850,France,Female,35,9,0.0,2,0,0,25329.48,0.0,0.2,0,315
2025,613,Spain,Male,19,5,0.0,1,1,1,176903.35,0.0,0.16666666666666666,1,95
2025,686,Spain,Male,41,7,102749.72,1,0,1,194913.86,0.5271518036131263,0.125,1,287
2025,838,Spain,Female,39,5,166733.92,2,1,0,14279.44,11.675685062925233,0.3333333333333333,0,195
2025,590,Germany,Female,27,8,123599.49,2,1,0,1676.92,73.66232597501669,0.2222222222222222,0,216
2025,712,France,Male,34,8,114088.32,1,1,0,92794.61,1.2294581607901496,0.1111111111111111,0,272
2025,767,France,Male,48,9,0.0,2,0,1,175458.21,0.0,0.2,2,432
2025,740,Spain,Male,43,9,0.0,1,1,0,199290.68,0.0,0.1,0,387
2025,793,Spain,Male,25,3,100913.57,1,0,0,10579.72,9.53749555795825,0.25,0,75
2025,741,France,Female,60,5,0.0,1,1,1,38914.51,0.0,0.16666666666666666,1,300
2025,710,Spain,Male,22,8,0.0,2,0,0,99645.04,0.0,0.2222222222222222,0,176
2025,612,Spain,Male,39,5,170288.38,1,1,1,59601.15,2.8570845179242697,0.16666666666666666,1,195
2025,687,France,Male,35,9,0.0,2,0,1,73133.82,0.0,0.2,2,315
2025,706,Germany,Female,47,6,120621.89,1,1,1,140803.7,0.8566609637320345,0.14285714285714285,1,282
2025,582,Germany,Male,32,1,88938.62,1,1,1,10054.53,8.844747119246822,0.5,1,32
2025,667,Spain,Male,39,7,167557.12,1,1,1,41183.02,4.068498412733871,0.125,1,273
2025,660,Spain,Female,36,0,84438.57,1,1,1,181449.51,0.46535316985331154,1.0,1,0
2025,535,Germany,Male,48,5,134542.73,1,1,1,58203.67,2.3115452763498188,0.16666666666666666,1,240
2025,762,Germany,Male,35,1,117458.51,1,0,1,178361.48,0.658538219473064,0.5,1,35
2025,554,France,Male,39,2,129709.62,1,1,0,173197.12,0.7489089373487425,0.3333333333333333,0,78
2025,612,France,Male,32,3,121394.42,1,1,0,164081.42,0.7398380643093878,0.25,0,96
2025,790,France,Male,26,5,0.0,1,1,0,20510.79,0.0,0.16666666666666666,0,130
2025,639,Germany,Female,46,10,110031.09,2,1,1,133995.59,0.8211484337026785,0.18181818181818182,2,460
2025,728,France,Male,37,3,122689.51,2,0,0,106977.53,1.1468610570737885,0.5,0,111
2025,777,France,Male,39,8,0.0,2,1,1,18613.52,0.0,0.2222222222222222,2,312
2025,790,Spain,Female,46,9,0.0,1,0,0,14679.81,0.0,0.1,0,414
2025,775,France,Male,42,6,133970.22,2,0,1,187839.9,0.7132111270761586,0.2857142857142857,2,252
2025,832,Germany,Female,40,9,107648.94,2,1,1,134638.97,0.7995318180774996,0.2,2,360
2025,684,Germany,Male,37,1,126817.13,2,1,1,29995.83,4.227684391984086,1.0,2,37
2025,592,France,Female,62,5,0.0,1,1,1,100941.57,0.0,0.16666666666666666,1,310
2025,754,Spain,Female,50,7,146777.44,2,0,1,150685.52,0.9740581971101331,0.25,2,350
2025,682,France,Female,26,0,110654.02,1,0,1,111879.21,0.9890401528563452,1.0,1,0
2025,622,Spain,Male,37,4,0.0,2,1,0,4459.5,0.0,0.4,0,148
2025,638,Germany,Male,27,4,135096.05,1,1,1,186523.72,0.7242796021889216,0.2,1,108
2025,677,Germany,Female,26,6,98723.67,1,0,1,151146.67,0.6531603828229704,0.14285714285714285,1,156
2025,674,France,Male,45,7,144889.18,1,1,1,102591.9,1.4122729740557096,0.125,1,315
2025,614,France,Male,40,6,0.0,1,1,1,20339.79,0.0,0.14285714285714285,1,240
2025,712,France,Female,29,2,0.0,1,1,1,144375.0,0.0,0.3333333333333333,1,58
2025,745,France,Female,46,7,0.0,2,1,1,67769.94,0.0,0.25,2,322
2025,641,Germany,Male,35,2,103711.56,1,0,1,192464.21,0.5388587371192954,0.3333333333333333,1,70
2025,617,France,Female,34,0,131244.65,2,1,0,183229.02,0.7162835544088245,2.0,0,0
2025,825,Germany,Female,35,6,118336.95,1,1,0,26342.33,4.492102934594829,0.14285714285714285,0,210
2025,694,Spain,Male,57,8,116326.07,1,1,1,117704.65,0.9882794071482551,0.1111111111111111,1,456
2025,632,France,Female,28,5,118890.81,1,0,1,145157.97,0.8190386718781485,0.16666666666666666,1,140
2025,651,France,Male,45,2,165901.59,2,1,0,23054.51,7.195745832558031,0.6666666666666666,0,90
2025,544,France,Male,40,8,0.0,2,1,0,61581.2,0.0,0.2222222222222222,0,320
2025,746,France,Female,34,4,0.0,1,0,1,65166.6,0.0,0.2,1,136
2025,751,France,Male,31,8,0.0,2,0,0,17550.49,0.0,0.2222222222222222,0,248
2025,663,Spain,Male,27,8,0.0,1,1,1,188007.99,0.0,0.1111111111111111,1,216
2025,784,Germany,Male,38,1,138515.02,1,1,1,171768.76,0.8063993336196079,0.5,1,38
2025,781,France,Male,20,0,125023.1,2,1,1,108301.45,1.154388474129625,2.0,2,0
2025,571,France,Male,40,5,0.0,2,0,0,72849.29,0.0,0.3333333333333333,0,200
2025,657,France,Male,37,4,82500.28,1,1,1,115260.72,0.7157647829652377,0.2,1,148
2025,605,France,Female,34,2,0.0,1,0,0,35982.42,0.0,0.3333333333333333,0,68
2025,850,Germany,Male,39,3,124548.99,2,1,1,120380.12,1.0346222896082045,0.5,2,117
2025,735,Spain,Male,34,5,0.0,2,0,0,71095.41,0.0,0.3333333333333333,0,170
2025,740,Spain,Female,56,4,99097.33,1,1,1,85016.64,1.1656090430174255,0.2,1,224
2025,770,Germany,Male,37,5,141547.26,2,0,1,180326.83,0.7849440654834033,0.3333333333333333,2,185
2025,627,Germany,Male,38,8,106922.92,2,0,1,84270.09,1.2687971640096265,0.2222222222222222,2,304
2025,745,Germany,Female,28,1,111071.36,1,1,0,73275.96,1.515774671875034,0.5,0,28
2025,584,France,Male,26,4,0.0,2,1,0,147600.54,0.0,0.4,0,104
2025,755,France,Female,28,7,124540.28,1,0,1,188850.89,0.6594600668280312,0.125,1,196
2025,715,Germany,Male,42,2,88120.97,2,1,1,21333.22,4.130498794893837,0.6666666666666666,2,84
2025,718,Germany,Female,33,4,70541.06,1,0,0,88592.8,0.7962302102404457,0.2,0,132
2025,604,Germany,Male,36,10,113546.3,1,1,1,134875.37,0.8418546554893196,0.09090909090909091,1,360
2025,705,Spain,Female,47,3,63488.7,1,0,1,28640.92,2.216635616606708,0.25,1,141
2025,850,France,Male,61,1,0.0,1,1,0,53067.83,0.0,0.5,0,61
2025,578,Germany,Female,31,5,102088.68,4,0,0,187866.21,0.5434087193821636,0.6666666666666666,0,155
2025,756,Germany,Male,27,1,131899.0,1,1,0,93302.29,1.4136586180401571,0.5,0,27
2025,687,France,Female,35,3,99587.43,1,1,1,1713.1,58.09896155416837,0.25,1,105
2025,722,Spain,Female,50,4,132088.59,1,1,1,128262.14,1.0298250144195753,0.2,1,200
2025,678,France,Male,43,5,102338.19,1,1,1,79649.62,1.284838586316089,0.16666666666666666,1,215
2025,688,Germany,Male,29,9,144553.5,2,1,0,143454.95,1.007650780605475,0.2,0,261
2025,572,Spain,Female,26,5,0.0,2,1,0,119381.41,0.0,0.3333333333333333,0,130
2025,635,Spain,Male,35,2,113635.16,1,1,0,90883.12,1.2503302006995283,0.3333333333333333,0,70
2025,607,Spain,Female,25,4,121166.89,1,0,1,115288.24,1.0509817741881202,0.2,1,100
2025,498,France,Male,46,1,91857.66,1,1,0,101954.78,0.9009558849924938,0.5,0,46
2025,516,Germany,Male,50,7,139675.07,2,1,0,45591.23,3.063571797211937,0.25,0,350
2025,691,France,Female,29,9,116536.43,1,1,0,51987.99,2.2415597994883147,0.1,0,261
2025,547,France,Female,29,6,104450.86,1,1,1,37160.28,2.8107444092345584,0.14285714285714285,1,174
2025,648,Spain,Female,56,6,157559.59,2,1,0,140991.23,1.1175054823943134,0.2857142857142857,0,336
2025,564,Spain,Male,48,5,132876.23,1,1,0,79259.77,1.676443844792323,0.16666666666666666,0,240
2025,684,Germany,Male,29,8,127269.75,1,0,1,79495.01,1.6009577084434805,0.1111111111111111,1,232
2025,696,Spain,Female,43,4,0.0,2,1,1,66406.37,0.0,0.4,2,172
2025,691,France,Female,40,0,115465.98,1,1,1,60622.61,1.9046371537425764,1.0,1,0
2025,710,Spain,Female,29,3,119670.18,1,1,0,188022.44,0.6364641557456878,0.25,0,87
2025,631,France,Female,22,3,0.0,2,0,0,30781.77,0.0,0.5,0,66
2025,654,Germany,Male,43,9,84673.17,2,0,1,82081.35,1.0315636674632243,0.2,2,387
2025,598,France,Male,47,2,0.0,2,1,1,186116.54,0.0,0.6666666666666666,2,94
2025,681,Germany,Male,42,3,118199.97,2,1,0,9452.88,12.502799908608953,0.5,0,126
2025,716,Germany,Female,30,2,205770.78,2,0,0,65464.66,3.143186519466847,0.6666666666666666,0,60
2025,799,Germany,Male,31,9,154586.92,1,0,1,88604.89,1.7446573811289523,0.1,1,279
2025,577,Spain,Male,51,2,108867.0,1,0,0,140800.66,0.7731940092183572,0.3333333333333333,0,102
2025,850,Germany,Male,29,1,154640.41,1,1,1,164039.51,0.9426964717434736,0.5,1,29
2025,555,Spain,Male,21,1,0.0,2,0,0,103901.35,0.0,1.0,0,21
2025,768,France,Female,28,3,109118.05,2,0,1,50911.41,2.1432505355766893,0.5,2,84
2025,634,Germany,Male,37,1,89696.84,2,1,1,193179.88,0.4643153090512891,1.0,2,37
2025,581,France,Male,41,8,0.0,2,0,0,29737.14,0.0,0.2222222222222222,0,328
2025,676,France,Male,37,10,106242.67,1,1,1,166678.28,0.6374077809791355,0.09090909090909091,1,370
2025,719,Spain,Female,33,7,0.0,2,1,0,20016.59,0.0,0.25,0,231
2025,591,France,Male,28,5,0.0,2,1,1,48606.92,0.0,0.3333333333333333,2,140
2025,711,France,Male,38,4,123345.85,1,1,0,141827.83,0.8696810796507313,0.2,0,152
2025,647,Spain,Male,47,5,105603.21,2,1,1,157360.9,0.6710849957963142,0.3333333333333333,2,235
2025,735,Spain,Male,29,10,0.0,2,1,1,95025.27,0.0,0.18181818181818182,2,290
2025,772,France,Male,23,2,0.0,2,1,0,18364.19,0.0,0.6666666666666666,0,46
2025,543,Spain,Male,41,5,0.0,2,0,1,143980.29,0.0,0.3333333333333333,2,205
2025,633,Germany,Male,30,2,109786.82,2,1,1,139712.81,0.7857979107433976,0.6666666666666666,2,60
2025,601,France,Male,29,9,0.0,1,1,1,80393.27,0.0,0.1,1,261
2025,637,France,Female,33,7,103377.81,1,1,0,84419.78,1.2245540730611586,0.125,0,231
2025,647,Spain,Male,47,10,99835.17,1,0,1,89103.05,1.1204335829852852,0.09090909090909091,1,470
2025,771,Spain,Female,67,8,0.0,2,1,1,51219.8,0.0,0.2222222222222222,2,536
2025,471,France,Female,27,4,0.0,2,1,0,122642.09,0.0,0.4,0,108
2025,850,Spain,Male,38,2,94652.04,1,1,1,171960.76,0.5504249316824856,0.3333333333333333,1,76
2025,597,Spain,Male,26,5,0.0,2,0,1,95159.13,0.0,0.3333333333333333,2,130
2025,634,France,Male,34,8,105302.66,1,1,1,123164.97,0.854965539588573,0.1111111111111111,1,272
2025,742,Germany,Female,41,4,92805.72,1,0,1,73743.95,1.2584688171868041,0.2,1,164
2025,487,Spain,Female,36,1,140137.15,1,1,0,194073.33,0.7220797825245616,0.5,0,36
2025,674,Spain,Male,32,2,0.0,2,1,0,140579.17,0.0,0.6666666666666666,0,64
2025,772,Germany,Female,48,6,108736.52,1,1,0,184564.67,0.5891481335613498,0.14285714285714285,0,288
2025,608,Germany,Female,40,8,121729.42,1,0,0,61164.45,1.9901663439082031,0.1111111111111111,0,320
2025,737,France,Male,41,1,101960.74,1,1,1,123547.28,0.8252704125059451,0.5,1,41
2025,718,Germany,Male,26,7,147527.03,1,0,0,51099.56,2.8869943891025853,0.125,0,182
2025,630,France,Female,36,2,110414.48,1,1,1,48984.95,2.254003035564279,0.3333333333333333,1,72
2025,670,France,Female,39,8,101928.51,1,0,0,89205.54,1.1426125259426048,0.1111111111111111,0,312
2025,513,France,Female,45,0,164649.52,3,1,0,49915.52,3.298497571545452,3.0,0,0
2025,710,Germany,Male,43,2,140080.32,3,1,1,157908.19,0.8870941583577245,1.0,3,86
2025,780,Germany,Male,71,9,142550.25,2,1,1,122506.78,1.1636016096283843,0.2,2,639
2025,628,Spain,Male,50,8,0.0,1,0,0,144366.83,0.0,0.1111111111111111,0,400
2025,662,France,Male,32,9,0.0,2,0,0,65089.38,0.0,0.2,0,288
2025,558,France,Female,45,1,153697.53,2,0,0,89891.4,1.70979448763188,1.0,0,45
2025,518,Spain,Male,50,4,0.0,1,0,0,107112.25,0.0,0.2,0,200
2025,550,Spain,Male,34,3,0.0,2,0,0,131281.28,0.0,0.5,0,102
2025,850,France,Male,29,6,0.0,2,1,1,10672.54,0.0,0.2857142857142857,2,174
2025,739,Spain,Female,40,8,0.0,1,1,0,167030.51,0.0,0.1111111111111111,0,320
2025,709,Spain,Female,45,2,0.0,2,0,1,162922.65,0.0,0.6666666666666666,2,90
2025,627,Germany,Female,30,6,57809.32,1,1,0,188258.49,0.30707254120363336,0.14285714285714285,0,180
2025,555,Spain,Female,26,9,0.0,2,0,1,158918.03,0.0,0.2,2,234
2025,733,Germany,Female,30,1,102452.71,1,1,0,21556.95,4.752432861195058,0.5,0,30
2025,642,France,Female,40,7,0.0,2,1,0,183963.34,0.0,0.25,0,280
2025,631,Spain,Male,23,3,0.0,2,1,0,13813.24,0.0,0.5,0,69
2025,618,Germany,Female,54,4,118449.21,1,1,1,133573.29,0.8867665326912836,0.2,1,216
2025,685,France,Male,30,2,0.0,2,1,1,140889.32,0.0,0.6666666666666666,2,60
2025,803,Spain,Male,43,3,0.0,1,1,0,72051.44,0.0,0.25,0,129
2025,554,Spain,Female,34,8,0.0,1,0,1,106981.03,0.0,0.1111111111111111,1,272
2025,680,Spain,Female,37,6,124140.57,2,1,0,92826.35,1.3373275225458876,0.2857142857142857,0,222
2025,655,France,Female,47,10,0.0,2,1,0,167778.62,0.0,0.18181818181818182,0,470
2025,492,France,Female,31,7,0.0,2,1,1,49463.44,0.0,0.25,2,217
2025,698,Spain,Female,31,8,185078.26,1,0,0,115337.74,1.6046495739419384,0.1111111111111111,0,248
2025,508,France,Female,41,5,0.0,2,1,1,94170.84,0.0,0.3333333333333333,2,205
2025,477,Spain,Male,31,9,0.0,2,0,1,184061.17,0.0,0.2,2,279
2025,640,Germany,Male,23,3,72012.76,1,1,0,161333.13,0.4463578785220461,0.25,0,69
2025,587,Spain,Male,42,5,120233.83,1,1,0,194890.33,0.6169275462382037,0.16666666666666666,0,210
2025,599,Spain,Male,51,0,0.0,1,1,1,175235.99,0.0,1.0,1,0
2025,621,Spain,Male,33,4,0.0,2,1,1,40299.23,0.0,0.4,2,132
2025,695,Spain,Male,35,7,0.0,2,1,0,160387.98,0.0,0.25,0,245
2025,688,Spain,Male,42,5,0.0,2,0,0,197602.29,0.0,0.3333333333333333,0,210
2025,516,France,Male,35,5,128653.59,1,1,0,127558.26,1.0085789930107778,0.16666666666666666,0,175
2025,562,Germany,Female,39,6,130565.02,1,1,0,9854.72,13.247638934547656,0.14285714285714285,0,234
2025,779,France,Male,27,1,0.0,2,1,1,190623.02,0.0,1.0,2,27
2025,523,Spain,Male,34,7,0.0,2,1,0,62030.06,0.0,0.25,0,238
2025,601,France,Female,43,8,0.0,3,0,1,110916.15,0.0,0.3333333333333333,3,344
2025,485,Spain,Female,30,7,0.0,1,1,0,107067.37,0.0,0.125,0,210
2025,624,Spain,Male,35,2,0.0,2,1,0,87310.59,0.0,0.6666666666666666,0,70
2025,583,Germany,Male,35,8,149995.72,2,1,0,42143.55,3.5590775082424653,0.2222222222222222,0,280
2025,718,Spain,Male,28,6,0.0,2,1,0,146875.86,0.0,0.2857142857142857,0,168
2025,743,Spain,Female,48,5,118207.69,2,0,0,186489.14,0.6338549051440467,0.3333333333333333,0,240
2025,525,France,Female,25,6,0.0,2,1,0,89566.64,0.0,0.2857142857142857,0,150
2025,657,France,Male,44,6,76495.04,1,1,0,79071.89,0.9673990668609683,0.14285714285714285,0,264
2025,719,Spain,Male,50,2,0.0,2,0,0,10772.13,0.0,0.6666666666666666,0,100
2025,771,Spain,Female,47,3,72664.0,2,1,1,107874.39,0.6735920027728289,0.5,2,141
2025,490,Germany,Female,41,0,139659.04,1,1,1,176254.12,0.7923686982823535,1.0,1,0
2025,613,Germany,Male,38,9,67111.65,1,1,0,78566.64,0.8541894601899713,0.1,0,342
2025,591,Spain,Male,39,8,0.0,2,0,0,42392.24,0.0,0.2222222222222222,0,312
2025,535,France,Male,45,2,0.0,2,1,0,125658.28,0.0,0.6666666666666666,0,90
2025,661,France,Male,35,5,0.0,1,1,0,155394.52,0.0,0.16666666666666666,0,175
2025,503,France,Male,32,4,0.0,2,1,1,153036.97,0.0,0.4,2,128
2025,737,France,Male,28,8,0.0,2,1,0,106390.01,0.0,0.2222222222222222,0,224
2025,644,France,Male,31,5,0.0,2,1,1,41872.17,0.0,0.3333333333333333,2,155
2025,587,France,Female,36,1,70784.27,1,1,0,30579.82,2.314662262163016,0.5,0,36
2025,558,France,Female,41,6,0.0,1,1,1,143585.29,0.0,0.14285714285714285,1,246
2025,747,Germany,Male,58,7,116313.57,1,1,1,190696.35,0.6099380510531478,0.125,1,406
2025,774,France,Female,41,5,126670.37,1,1,0,102426.06,1.2366885274262485,0.16666666666666666,0,205
2025,850,France,Male,43,7,0.0,2,1,1,173851.11,0.0,0.25,2,301
2025,597,France,Male,41,4,153198.23,1,1,1,92090.36,1.6635461784905772,0.2,1,164
2025,473,Germany,Female,32,5,146602.25,2,1,1,72946.95,2.009682931460034,0.3333333333333333,2,160
2025,701,Spain,Male,26,5,83600.24,1,0,1,59195.05,1.4122604464318143,0.16666666666666666,1,130
2025,742,France,Male,39,8,140004.96,1,1,1,92985.78,1.5056437054815748,0.1111111111111111,1,312
2025,458,Spain,Male,36,5,0.0,2,1,0,79723.78,0.0,0.3333333333333333,0,180
2025,752,France,Female,36,7,0.0,2,1,0,184866.86,0.0,0.25,0,252
2025,657,Spain,Male,40,10,0.0,2,1,1,52990.7,0.0,0.18181818181818182,2,400
2025,670,France,Male,33,6,88294.6,1,1,0,66979.06,1.3182221694038496,0.14285714285714285,0,198
2025,591,France,Male,35,7,183027.25,1,1,1,56028.79,3.2666060322553414,0.125,1,245
2025,666,France,Male,36,3,0.0,2,1,0,35156.54,0.0,0.5,0,108
2025,733,Germany,Male,74,3,106545.53,1,1,1,134589.58,0.7916269474431272,0.25,1,222
2025,601,France,Male,40,10,98627.13,2,0,0,77977.69,1.264795933350509,0.18181818181818182,0,400
2025,550,Germany,Female,42,10,128707.31,1,1,0,63092.65,2.039940786434134,0.09090909090909091,0,420
2025,685,Spain,Male,35,4,137948.51,1,1,0,113639.64,1.2139012064697983,0.2,0,140
2025,576,Germany,Female,71,6,140273.47,1,1,1,193135.25,0.7262928114219883,0.14285714285714285,1,426
2025,850,Germany,Male,37,9,122506.38,1,0,1,199693.84,0.6134679293666276,0.1,1,333
2025,630,Spain,Female,39,7,135483.17,1,1,0,140881.2,0.9616769897119721,0.125,0,273
2025,634,Germany,Female,29,8,130036.21,2,0,1,69849.55,1.8616347330121237,0.2222222222222222,2,232
2025,742,France,Male,33,6,0.0,2,0,0,38550.4,0.0,0.2857142857142857,0,198
2025,430,Germany,Female,38,8,153058.64,1,1,0,99377.27,1.5401620495104211,0.1111111111111111,0,304
2025,624,France,Female,38,3,0.0,2,1,1,163666.85,0.0,0.5,2,114
2025,793,France,Female,41,3,141806.46,1,1,0,102921.17,1.3778028582180106,0.25,0,123
2025,643,France,Male,62,9,0.0,2,0,0,155870.82,0.0,0.2,0,558
2025,662,France,Female,36,4,166909.2,2,1,0,138871.12,1.2018913515542213,0.4,0,144
2025,620,Spain,Male,36,7,169312.72,1,1,0,45414.09,3.728115919180167,0.125,0,252
2025,672,Spain,Male,33,2,0.0,2,1,1,182738.0,0.0,0.6666666666666666,2,66
2025,682,France,Male,44,3,115282.3,1,0,0,23766.4,4.850437994900578,0.25,0,132
2025,657,France,Male,50,9,0.0,2,0,0,37171.46,0.0,0.2,0,450
2025,604,France,Male,30,5,0.0,2,1,0,75786.55,0.0,0.3333333333333333,0,150
2025,617,France,Female,30,8,0.0,1,1,1,92621.9,0.0,0.1111111111111111,1,240
2025,524,France,Male,29,7,0.0,2,1,1,105448.74,0.0,0.25,2,203
2025,670,France,Male,22,2,114991.45,1,1,1,37392.56,3.0751672213076264,0.3333333333333333,1,44
2025,601,Germany,Female,33,7,114430.18,2,1,1,153012.13,0.7478454953506277,0.25,2,231
2025,790,Spain,Male,20,8,0.0,2,1,0,168152.76,0.0,0.2222222222222222,0,160
2025,487,France,Female,34,2,96019.5,1,0,0,9085.0,10.567851639885538,0.3333333333333333,0,68
2025,656,France,Female,39,6,0.0,2,1,0,141069.88,0.0,0.2857142857142857,0,234
2025,641,France,Female,48,3,147341.43,1,1,1,157458.61,0.9357411084658472,0.25,1,144
2025,531,France,Male,37,7,121854.45,1,1,0,147521.35,0.8260067033910454,0.125,0,259
2025,707,France,Male,29,4,0.0,2,1,0,139953.94,0.0,0.4,0,116
2025,512,France,Female,33,6,121685.31,2,1,1,83681.97,1.454122744448482,0.2857142857142857,2,198
2025,605,France,Female,62,4,111065.93,2,0,1,125660.99,0.8838466588027134,0.4,2,248
2025,678,France,Male,38,3,0.0,2,1,0,66561.6,0.0,0.5,0,114
2025,401,Germany,Male,48,8,128140.17,1,1,0,175753.55,0.7290859326259264,0.1111111111111111,0,384
2025,586,Spain,Female,42,2,0.0,1,1,0,102889.34,0.0,0.3333333333333333,0,84
2025,586,Germany,Male,34,9,74309.81,1,1,0,15034.93,4.942149238523989,0.1,0,306
2025,601,Germany,Male,35,8,71553.83,1,1,0,177384.45,0.40338049146646465,0.1111111111111111,0,280
2025,605,Germany,Male,28,10,113690.83,1,1,0,33114.24,3.43318755956472,0.09090909090909091,0,280
2025,511,France,Male,45,5,68375.27,1,1,0,193160.25,0.3539802626044303,0.16666666666666666,0,225
2025,747,France,Female,40,3,0.0,1,0,0,57817.84,0.0,0.25,0,120
2025,717,Spain,Male,33,1,99106.73,1,0,0,194467.23,0.5096294135036864,0.5,0,33
2025,699,France,Male,37,10,0.0,2,0,0,83263.04,0.0,0.18181818181818182,0,370
2025,606,Germany,Male,38,3,99897.53,1,0,0,37054.65,2.6958784962617037,0.25,0,114
2025,611,France,Male,64,9,0.0,2,1,1,53277.15,0.0,0.2,2,576
2025,850,Spain,Female,23,9,143054.85,1,0,1,62980.96,2.271362307556005,0.1,1,207
2025,752,Spain,Female,35,2,0.0,1,1,0,44335.54,0.0,0.3333333333333333,0,70
2025,684,Spain,Female,41,1,134177.06,1,0,0,177506.66,0.7558944780185823,0.5,0,41
2025,692,France,Female,34,7,0.0,2,1,0,195074.62,0.0,0.25,0,238
2025,794,Spain,Female,46,8,134593.79,1,1,1,46386.37,2.901518020961309,0.1111111111111111,1,368
2025,492,France,Female,49,8,0.0,1,1,1,182865.09,0.0,0.1111111111111111,1,392
2025,672,France,Male,39,2,0.0,2,1,0,87372.49,0.0,0.6666666666666666,0,78
2025,692,Germany,Female,43,10,118588.83,1,1,1,161241.65,0.735468128314686,0.09090909090909091,1,430
2025,603,France,Male,40,4,102833.46,2,1,1,38829.11,2.648291750911857,0.4,2,160
2025,636,Germany,Male,34,2,40105.51,2,0,1,53512.16,0.7494513499109378,0.6666666666666666,2,68
2025,570,France,Female,18,4,82767.42,1,1,0,71811.9,1.1525425097719213,0.2,0,72
2025,538,Spain,Male,68,9,0.0,2,1,0,110440.5,0.0,0.2,0,612
2025,824,France,Male,26,7,146266.0,1,1,0,21903.62,6.677404127531087,0.125,0,182
2025,664,Spain,Male,41,7,123428.69,1,1,1,164924.11,0.7483923460775622,0.125,1,287
2025,692,Germany,Female,41,8,130701.29,1,1,0,59354.24,2.2020177157063134,0.1111111111111111,0,328
2025,759,Spain,Female,35,7,147936.42,1,1,1,106785.7,1.385344991464293,0.125,1,245
2025,700,Spain,Male,31,7,0.0,2,0,1,145151.96,0.0,0.25,2,217
2025,698,France,Female,51,6,144237.91,4,1,0,157143.61,0.9178673706976015,0.5714285714285714,0,306
2025,727,Spain,Female,31,0,0.0,1,1,0,121751.04,0.0,1.0,0,0
2025,720,Spain,Male,33,3,123783.91,2,1,1,142903.44,0.8662005883092226,0.5,2,99
2025,714,France,Male,28,6,122724.37,1,1,1,67057.27,1.8301153608645135,0.14285714285714285,1,168
2025,488,Spain,Female,39,9,140553.46,1,0,0,12440.44,11.297201931609202,0.1,0,351
2025,556,France,Female,47,2,139914.27,1,1,1,50390.98,2.776518604746231,0.3333333333333333,1,94
2025,706,France,Male,54,9,117444.51,1,1,1,186238.85,0.6306089164053772,0.1,1,486
2025,850,Germany,Male,40,6,94607.08,1,1,0,36690.49,2.5784474819638015,0.14285714285714285,0,240
2025,404,Germany,Female,54,4,125456.07,1,1,0,83715.66,1.4985794942129798,0.2,0,216
2025,777,France,Female,58,4,0.0,1,1,1,62449.07,0.0,0.2,1,232
2025,594,France,Male,57,6,0.0,1,1,0,19376.56,0.0,0.14285714285714285,0,342
2025,628,France,Male,34,4,158741.43,2,1,1,126192.54,1.2579204133587187,0.4,2,136
2025,610,Germany,Male,50,1,113957.01,2,1,0,196526.55,0.579852595730217,1.0,0,50
2025,680,Germany,Male,34,6,146422.22,1,1,0,67142.97,2.180720323805697,0.14285714285714285,0,204
2025,553,Spain,Male,44,4,0.0,1,1,0,10789.3,0.0,0.2,0,176
2025,636,France,Male,34,1,84055.43,1,0,0,37490.84,2.241965985131698,0.5,0,34
2025,521,Germany,Male,52,5,116497.31,3,0,0,53793.1,2.165615002388738,0.5,0,260
2025,647,Germany,Female,22,3,97975.82,2,0,1,62083.0,1.5781170671992786,0.5,2,66
2025,640,France,Female,67,3,0.0,1,0,1,42964.63,0.0,0.25,1,201
2025,760,France,Male,39,6,178585.46,1,1,0,67131.3,2.6602017210791224,0.14285714285714285,0,234
2025,562,Spain,Male,41,5,165445.04,2,1,0,85787.31,1.9285266255973572,0.3333333333333333,0,205
2025,623,Spain,Male,41,2,142412.13,1,1,0,28778.98,4.948305384506869,0.3333333333333333,0,82
2025,714,France,Female,25,4,0.0,2,0,0,82500.84,0.0,0.4,0,100
2025,681,France,Male,32,3,148884.47,2,1,1,90967.37,1.636661951841063,0.5,2,96
2025,673,Spain,Male,40,1,121629.22,1,1,1,3258.6,37.31415511105657,0.5,1,40
2025,731,France,Male,30,7,0.0,2,0,1,143086.09,0.0,0.25,2,210
2025,757,Germany,Male,30,6,105128.85,2,1,1,62972.13,1.6694239273163016,0.2857142857142857,2,180
2025,701,Spain,Male,59,7,0.0,2,0,1,27597.59,0.0,0.25,2,413
2025,738,Germany,Female,40,1,115409.18,2,0,0,180456.8,0.6395355590060391,1.0,0,40
2025,580,Germany,Female,36,6,145387.32,2,1,1,169963.2,0.8553996665180079,0.2857142857142857,2,216
2025,591,France,Female,33,4,113743.37,1,1,0,124625.08,0.9126771057871674,0.2,0,132
2025,624,Spain,Male,33,6,66220.17,1,0,1,170819.01,0.3876604971513583,0.14285714285714285,1,198
2025,551,Spain,Male,32,4,0.0,2,1,0,53420.53,0.0,0.4,0,128
2025,730,France,Female,22,9,65763.57,1,1,1,145792.01,0.4510749177892685,0.1,1,198
2025,477,Germany,Male,34,8,139959.55,2,1,1,189875.83,0.7371070498701711,0.2222222222222222,2,272
2025,405,France,Male,39,10,0.0,1,1,0,160810.85,0.0,0.09090909090909091,0,390
2025,758,Spain,Male,40,3,0.0,2,0,0,96097.65,0.0,0.5,0,120
2025,579,Spain,Female,59,3,148021.12,1,1,1,74878.22,1.9767983694274591,0.25,1,177
2025,565,Germany,Male,52,5,97720.35,2,1,0,175070.94,0.558172543241367,0.3333333333333333,0,260
2025,465,Germany,Male,24,6,156007.09,1,1,0,191368.37,0.8152145246650496,0.14285714285714285,0,144
2025,705,Germany,Female,31,9,110941.93,2,1,0,163484.8,0.6786028511344716,0.2,0,279
2025,559,Spain,Male,38,3,145874.35,1,1,0,56311.39,2.590448567357912,0.25,0,114
2025,578,France,Male,59,10,185966.64,1,0,0,9445.42,19.686467465981824,0.09090909090909091,0,590
2025,698,Spain,Female,47,6,0.0,1,1,0,50213.81,0.0,0.14285714285714285,0,282
2025,668,France,Female,37,7,128645.67,1,1,0,92149.64,1.3960366417422603,0.125,0,259
2025,701,France,Male,39,2,0.0,2,1,1,82526.92,0.0,0.6666666666666666,2,78
2025,559,France,Female,31,3,127070.73,1,0,1,160941.78,0.7895397979331537,0.25,1,93
2025,627,Germany,Male,30,6,112372.96,1,1,1,118029.09,0.9520704423761772,0.14285714285714285,1,180
2025,753,Germany,Male,44,3,138076.47,1,1,0,15523.09,8.89433583546604,0.25,0,132
2025,590,France,Male,41,1,89086.31,1,1,0,24499.97,3.636031961183577,0.5,0,41
2025,850,Spain,Female,36,2,155180.56,2,0,0,169415.54,0.915970542191453,0.6666666666666666,0,72
2025,559,France,Female,38,8,95139.41,1,1,1,86575.46,1.0989062153846438,0.1111111111111111,1,304
2025,692,Spain,Female,49,9,0.0,2,1,0,178342.63,0.0,0.2,0,441
2025,669,France,Female,38,8,0.0,2,1,0,84049.16,0.0,0.2222222222222222,0,304
2025,678,Spain,Male,27,2,0.0,2,1,1,13221.25,0.0,0.6666666666666666,2,54
2025,552,Germany,Male,39,2,132906.88,1,0,1,149384.43,0.8896910495220318,0.3333333333333333,1,78
2025,601,France,Male,35,2,0.0,2,1,1,118983.18,0.0,0.6666666666666666,2,70
2025,850,France,Male,28,4,0.0,2,1,1,12409.01,0.0,0.4,2,112
2025,463,Spain,Male,20,8,204223.03,1,1,0,128268.39,1.592141585767267,0.1111111111111111,0,160
2025,600,France,Male,34,0,0.0,2,0,1,3756.23,0.0,2.0,2,0
2025,583,Germany,Female,54,6,115988.86,1,1,0,57553.98,2.0152706160266236,0.14285714285714285,0,324
2025,589,France,Male,34,6,0.0,2,1,1,177896.92,0.0,0.2857142857142857,2,204
2025,683,Spain,Male,35,9,61172.04,1,0,0,82951.12,0.7374379340757055,0.1,0,315
2025,746,Spain,Male,31,2,113836.27,1,1,1,174815.54,0.6511756267456157,0.3333333333333333,1,62
2025,692,France,Female,36,4,0.0,1,1,0,185580.89,0.0,0.2,0,144
2025,791,France,Female,44,5,0.0,2,1,1,123977.86,0.0,0.3333333333333333,2,220
2025,490,Spain,Female,38,3,97266.1,1,1,1,92797.23,1.048146069165328,0.25,1,114
2025,782,Germany,Male,35,7,98556.89,2,1,0,117644.36,0.83774566204736,0.25,0,245
2025,456,France,Female,33,1,188285.68,1,0,0,58363.94,3.226006571753522,0.5,0,33
2025,806,Germany,Female,59,0,135296.33,1,1,0,182822.5,0.7400379601090669,1.0,0,0
2025,627,Germany,Male,24,5,102773.2,2,1,0,56793.02,1.809577839357031,0.3333333333333333,0,120
2025,845,Spain,Female,52,0,0.0,1,1,0,31726.76,0.0,1.0,0,0
2025,612,Spain,Female,52,5,144772.69,1,0,0,98302.57,1.4727104010566452,0.16666666666666666,0,260
2025,734,Spain,Female,37,0,152760.24,1,1,1,48990.5,3.118096812712409,1.0,1,0
2025,779,Germany,Female,40,2,75470.23,1,1,1,52894.01,1.4267929999446072,0.3333333333333333,1,80
2025,583,France,Female,44,8,0.0,2,1,1,27431.62,0.0,0.2222222222222222,2,352
2025,572,France,Female,30,6,0.0,1,0,1,175025.27,0.0,0.14285714285714285,1,180
2025,666,France,Male,36,4,120165.4,2,1,0,33701.5,3.5654743713374377,0.4,0,144
2025,665,France,Female,38,5,0.0,2,1,0,156439.56,0.0,0.3333333333333333,0,190
2025,740,France,Male,33,1,129574.98,1,1,1,123300.38,1.0508802091266132,0.5,1,33
2025,784,Germany,Male,28,2,109960.06,2,1,1,170829.87,0.6436779254241344,0.6666666666666666,2,56
2025,711,Spain,Male,37,2,0.0,2,1,0,83978.86,0.0,0.6666666666666666,0,74
2025,500,Spain,Female,47,8,128486.11,1,1,0,179227.12,0.71688588821888,0.1111111111111111,0,376
2025,558,Spain,Male,40,4,161766.87,1,0,0,92378.54,1.7511114474049125,0.2,0,160
2025,650,Germany,Female,48,7,138232.24,1,1,0,57594.78,2.4000411141232916,0.125,0,336
2025,702,France,Male,45,0,80793.58,1,1,1,27474.81,2.9405349651202277,1.0,1,0
2025,511,France,Female,31,5,137411.29,1,0,1,161854.98,0.8489725866168182,0.16666666666666666,1,155
2025,594,France,Female,30,10,0.0,2,1,1,124071.71,0.0,0.18181818181818182,2,300
2025,707,France,Male,73,6,66573.17,1,1,1,62768.8,1.0605923549222716,0.14285714285714285,1,438
2025,597,Spain,Female,40,8,101993.12,1,0,1,94774.12,1.0761592282869175,0.1111111111111111,1,320
2025,565,Germany,Male,59,9,69129.59,1,1,1,170705.53,0.40496160281624843,0.1,1,531
2025,582,Germany,Female,40,3,110150.43,1,1,1,191757.65,0.5744222229349236,0.25,1,120
2025,825,Germany,Male,37,6,118050.79,1,0,1,52301.15,2.257092490461673,0.14285714285714285,1,222
2025,598,Spain,Male,39,1,0.0,2,1,0,159130.32,0.0,1.0,0,39
2025,732,France,Female,40,10,0.0,2,1,0,154189.08,0.0,0.18181818181818182,0,400
2025,752,France,Male,49,2,78653.84,1,1,0,7698.6,10.215315081302924,0.3333333333333333,0,98
2025,723,Spain,Female,45,4,0.0,2,1,0,37214.39,0.0,0.4,0,180
2025,775,Spain,Male,29,10,0.0,2,1,1,68143.93,0.0,0.18181818181818182,2,290
2025,741,Spain,Male,53,3,0.0,2,1,1,38913.68,0.0,0.5,2,159
2025,623,Spain,Male,46,4,0.0,1,1,0,5549.11,0.0,0.2,0,184
2025,709,France,Male,49,4,154344.49,2,1,1,38794.57,3.9784050086130964,0.4,2,196
2025,565,France,Male,46,7,135369.71,1,0,1,140130.22,0.9660210622586458,0.125,1,322
2025,528,France,Male,29,3,102787.42,1,1,0,55972.56,1.8363566655399444,0.25,0,87
2025,581,Spain,Male,49,10,0.0,2,0,0,41623.59,0.0,0.18181818181818182,0,490
2025,584,Germany,Female,30,8,112013.81,1,1,0,177772.03,0.6300945087114733,0.1111111111111111,0,240
2025,542,Germany,Male,33,8,142871.27,2,0,0,77737.86,1.8378359291607824,0.2222222222222222,0,264
2025,676,France,Male,35,5,106836.67,2,1,0,84199.78,1.2688323077292158,0.3333333333333333,0,175
2025,672,France,Female,50,1,0.0,1,1,0,12106.82,0.0,0.5,0,50
2025,469,France,Male,33,1,127818.52,1,1,0,163477.22,0.7818688018501792,0.5,0,33
2025,705,Germany,Female,64,3,153469.26,3,0,0,146573.66,1.0470381442467613,0.75,0,192
2025,584,Germany,Female,46,6,87361.02,2,1,0,120376.87,0.7257232579376924,0.2857142857142857,0,276
2025,485,Germany,Male,34,3,133658.24,1,1,0,70209.83,1.9036698469452644,0.25,0,102
2025,820,France,Male,33,2,132150.26,2,1,0,23067.97,5.728485493717319,0.6666666666666666,0,66
2025,744,Spain,Female,46,1,0.0,3,1,1,177431.59,0.0,1.5,3,46
2025,715,Spain,Male,38,2,96798.79,2,1,1,4554.67,21.24798108730439,0.6666666666666666,2,76
2025,574,France,Male,26,8,97460.1,1,1,1,43093.67,2.261534895150607,0.1111111111111111,1,208
2025,720,Germany,Male,46,3,97042.6,1,1,1,133516.51,0.7268155315359012,0.25,1,138
2025,850,Spain,Female,31,4,91292.7,1,1,1,162149.07,0.5630136329882558,0.2,1,124
2025,850,France,Male,19,8,0.0,1,1,1,68569.89,0.0,0.1111111111111111,1,152
2025,833,Spain,Male,32,6,0.0,1,1,1,44323.22,0.0,0.14285714285714285,1,192
2025,523,Germany,Male,41,0,119276.31,1,0,0,122284.38,0.9753930518922213,1.0,0,0
2025,683,France,Female,30,2,0.0,2,0,1,100496.84,0.0,0.6666666666666666,2,60
2025,707,France,Female,58,3,102346.86,1,1,1,114672.64,0.8925055487904631,0.25,1,174
2025,624,France,Male,36,6,0.0,2,0,0,84635.64,0.0,0.2857142857142857,0,216
2025,638,Germany,Male,37,2,89728.86,2,1,1,37294.88,2.405865205486504,0.6666666666666666,2,74
2025,725,France,Male,26,6,98684.15,1,0,0,133720.57,0.7379822866273555,0.14285714285714285,0,156
2025,611,France,Male,53,3,83568.26,1,0,0,1235.49,67.58506740855162,0.25,0,159
2025,671,France,Male,34,7,106603.74,2,1,1,26387.71,4.039748058923684,0.25,2,238
2025,749,Spain,Male,42,9,222267.63,1,0,0,101108.85,2.198278703805811,0.1,0,378
2025,759,France,Male,40,4,0.0,2,1,0,124615.59,0.0,0.4,0,160
2025,659,Germany,Male,39,8,52106.33,2,1,1,107964.36,0.4826208146761147,0.2222222222222222,2,312
2025,661,Germany,Male,41,5,122552.48,2,0,1,120646.4,1.0157904770430195,0.3333333333333333,2,205
2025,708,Germany,Female,54,8,145151.4,1,0,1,125311.17,1.1583184618062237,0.1111111111111111,1,432
2025,514,France,Male,26,1,0.0,2,0,0,121551.93,0.0,1.0,0,26
2025,726,Germany,Male,30,5,111375.32,2,1,0,2704.09,41.1725007301051,0.3333333333333333,0,150
2025,850,Spain,Female,54,4,120952.74,1,1,0,66963.15,1.806231244628656,0.2,0,216
2025,606,Spain,Male,42,10,0.0,2,1,0,177938.52,0.0,0.18181818181818182,0,420
2025,584,Germany,Male,47,7,130538.77,1,1,0,92915.84,1.4048989397400946,0.125,0,329
2025,530,France,Male,39,2,0.0,2,1,0,197923.05,0.0,0.6666666666666666,0,78
2025,666,France,Female,27,4,0.0,2,0,0,88751.45,0.0,0.4,0,108
2025,693,France,Female,38,3,0.0,2,0,0,78133.48,0.0,0.5,0,114
2025,637,France,Female,63,5,0.0,1,1,0,28092.77,0.0,0.16666666666666666,0,315
2025,809,Spain,Male,80,8,0.0,2,0,1,34164.05,0.0,0.2222222222222222,2,640
2025,556,Germany,Male,42,0,115915.53,2,0,1,125435.47,0.9240975132670746,2.0,2,0
2025,748,France,Female,20,7,0.0,2,0,0,10792.42,0.0,0.25,0,140
2025,516,France,Female,45,4,0.0,1,1,0,95273.73,0.0,0.2,0,180
2025,681,Spain,Female,57,2,173306.13,1,0,1,131964.66,1.3132668756402233,0.3333333333333333,1,114
2025,648,France,Female,19,1,0.0,2,0,1,22101.86,0.0,1.0,2,19
2025,638,Spain,Male,35,1,0.0,2,1,0,165370.66,0.0,1.0,0,35
2025,624,France,Male,55,7,118793.6,1,1,1,95022.02,1.250156014826723,0.125,1,385
2025,493,Germany,Female,35,8,178317.6,1,0,0,197428.64,0.9031956903735426,0.1111111111111111,0,280
2025,579,Spain,Male,22,3,118680.57,1,1,1,49829.8,2.381670974577972,0.25,1,66
2025,747,France,Female,25,4,0.0,2,0,1,42039.67,0.0,0.4,2,100
2025,509,Germany,Female,29,0,107712.57,2,1,1,92898.17,1.1594567529505377,2.0,2,0
2025,574,Spain,Female,37,7,0.0,2,1,0,32262.28,0.0,0.25,0,259
2025,672,France,Female,53,9,169406.33,4,1,1,147311.47,1.1499795638481929,0.4,4,477
2025,579,France,Male,28,4,0.0,2,1,1,176925.69,0.0,0.4,2,112
2025,719,Germany,Male,28,3,106070.29,2,1,1,183893.31,0.5768002827276167,0.5,2,84
2025,672,France,Male,28,4,167268.98,1,1,1,169469.3,0.9870105853356017,0.2,1,112
2025,741,Spain,Male,39,7,143637.58,2,0,1,174227.66,0.8244199318298148,0.25,2,273
2025,557,France,Male,34,3,83074.0,1,1,0,132673.22,0.6261502799865716,0.25,0,102
2025,840,France,Male,30,8,136291.71,1,1,0,54113.38,2.518585817669906,0.1111111111111111,0,240
2025,592,Spain,Male,38,3,0.0,1,1,1,12905.89,0.0,0.25,1,114
2025,678,France,Male,36,0,107379.68,1,1,1,84460.18,1.2713495122848153,1.0,1,0
2025,634,Spain,Male,31,9,108632.48,1,1,1,179485.96,0.6052388429777852,0.1,1,279
2025,850,Germany,Male,40,4,166082.15,2,0,1,44406.17,3.7399850069256835,0.4,2,160
2025,744,Spain,Male,36,2,153804.44,1,1,1,87213.33,1.763522577081083,0.3333333333333333,1,72
2025,641,Germany,Female,40,2,110086.69,1,1,0,159773.14,0.6890144425124115,0.3333333333333333,0,80
2025,744,France,Male,36,10,0.0,2,1,1,182867.84,0.0,0.18181818181818182,2,360
2025,850,France,Female,37,3,212778.2,1,0,1,69372.88,3.067122669223633,0.25,1,111
2025,646,Germany,Female,35,1,121952.75,2,1,1,142839.82,0.8537668013947273,1.0,2,35
2025,850,France,Female,34,9,92899.27,2,1,0,97465.89,0.9531367010889544,0.2,0,306
2025,497,Germany,Female,32,8,111537.23,4,1,1,9497.99,11.742009413632397,0.4444444444444444,4,256
2025,605,Spain,Female,57,2,0.0,3,1,0,66652.75,0.0,1.0,0,114
2025,653,France,Male,47,6,0.0,1,1,0,50695.93,0.0,0.14285714285714285,0,282
2025,705,Spain,Male,36,1,111629.29,1,1,1,21807.16,5.118693644947579,0.5,1,36
2025,716,France,Female,23,2,94464.81,2,0,1,185900.88,0.5081433818743522,0.6666666666666666,2,46
2025,819,Germany,Female,49,1,120656.86,4,0,0,166164.3,0.7261254907011272,2.0,0,49
2025,451,Spain,Female,23,9,0.0,2,0,1,48021.71,0.0,0.2,2,207
2025,757,Spain,Female,44,9,0.0,2,1,0,177528.92,0.0,0.2,0,396
2025,665,Germany,Female,45,5,155447.65,2,1,0,51871.95,2.9966996286118297,0.3333333333333333,0,225
2025,600,Spain,Female,27,6,0.0,2,1,1,172031.22,0.0,0.2857142857142857,2,162
2025,820,France,Female,29,3,82344.84,1,0,1,115985.38,0.7099526685805695,0.25,1,87
2025,650,France,Male,34,4,106005.54,1,0,1,142995.32,0.7413165597548244,0.2,1,136
2025,538,Spain,Male,43,5,0.0,2,1,0,126933.73,0.0,0.3333333333333333,0,215
2025,680,Spain,Female,30,3,0.0,1,1,0,160131.58,0.0,0.25,0,90
2025,668,Germany,Male,34,5,80242.37,2,0,0,56780.97,1.4131663624914739,0.3333333333333333,0,170
2025,585,Spain,Female,44,4,0.0,2,0,1,101728.46,0.0,0.4,2,176
2025,777,France,Female,28,2,134571.5,1,0,1,118313.38,1.1374061208789668,0.3333333333333333,1,56
2025,698,France,Male,31,1,156111.24,1,0,0,134790.74,1.1581662199775744,0.5,0,31
2025,686,France,Female,41,4,129553.76,2,1,0,187599.8,0.6905821297137326,0.4,0,164
2025,712,France,Female,31,7,0.0,2,1,0,170333.38,0.0,0.25,0,217
2025,553,Germany,Male,53,5,127997.83,1,1,0,165378.66,0.773963557549943,0.16666666666666666,0,265
2025,569,France,Male,66,2,0.0,1,1,0,130784.2,0.0,0.3333333333333333,0,132
2025,682,Germany,Female,29,6,101012.77,1,0,0,32589.89,3.0994173525178357,0.14285714285714285,0,174
2025,516,France,Male,33,7,115195.58,1,1,1,11205.5,10.27935394637041,0.125,1,231
2025,759,France,Male,26,4,0.0,2,1,0,135394.62,0.0,0.4,0,104
2025,735,France,Male,34,1,141796.43,1,1,0,45858.49,3.0919757284697234,0.5,0,34
2025,724,France,Female,37,10,68598.56,1,1,0,157862.82,0.4345426330111611,0.09090909090909091,0,370
2025,607,Spain,Female,32,7,0.0,3,0,1,10674.62,0.0,0.375,3,224
2025,794,France,Female,41,7,0.0,2,1,1,74275.08,0.0,0.25,2,287
2025,571,France,Male,41,8,0.0,1,1,1,63736.17,0.0,0.1111111111111111,1,328
2025,850,France,Female,36,10,0.0,2,1,1,100750.03,0.0,0.18181818181818182,2,360
2025,607,Germany,Male,36,8,143421.74,1,1,0,97879.02,1.4652810655330881,0.1111111111111111,0,288
2025,767,France,Female,35,9,0.0,2,1,0,39511.61,0.0,0.2,0,315
2025,707,Germany,Female,51,10,98438.23,1,0,0,70778.63,1.3907706214344435,0.09090909090909091,0,510
2025,748,Spain,Male,35,5,105492.53,1,1,1,150057.2,0.7030107651564526,0.16666666666666666,1,175
2025,494,France,Male,40,7,0.0,2,0,1,158071.69,0.0,0.25,2,280
2025,746,Spain,Male,30,1,112666.67,1,0,0,11710.4,9.620256331437744,0.5,0,30
2025,600,France,Male,49,7,90218.9,1,1,0,91347.76,0.9876313591996213,0.125,0,343
2025,850,Germany,Female,35,2,80931.75,1,0,0,12639.67,6.40248895034836,0.3333333333333333,0,70
2025,528,France,Male,35,3,156687.1,1,1,0,199320.77,0.7861012873807012,0.25,0,105
2025,850,Spain,Male,44,7,89118.26,1,1,0,104240.77,0.8549189063079031,0.125,0,308
2025,590,Spain,Female,29,10,99250.08,1,1,1,129629.41,0.7656388651397461,0.09090909090909091,1,290
2025,640,Germany,Male,39,9,131607.28,4,0,1,6981.43,18.848349356885784,0.4,4,351
2025,590,Spain,Female,38,9,0.0,2,1,1,148750.16,0.0,0.2,2,342
2025,645,France,Female,36,8,0.0,2,1,1,12096.61,0.0,0.2222222222222222,2,288
2025,772,Spain,Male,41,10,96032.22,1,1,1,75825.57,1.2664718976474867,0.09090909090909091,1,410
2025,707,France,Male,30,8,0.0,2,1,0,33159.37,0.0,0.2222222222222222,0,240
2025,681,Germany,Male,48,5,139714.4,2,0,0,73066.72,1.9121220697730816,0.3333333333333333,0,240
2025,590,France,Female,76,5,160979.68,1,0,1,13848.58,11.623434068036719,0.16666666666666666,1,380
2025,706,Germany,Male,36,9,58571.18,2,1,0,40774.01,1.4364479616314012,0.2,0,324
2025,563,Spain,Female,46,8,106171.68,1,1,0,163145.5,0.6507751009062407,0.1111111111111111,0,368
2025,780,Germany,Male,34,5,94108.54,2,1,0,177235.21,0.5309780659381059,0.3333333333333333,0,170
2025,473,France,Female,39,9,117103.26,2,1,1,85937.52,1.3626399430662757,0.2,2,351
2025,724,Germany,Male,31,9,138166.3,1,1,0,12920.43,10.692802576804578,0.1,0,279
2025,584,France,Male,35,6,161613.94,2,1,1,148238.16,1.0902243374827543,0.2857142857142857,2,210
2025,610,France,Male,40,9,0.0,1,1,1,149602.54,0.0,0.1,1,360
2025,616,Spain,Male,30,5,0.0,2,0,1,196108.51,0.0,0.3333333333333333,2,150
2025,468,France,Male,22,2,0.0,2,1,0,28123.99,0.0,0.6666666666666666,0,44
2025,601,France,Female,26,8,78892.23,1,1,1,23703.52,3.3281513399132314,0.1111111111111111,1,208
2025,753,France,Male,92,3,121513.31,1,0,1,195563.99,0.6213449043205536,0.25,1,276
2025,836,Spain,Male,57,4,101247.06,1,1,0,37141.62,2.7258997884371103,0.2,0,228
2025,694,France,Male,36,3,97530.25,1,1,1,117140.41,0.8325855903561344,0.25,1,108
2025,745,France,Male,21,4,137910.45,1,1,1,177235.23,0.7781165848540109,0.2,1,84
2025,621,France,Male,35,7,87619.29,1,1,0,143.34,607.0340169045309,0.125,0,245
2025,496,Spain,Male,29,2,0.0,2,1,0,55389.59,0.0,0.6666666666666666,0,58
2025,767,France,Male,36,3,0.0,1,0,0,65147.27,0.0,0.25,0,108
2025,742,France,Male,27,0,0.0,2,0,1,131534.96,0.0,2.0,2,0
2025,681,Germany,Male,38,6,181804.34,2,1,1,57517.71,3.160786116378479,0.2857142857142857,2,228
2025,720,Germany,Female,43,10,110822.9,1,0,0,72861.94,1.5209776053505388,0.09090909090909091,0,430
2025,672,France,Female,28,6,0.0,1,0,1,8814.69,0.0,0.14285714285714285,1,168
2025,793,Spain,Female,36,0,0.0,1,0,0,148993.47,0.0,1.0,0,0
2025,584,France,Female,41,3,0.0,2,1,1,160095.48,0.0,0.5,2,123
2025,605,France,Male,41,5,91612.91,1,1,1,28427.84,3.222534229324869,0.16666666666666666,1,205
2025,850,Germany,Female,47,10,134381.52,1,0,0,26812.89,5.011638371008458,0.09090909090909091,0,470
2025,717,Germany,Female,28,9,82498.14,2,0,0,40437.67,2.0400804477496415,0.2,0,252
2025,850,France,Male,29,1,0.0,2,0,0,152996.89,0.0,1.0,0,29
2025,648,Germany,Female,42,8,121980.56,2,1,0,4027.02,30.28300753223668,0.2222222222222222,0,336
2025,666,France,Male,46,5,123873.19,1,1,1,177844.06,0.6965230858816096,0.16666666666666666,1,230
2025,706,France,Male,35,5,0.0,2,1,1,81718.37,0.0,0.3333333333333333,2,175
2025,651,France,Female,56,4,0.0,1,0,0,84383.22,0.0,0.2,0,224
2025,664,Germany,Male,39,7,60263.23,1,1,0,170835.32,0.35275420355577786,0.125,0,273
2025,635,Spain,Male,31,1,0.0,2,1,0,135382.23,0.0,1.0,0,31
2025,616,Germany,Female,28,10,105173.99,1,0,1,29835.37,3.5250263353082163,0.09090909090909091,1,280
2025,610,France,Female,45,1,0.0,2,1,1,199657.46,0.0,1.0,2,45
2025,607,France,Male,26,1,0.0,1,1,0,29818.2,0.0,0.5,0,26
2025,657,Spain,Female,27,8,0.0,2,0,0,6468.24,0.0,0.2222222222222222,0,216
2025,489,Germany,Female,52,1,131441.51,1,1,0,37240.11,3.5294734770257925,0.5,0,52
2025,746,France,Male,37,2,0.0,2,1,0,143194.05,0.0,0.6666666666666666,0,74
2025,557,France,Female,28,7,146445.24,2,1,0,184317.74,0.7945217073424005,0.25,0,196
2025,531,Germany,Female,31,7,117052.82,1,1,0,118508.09,0.9877117443058588,0.125,0,217
2025,506,France,Male,36,5,0.0,2,1,0,164253.35,0.0,0.3333333333333333,0,180
2025,678,Germany,Female,51,1,145751.03,1,0,0,109718.44,1.3283975018465277,0.5,0,51
2025,760,Germany,Male,42,0,77992.97,2,1,1,97906.38,0.7965995004666655,2.0,2,0
2025,623,Spain,Female,50,2,87116.71,1,1,1,104382.11,0.834586265919841,0.3333333333333333,1,100
2025,583,France,Male,40,9,112701.04,1,0,0,29213.63,3.857691848228096,0.1,0,360
2025,520,France,Female,38,4,0.0,2,1,0,56388.63,0.0,0.4,0,152
2025,716,Germany,Male,50,2,119655.77,1,1,1,12944.17,9.243275291093125,0.3333333333333333,1,100
2025,705,Germany,Male,44,3,105934.96,1,1,0,82463.69,1.2846099342639863,0.25,0,132
2025,850,Germany,Female,31,1,130089.56,2,1,1,4466.21,29.12098602931136,1.0,2,31
2025,545,Spain,Female,74,3,0.0,2,1,1,161326.73,0.0,0.5,2,222
2025,674,Spain,Female,39,6,0.0,2,1,1,9574.83,0.0,0.2857142857142857,2,234
2025,586,France,Male,64,1,0.0,2,1,1,53710.23,0.0,1.0,2,64
2025,679,France,Female,33,9,112528.65,2,1,0,177362.45,0.6344523068309733,0.2,0,297
2025,791,France,Male,37,2,163789.49,2,1,0,75832.53,2.1598558052091206,0.6666666666666666,0,74
2025,540,Spain,Male,37,0,120825.7,1,1,0,28257.89,4.275670417344772,1.0,0,0
2025,669,Germany,Female,35,4,108269.2,2,1,0,174969.92,0.6187839670729284,0.4,0,140
2025,588,Germany,Female,40,10,125534.51,1,1,0,121504.18,1.0331617960649908,0.09090909090909091,0,400
2025,625,France,Male,34,6,0.0,2,0,0,197283.2,0.0,0.2857142857142857,0,204
2025,781,France,Male,23,2,107433.48,1,1,0,173843.21,0.6179871046611216,0.3333333333333333,0,46
2025,568,Spain,Male,39,5,0.0,2,1,1,129569.92,0.0,0.3333333333333333,2,195
2025,490,France,Female,40,1,0.0,1,1,1,49594.19,0.0,0.5,1,40
2025,707,Germany,Female,40,3,109628.44,1,1,0,189366.03,0.5789204171391398,0.25,0,120
2025,784,Spain,Female,42,2,109052.04,2,1,0,6409.55,17.01133912066827,0.6666666666666666,0,84
2025,516,Spain,Female,45,8,109044.3,1,0,1,115818.16,0.9415048425493675,0.1111111111111111,1,360
2025,632,Spain,Male,28,7,155519.59,1,1,0,1843.24,84.32719711100508,0.125,0,196
2025,725,France,Male,41,7,113980.21,1,1,1,116704.25,0.9766502363861095,0.125,1,287
2025,831,France,Female,34,2,0.0,2,0,0,165840.94,0.0,0.6666666666666666,0,68
2025,701,Spain,Male,28,1,103421.32,1,0,1,76304.73,1.3553545716684712,0.5,1,28
2025,522,France,Female,34,3,0.0,2,1,1,3894.34,0.0,0.5,2,102
2025,769,Germany,Female,31,7,148913.72,2,1,0,53817.23,2.766975428214566,0.25,0,217
2025,730,France,Male,27,5,0.0,2,1,1,116081.93,0.0,0.3333333333333333,2,135
2025,821,France,Female,28,8,0.0,1,1,1,36754.13,0.0,0.1111111111111111,1,224
2025,670,Spain,Male,25,6,0.0,2,1,1,78358.94,0.0,0.2857142857142857,2,150
2025,639,France,Male,37,5,98186.7,1,0,1,173386.95,0.5662832970803334,0.16666666666666666,1,185
2025,731,France,Male,33,4,0.0,2,1,1,74945.11,0.0,0.4,2,132
2025,739,France,Male,40,4,0.0,2,0,0,173321.65,0.0,0.4,0,160
2025,664,France,Male,40,7,125608.72,1,1,0,122073.48,1.0289515056709642,0.125,0,280
2025,512,France,Male,51,6,144953.31,1,1,1,165035.17,0.8783123723726743,0.14285714285714285,1,306
2025,618,France,Male,37,5,0.0,1,0,1,178705.45,0.0,0.16666666666666666,1,185
2025,726,France,Female,31,9,114722.05,2,1,1,98178.57,1.1684920803788406,0.2,2,279
2025,621,Germany,Male,27,1,74298.43,1,1,1,52581.96,1.41297542017414,0.5,1,27
2025,568,France,Male,30,8,73054.37,2,1,1,27012.0,2.7044152815311144,0.2222222222222222,2,240
2025,669,France,Female,44,8,96418.09,1,0,0,131609.48,0.732601917415695,0.1111111111111111,0,352
2025,667,Spain,Female,39,2,0.0,2,1,0,40721.24,0.0,0.6666666666666666,0,78
2025,758,France,Female,34,3,0.0,2,1,1,124226.16,0.0,0.5,2,102
2025,776,Germany,Female,37,1,93124.04,2,1,1,196079.32,0.4749280294932199,1.0,2,37
2025,642,Germany,Male,30,8,134497.27,1,0,0,43250.54,3.109652743000596,0.1111111111111111,0,240
2025,722,France,Female,47,2,88011.4,1,1,1,90655.94,0.9708181193850134,0.3333333333333333,1,94
2025,510,France,Female,22,3,156834.34,1,0,0,44374.44,3.534259941985927,0.25,0,66
2025,648,Spain,Male,36,8,146943.38,2,1,1,130041.45,1.1299647153679433,0.2222222222222222,2,288
2025,626,France,Female,29,4,105767.28,2,0,0,41104.82,2.5730487799537873,0.4,0,116
2025,773,France,Male,52,4,0.0,1,0,1,144113.42,0.0,0.2,1,208
2025,744,Spain,Male,31,0,117551.23,1,1,0,158958.9,0.7395024153890384,1.0,0,0
2025,662,France,Male,44,8,0.0,2,1,1,175314.87,0.0,0.2222222222222222,2,352
2025,782,Germany,Female,53,1,81571.05,1,1,0,182960.46,0.44583733645326185,0.5,0,53
2025,597,France,Female,41,4,145809.53,2,1,1,52319.26,2.7868655469219763,0.4,2,164
2025,653,France,Female,32,4,83772.95,1,0,1,23920.65,3.5019720629638837,0.2,1,128
2025,651,France,Male,28,7,0.0,2,1,0,823.96,0.0,0.25,0,196
2025,726,France,Female,34,0,185734.75,1,1,1,102036.82,1.8202539999384542,1.0,1,0
2025,581,Germany,Female,34,1,101633.04,1,1,0,110431.51,0.9203181200898177,0.5,0,34
2025,594,Germany,Female,29,3,130830.22,1,1,0,61048.53,2.1430176448532854,0.25,0,87
2025,454,Germany,Female,50,10,92895.56,1,1,0,154344.0,0.6018695778936797,0.09090909090909091,0,500
2025,821,France,Male,28,2,0.0,2,1,0,46072.52,0.0,0.6666666666666666,0,56
2025,533,Spain,Female,52,7,0.0,1,0,1,194113.99,0.0,0.125,1,364
2025,655,Germany,Male,67,6,148363.38,1,1,1,186995.17,0.7934033087415641,0.14285714285714285,1,402
2025,659,France,Female,33,7,89939.62,1,1,0,136540.09,0.6587000294197153,0.125,0,231
2025,793,Spain,Male,38,9,0.0,2,1,0,88225.02,0.0,0.2,0,342
2025,575,Spain,Male,28,7,0.0,1,1,1,10666.05,0.0,0.125,1,196
2025,755,France,Male,62,1,127706.33,2,0,1,142377.69,0.8969483424801844,1.0,2,62
2025,478,France,Female,32,6,71187.24,1,1,1,110593.62,0.6436772421660295,0.14285714285714285,1,192
2025,807,Spain,Female,43,0,0.0,2,0,1,85523.24,0.0,2.0,2,0
2025,598,Germany,Male,19,3,150348.37,1,1,1,173784.04,0.8651398877601892,0.25,1,57
2025,765,Germany,Female,46,8,119492.88,2,0,1,166896.01,0.7159677695843683,0.2222222222222222,2,368
2025,696,France,Female,41,8,0.0,2,0,0,28276.83,0.0,0.2222222222222222,0,328
2025,703,France,Male,56,9,0.0,1,0,0,85547.33,0.0,0.1,0,504
2025,559,France,Male,52,2,0.0,1,1,0,129013.59,0.0,0.3333333333333333,0,104
2025,606,Germany,Male,27,2,130274.26,2,1,0,147533.09,0.8830112416730262,0.6666666666666666,0,54
2025,653,France,Male,33,1,0.0,2,0,0,53379.52,0.0,1.0,0,33
2025,791,France,Female,33,3,0.0,1,1,1,144413.92,0.0,0.25,1,99
2025,583,France,Male,51,6,125268.03,2,1,0,165082.25,0.758817323986534,0.2857142857142857,0,306
2025,651,Germany,Female,42,1,116646.76,1,1,0,44731.8,2.607633772086701,0.5,0,42
2025,785,France,Female,34,9,70302.48,1,1,1,68600.36,1.0247971760326617,0.1,1,306
2025,614,Spain,Female,39,6,0.0,2,1,1,164018.98,0.0,0.2857142857142857,2,234
2025,669,Germany,Female,42,1,103873.39,1,1,0,148611.52,0.6989545026219864,0.5,0,42
2025,545,France,Male,23,2,0.0,2,1,0,189613.12,0.0,0.6666666666666666,0,46
2025,824,France,Male,30,0,133634.02,1,1,1,162053.92,0.824621801053618,1.0,1,0
2025,558,Germany,Male,39,10,144757.02,1,1,0,22878.16,6.327025118055033,0.09090909090909091,0,390
2025,669,France,Female,43,1,160474.59,1,1,1,95963.14,1.6722349619347394,0.5,1,43
2025,506,France,Male,34,7,0.0,2,0,0,115842.1,0.0,0.25,0,238
2025,580,France,Female,65,9,106804.26,3,1,0,107890.69,0.9899210958693853,0.3,0,585
2025,477,Germany,Female,58,8,145984.92,1,1,1,24564.7,5.942632206694701,0.1111111111111111,1,464
2025,691,Germany,Female,37,7,123067.63,1,1,1,98162.44,1.2537012761573962,0.125,1,259
2025,634,Spain,Male,63,10,0.0,2,1,0,30772.86,0.0,0.18181818181818182,0,630
2025,567,France,Male,38,6,127678.8,2,0,0,45422.89,2.8108292794826686,0.2857142857142857,0,228
2025,727,France,Male,47,7,0.0,2,1,0,193305.35,0.0,0.25,0,329
2025,569,France,Male,38,7,0.0,1,1,1,108469.2,0.0,0.125,1,266
2025,798,France,Female,60,6,96956.1,1,1,0,31907.44,3.0385722398211885,0.14285714285714285,0,360
2025,623,France,Female,29,1,0.0,2,0,0,39382.06,0.0,1.0,0,29
2025,717,France,Male,31,4,129722.57,1,0,0,41176.6,3.150318862682624,0.2,0,124
2025,636,France,Female,45,7,139859.23,1,1,1,108402.54,1.290172165964322,0.125,1,315
2025,751,Germany,Female,28,10,132932.14,2,1,1,46630.47,2.850695892709366,0.18181818181818182,2,280
2025,693,Germany,Male,46,2,104763.41,1,1,1,62368.33,1.6797263975739358,0.3333333333333333,1,92
2025,777,Germany,Male,44,3,124655.59,2,0,1,79792.3,1.5622312900957849,0.5,2,132
2025,720,Spain,Female,59,6,0.0,2,1,1,160849.43,0.0,0.2857142857142857,2,354
2025,672,Germany,Female,21,1,35741.69,1,1,0,28789.94,1.2414214332703275,0.5,0,21
2025,739,France,Female,20,4,133800.98,1,0,1,150245.81,0.8905412367823318,0.2,1,80
2025,568,Spain,Male,28,1,127289.28,1,0,0,45611.51,2.790665981766844,0.5,0,28
2025,611,France,Female,30,9,88594.14,1,1,0,196332.45,0.4512432293121727,0.1,0,270
2025,584,Germany,Male,33,3,88311.48,2,1,1,177651.38,0.49710271261212485,0.5,2,99
2025,435,France,Male,36,4,0.0,1,1,1,197015.2,0.0,0.2,1,144
2025,604,France,Male,31,6,134837.58,1,1,0,192029.19,0.7021686537934477,0.14285714285714285,0,186
2025,365,Germany,Male,30,0,127760.07,1,1,0,81537.85,1.5668613182550404,1.0,0,0
2025,836,Spain,Female,37,10,0.0,2,1,0,111324.41,0.0,0.18181818181818182,0,370
2025,608,Spain,Female,41,3,89763.84,1,0,0,199304.74,0.45038261316507994,0.25,0,123
2025,517,France,Male,62,1,43772.66,3,1,0,187756.24,0.2331343387876814,1.5,0,62
2025,677,France,Male,30,1,78133.15,1,0,1,174225.88,0.4484563461160528,0.5,1,30
2025,640,Germany,Male,48,1,111599.32,1,0,1,135995.58,0.8206038710679343,0.5,1,48
2025,605,Spain,Male,41,5,103154.66,1,0,0,143203.78,0.7203297264239364,0.16666666666666666,0,205
2025,680,France,Male,34,9,0.0,2,1,1,95686.6,0.0,0.2,2,306
2025,657,Germany,Male,57,8,107174.58,1,1,1,126369.55,0.8480977569536573,0.1111111111111111,1,456
2025,767,Spain,Male,47,2,0.0,1,1,0,48161.18,0.0,0.3333333333333333,0,94
2025,626,Germany,Male,27,4,115084.53,2,0,1,26907.43,4.27689501022542,0.4,2,108
2025,680,Germany,Female,31,3,127331.46,3,1,1,176433.6,0.7216921170790763,0.75,3,93
2025,615,France,Female,35,2,97440.02,2,1,1,139816.1,0.6969106067855791,0.6666666666666666,2,70
2025,718,France,Female,39,3,0.0,2,1,1,145355.11,0.0,0.5,2,117
2025,662,France,Male,34,2,117731.79,2,0,1,55120.79,2.1358484548487993,0.6666666666666666,2,68
2025,476,Germany,Female,34,8,111905.43,1,0,1,197221.81,0.5674061230544276,0.1111111111111111,1,272
2025,480,France,Male,35,2,165692.91,1,1,1,197984.58,0.8368938283283056,0.3333333333333333,1,70
2025,758,France,Male,35,7,0.0,2,1,0,77951.84,0.0,0.25,0,245
2025,545,Spain,Male,36,8,73211.12,2,1,0,89587.34,0.817194737618757,0.2222222222222222,0,288
2025,635,France,Female,27,8,127471.56,1,1,1,152916.05,0.8335993926118769,0.1111111111111111,1,216
2025,693,Germany,Male,45,2,116546.59,2,0,0,23140.28,5.03630698042632,0.6666666666666666,0,90
2025,599,Spain,Female,49,2,0.0,2,1,0,111190.53,0.0,0.6666666666666666,0,98
2025,511,France,Male,58,0,149117.31,1,1,1,162599.51,0.917077750863143,1.0,1,0
2025,620,Spain,Male,38,0,0.0,2,1,1,38015.34,0.0,2.0,2,0
2025,726,Germany,Female,33,7,99046.31,2,1,1,56053.06,1.7669783419791538,0.25,2,231
2025,690,France,Female,40,9,77641.99,1,0,0,189051.59,0.4106899037987261,0.1,0,360
2025,642,France,Male,38,3,0.0,2,0,0,171463.83,0.0,0.5,0,114
2025,680,France,Female,24,10,0.0,3,1,0,154971.63,0.0,0.2727272727272727,0,240
2025,599,Germany,Male,33,2,51949.95,2,1,0,85045.92,0.6108386993908774,0.6666666666666666,0,66
2025,634,France,Male,37,5,115345.86,2,0,0,168781.8,0.6833981898629482,0.3333333333333333,0,185
2025,787,France,Female,40,6,0.0,2,1,1,84151.98,0.0,0.2857142857142857,2,240
2025,660,Spain,Female,42,5,0.0,3,1,1,189016.24,0.0,0.5,3,210
2025,595,Germany,Male,32,8,131081.66,2,1,1,69428.79,1.8879743118911927,0.2222222222222222,2,256
2025,755,France,Male,23,5,84284.48,2,1,1,62851.6,1.340986371287743,0.3333333333333333,2,115
2025,658,France,Male,20,7,0.0,2,0,0,187638.34,0.0,0.25,0,140
2025,682,France,Female,37,8,148580.12,1,1,0,35179.18,4.223404200888114,0.1111111111111111,0,296
2025,517,France,Male,41,2,0.0,2,0,1,75937.47,0.0,0.6666666666666666,2,82
2025,663,Germany,Male,32,8,130627.66,1,1,0,47161.25,2.769750382986393,0.1111111111111111,0,256
2025,597,Germany,Male,52,8,83693.34,2,1,1,161083.53,0.5195616239498604,0.2222222222222222,2,416
2025,618,France,Female,24,7,128736.39,1,0,1,37147.61,3.465442986965057,0.125,1,168
2025,604,France,Male,33,3,148659.48,1,0,0,42437.75,3.502918441283026,0.25,0,99
2025,770,France,Female,68,2,183555.24,1,0,0,159557.28,1.1503962063266162,0.3333333333333333,0,136
2025,527,Germany,Male,58,3,137318.42,1,1,1,126144.96,1.0885677194893915,0.25,1,174
2025,601,France,Female,46,3,98202.76,1,0,0,137763.93,0.7128284389938717,0.25,0,138
2025,810,France,Male,32,9,120879.73,2,0,1,78896.59,1.5321092824254834,0.2,2,288
2025,699,France,Male,32,3,0.0,2,1,1,170770.44,0.0,0.5,2,96
2025,535,Germany,Male,40,7,111756.5,1,1,0,8128.32,13.74733680061801,0.125,0,280
2025,754,Germany,Male,57,2,101134.87,2,1,1,70954.41,1.425329936082393,0.6666666666666666,2,114
2025,709,Germany,Male,23,8,73314.04,2,1,0,63446.47,1.1555076979428809,0.2222222222222222,0,184
2025,517,France,Male,28,2,115062.61,1,1,0,179056.23,0.6426024238172343,0.3333333333333333,0,56
2025,679,France,Male,37,7,74260.03,1,1,0,194617.98,0.38156622750771785,0.125,0,259
2025,665,France,Male,35,8,110934.54,1,1,0,169287.99,0.6552968388552617,0.1111111111111111,0,280
2025,574,Spain,Male,36,3,0.0,2,1,1,8559.66,0.0,0.5,2,108
2025,588,Germany,Female,34,10,129417.82,1,1,0,153727.32,0.8418606278921151,0.09090909090909091,0,340
2025,661,France,Male,26,8,0.0,2,0,0,196875.87,0.0,0.2222222222222222,0,208
2025,745,Germany,Male,38,5,65095.41,2,1,1,140197.42,0.4643091555525376,0.3333333333333333,2,190
2025,494,France,Male,30,3,85704.95,1,0,1,27886.06,3.073287395659492,0.25,1,90
2025,747,Spain,Male,41,9,0.0,1,1,0,32430.94,0.0,0.1,0,369
2025,768,Spain,Female,44,6,60603.4,1,1,1,178045.97,0.34037872141266995,0.14285714285714285,1,264
2025,802,Germany,Male,31,1,125013.72,1,1,1,187658.09,0.6661746041718523,0.5,1,31
2025,734,France,Male,34,6,133598.4,1,1,1,13107.24,10.19194033676527,0.14285714285714285,1,204
2025,743,France,Male,23,3,110203.77,1,1,0,95583.45,1.1529466351482904,0.25,0,69
2025,617,Germany,Female,37,4,116471.43,2,1,0,175324.74,0.6643144925554,0.4,0,148
2025,503,Spain,Male,25,7,0.0,1,0,1,192841.13,0.0,0.125,1,175
2025,697,Spain,Male,43,10,128226.37,1,0,0,188486.94,0.6802895187883108,0.09090909090909091,0,430
2025,719,Spain,Male,35,3,122964.88,1,1,1,138231.7,0.8895498677230496,0.25,1,105
2025,850,Spain,Female,70,5,0.0,1,1,1,705.18,0.0,0.16666666666666666,1,350
2025,608,Germany,Male,44,7,114203.47,1,1,1,77830.36,1.4673194712259943,0.125,1,308
2025,762,Spain,Female,69,9,183744.98,1,1,1,196993.69,0.9327407759061932,0.1,1,621
2025,809,France,Female,39,5,0.0,1,1,0,77705.75,0.0,0.16666666666666666,0,195
2025,770,Spain,Male,55,9,63127.41,2,1,0,185211.28,0.34083814528928646,0.2,0,495
2025,745,Spain,Female,38,7,0.0,2,1,1,194230.82,0.0,0.25,2,266
2025,689,Germany,Male,67,9,157094.78,1,1,1,99490.01,1.5789846740926643,0.1,1,603
2025,583,France,Male,27,7,0.0,2,1,0,51285.49,0.0,0.25,0,189
2025,688,Spain,Female,33,2,0.0,1,0,0,27557.18,0.0,0.3333333333333333,0,66
2025,618,Germany,Male,42,8,153572.31,2,1,1,76679.6,2.0027531083481347,0.2222222222222222,2,336
2025,501,Germany,Male,38,9,88977.39,2,0,1,133403.07,0.6669765772513537,0.2,2,342
2025,722,France,Male,46,5,0.0,2,1,0,179908.71,0.0,0.3333333333333333,0,230
2025,699,Germany,Female,51,2,92246.14,2,0,1,91346.03,1.0098427940131167,0.6666666666666666,2,102
2025,763,France,Female,58,9,187911.55,1,0,1,35825.18,5.245090322216881,0.1,1,522
2025,592,France,Male,27,3,0.0,2,1,1,19645.65,0.0,0.5,2,81
2025,703,France,Female,51,3,0.0,3,1,1,77294.56,0.0,0.75,3,153
2025,634,Spain,Female,41,4,0.0,2,1,1,164549.74,0.0,0.4,2,164
2025,539,France,Female,24,3,0.0,2,1,1,198161.07,0.0,0.5,2,72
2025,745,Spain,Female,31,3,124328.84,1,1,1,140451.52,0.8852019173454488,0.25,1,93
2025,813,Germany,Female,29,5,106059.4,1,0,0,187976.88,0.5642121296399342,0.16666666666666666,0,145
2025,596,Germany,Male,34,4,99441.21,2,0,1,4802.27,20.70281495731033,0.4,2,136
2025,603,Spain,Male,46,2,0.0,2,1,0,174478.54,0.0,0.6666666666666666,0,92
2025,678,France,Male,40,1,0.0,2,1,1,187343.4,0.0,1.0,2,40
2025,459,Germany,Male,46,7,110356.42,1,1,0,4969.13,22.203930279489672,0.125,0,322
2025,593,Germany,Male,69,2,187013.13,2,0,1,105898.69,1.7659459626369067,0.6666666666666666,2,138
2025,605,Spain,Male,39,10,105317.73,2,1,0,138021.36,0.7630483205764632,0.18181818181818182,0,390
2025,549,France,Male,37,2,112541.54,2,0,0,47432.43,2.3726207444833736,0.6666666666666666,0,74
2025,680,France,Male,33,2,108393.35,1,0,1,39057.67,2.7751418571088062,0.3333333333333333,1,66
2025,651,France,Male,35,7,74623.5,3,1,0,129451.29,0.5764556192864568,0.375,0,245
2025,640,France,Male,38,9,0.0,2,1,0,88827.67,0.0,0.2,0,342
2025,698,Germany,Female,51,2,111018.98,1,1,0,86410.28,1.2847741637434371,0.3333333333333333,0,102
2025,606,France,Female,35,0,135984.15,2,1,0,186778.89,0.7280449196109923,2.0,0,0
2025,425,Spain,Female,22,7,169649.73,2,0,1,136365.0,1.244076456008096,0.25,2,154
2025,644,France,Female,40,10,139180.97,1,1,1,19959.67,6.972760433392266,0.09090909090909091,1,400
2025,707,France,Female,33,2,58036.33,1,1,1,83335.78,0.6964071566000031,0.3333333333333333,1,66
2025,758,France,Female,33,7,0.0,2,0,0,82996.47,0.0,0.25,0,231
2025,775,France,Male,60,7,0.0,2,1,1,111558.7,0.0,0.25,2,420
2025,671,Spain,Female,31,4,0.0,2,0,1,79270.02,0.0,0.4,2,124
2025,557,Germany,Female,38,2,129893.56,1,0,0,102076.03,1.272505283509914,0.3333333333333333,0,76
2025,708,France,Female,44,2,161887.81,2,1,0,84870.23,1.9074521483899787,0.6666666666666666,0,88
2025,550,France,Female,46,7,0.0,2,1,0,130590.35,0.0,0.25,0,322
2025,697,Germany,Male,29,0,172693.54,1,0,0,141798.98,1.2178671675412083,1.0,0,0
2025,702,France,Male,26,2,71281.29,1,1,1,108747.12,0.6554714692998831,0.3333333333333333,1,52
2025,581,France,Female,24,3,95508.2,1,1,1,45755.0,2.087337179823411,0.25,1,72
2025,739,France,Male,41,5,0.0,2,0,0,143882.25,0.0,0.3333333333333333,0,205
2025,376,Germany,Female,29,4,115046.74,4,1,0,119346.88,0.9639613204692031,0.8,0,116
2025,616,Germany,Female,57,7,116936.81,1,1,1,104379.36,1.1202951398136585,0.125,1,399
2025,687,Spain,Female,21,8,0.0,2,1,1,154767.34,0.0,0.2222222222222222,2,168
2025,745,France,Male,35,9,92566.53,2,1,0,161519.77,0.5730936646723515,0.2,0,315
2025,694,France,Male,38,1,0.0,2,0,1,156858.2,0.0,1.0,2,38
2025,725,Germany,Female,39,5,116803.8,1,1,0,124052.97,0.9415563242353309,0.16666666666666666,0,195
2025,817,France,Female,37,6,81070.34,2,1,0,80985.88,1.0010305372919661,0.2857142857142857,0,222
2025,572,France,Male,24,1,0.0,2,1,1,151460.84,0.0,1.0,2,24
2025,803,France,Male,28,3,0.0,2,1,0,159654.0,0.0,0.5,0,84
2025,648,Spain,Female,31,5,0.0,2,1,1,5199.02,0.0,0.3333333333333333,2,155
2025,705,France,Male,32,7,0.0,2,1,0,7921.57,0.0,0.25,0,224
2025,583,France,Female,27,4,0.0,3,1,0,163113.41,0.0,0.6,0,108
2025,675,France,Female,39,6,0.0,2,0,0,83419.15,0.0,0.2857142857142857,0,234
2025,783,France,Male,40,6,0.0,2,1,0,109742.55,0.0,0.2857142857142857,0,240
2025,680,France,Male,31,9,0.0,2,1,0,36145.53,0.0,0.2,0,279
2025,700,France,Male,37,1,135179.49,1,1,0,160670.37,0.8413414910198376,0.5,0,37
2025,655,Spain,Female,34,4,109783.69,2,1,0,134034.32,0.8190653776929842,0.4,0,136
2025,652,France,Female,40,1,0.0,2,1,0,126554.96,0.0,1.0,0,40
2025,606,Germany,Male,48,4,132403.56,1,0,0,36091.91,3.6684091141445783,0.2,0,192
2025,679,Germany,Male,35,1,130463.55,2,1,1,37341.17,3.4937324210135623,1.0,2,35
2025,770,Spain,Male,46,9,190678.02,1,1,1,14725.36,12.94807542393368,0.1,1,414
2025,571,France,Female,23,10,151097.28,1,0,1,17163.75,8.802766134082932,0.09090909090909091,1,230
2025,575,Spain,Male,53,1,84903.33,2,0,1,26015.8,3.2634040312413517,1.0,2,53
2025,628,Germany,Male,27,5,95826.49,2,1,0,155996.96,0.6142804046924717,0.3333333333333333,0,135
2025,587,France,Female,36,1,134997.49,2,1,0,44688.08,3.0208160472312247,1.0,0,36
2025,596,France,Male,36,2,0.0,2,1,1,12067.39,0.0,0.6666666666666666,2,72
2025,850,France,Female,40,9,99816.46,1,1,1,163989.66,0.608671615810315,0.1,1,360
2025,709,Germany,Male,22,0,112949.71,1,0,0,155231.55,0.7276161475154536,1.0,0,0
2025,578,France,Male,38,7,82259.29,1,1,0,8996.97,9.141983136196275,0.125,0,266
2025,588,Germany,Female,35,1,103060.63,1,1,0,179866.01,0.5729823940476911,0.5,0,35
2025,758,Spain,Female,43,10,0.0,2,1,1,55313.44,0.0,0.18181818181818182,2,430
2025,711,France,Female,37,8,113899.92,1,0,0,80215.2,1.4199116886613927,0.1111111111111111,0,296
2025,436,Germany,Male,45,3,104339.11,2,1,1,183540.22,0.5684778056940016,0.5,2,135
2025,678,France,Female,32,9,0.0,1,1,1,148210.64,0.0,0.1,1,288
2025,773,France,Male,45,8,96877.21,1,1,1,113950.51,0.850161704746168,0.1111111111111111,1,360
2025,662,Spain,Female,35,6,0.0,2,0,0,2423.9,0.0,0.2857142857142857,0,210
2025,552,France,Male,49,4,0.0,1,1,1,190296.76,0.0,0.2,1,196
2025,724,Germany,Female,53,1,139687.66,2,1,1,12913.92,10.815991117250435,1.0,2,53
2025,652,France,Male,30,2,176166.56,2,1,1,152210.81,1.157377735669788,0.6666666666666666,2,60
2025,729,Germany,Male,26,4,97268.1,2,1,0,39356.38,2.4714068873487007,0.4,0,104
2025,781,France,Female,27,7,186558.55,1,1,1,175071.29,1.0656086694244988,0.125,1,189
2025,435,Germany,Male,37,8,114346.3,1,0,1,980.93,116.4505616489974,0.1111111111111111,1,296
2025,757,Germany,Female,34,1,129398.01,2,0,0,44965.44,2.8776574262939203,1.0,0,34
2025,542,Spain,Male,37,8,0.0,1,1,1,807.06,0.0,0.1111111111111111,1,296
2025,601,Spain,Female,20,9,122446.61,2,1,0,86791.9,1.4107906291874106,0.2,0,180
2025,686,France,Male,32,6,0.0,2,1,1,179093.26,0.0,0.2857142857142857,2,192
2025,747,France,Male,49,6,202904.64,1,1,1,17298.72,11.72878173750789,0.14285714285714285,1,294
2025,548,France,Female,28,8,116755.5,2,1,1,158585.17,0.7362275033188581,0.2222222222222222,2,224
2025,552,Germany,Male,50,4,121175.56,1,1,0,117505.07,1.0312280888978755,0.2,0,200
2025,700,Spain,Male,54,1,79415.67,1,0,1,139735.54,0.568324290840463,0.5,1,54
2025,643,France,Female,51,2,105229.53,1,1,0,34967.75,3.0092448257372655,0.3333333333333333,0,102
2025,418,France,Male,36,7,90145.04,1,1,1,69157.93,1.3034475808113284,0.125,1,252
2025,574,France,Female,39,5,119013.86,1,1,0,103421.91,1.150749480941892,0.16666666666666666,0,195
2025,751,France,Male,29,3,159597.45,1,1,0,39934.41,3.9963894198156473,0.25,0,87
2025,642,France,Female,41,7,115171.71,1,1,1,37674.47,3.0569415590568614,0.125,1,287
2025,668,France,Female,53,10,110240.04,1,0,0,183980.56,0.5991907015029114,0.09090909090909091,0,530
2025,736,France,Female,42,7,117280.23,3,0,0,41921.06,2.7975779339087823,0.375,0,294
2025,666,France,Female,41,10,141162.08,1,1,0,50908.48,2.7728053792731724,0.09090909090909091,0,410
2025,644,France,Male,28,7,155060.41,1,1,0,29179.52,5.313832995436682,0.125,0,196
2025,799,France,Male,70,8,70416.75,1,1,1,36483.52,1.9300445778099864,0.1111111111111111,1,560
2025,642,France,Male,36,4,0.0,2,1,1,195224.91,0.0,0.4,2,144
2025,601,France,Male,74,2,0.0,2,0,1,51554.58,0.0,0.6666666666666666,2,148
2025,603,Germany,Male,46,4,98899.76,2,1,1,86190.34,1.1474442792048483,0.4,2,184
2025,692,France,Male,28,5,61581.97,1,1,1,70179.91,0.8774746579946028,0.16666666666666666,1,140
2025,656,France,Female,48,9,0.0,2,1,1,85240.61,0.0,0.2,2,432
2025,716,France,Male,41,9,0.0,1,1,1,113267.48,0.0,0.1,1,369
2025,658,France,Female,39,4,0.0,1,1,1,147530.06,0.0,0.2,1,156
2025,812,France,Male,32,5,133050.97,2,1,0,89385.92,1.4884836618153976,0.3333333333333333,0,160
2025,692,France,Male,69,10,154953.94,1,1,1,70849.47,2.1870559221413775,0.09090909090909091,1,690
2025,505,Spain,Male,35,8,116932.59,1,1,0,91092.84,1.2836498055192316,0.1111111111111111,0,280
2025,778,Germany,Female,37,0,105617.73,2,1,1,133699.82,0.789955738491357,2.0,2,0
2025,640,France,Female,42,5,176099.13,1,1,1,8404.73,20.94989132413247,0.16666666666666666,1,210
2025,663,Spain,Male,64,6,0.0,2,0,1,15876.52,0.0,0.2857142857142857,2,384
2025,487,Germany,Female,46,4,135070.58,2,1,1,44244.49,3.0527536252847463,0.4,2,184
2025,529,Spain,Male,63,4,96134.11,3,1,0,108732.96,0.8841222190381,0.6,0,252
2025,555,Germany,Male,42,6,107104.5,1,1,1,41304.44,2.592987751734396,0.14285714285714285,1,252
2025,606,France,Male,36,1,155655.46,1,1,1,192387.51,0.8090683793954222,0.5,1,36
2025,696,France,Male,22,9,149777.0,1,1,1,198032.93,0.7563198892230236,0.1,1,198
2025,713,France,Male,41,3,0.0,2,1,0,55772.04,0.0,0.5,0,123
2025,738,France,Male,29,2,0.0,2,1,1,170421.13,0.0,0.6666666666666666,2,58
2025,564,Spain,Male,31,5,121461.87,1,1,1,20432.09,5.944371115675603,0.16666666666666666,1,155
2025,805,France,Male,46,6,118022.06,3,1,0,162643.15,0.7256458962710924,0.42857142857142855,0,276
2025,748,Germany,Female,31,1,99557.94,1,1,0,199255.32,0.49964758959715805,0.5,0,31
2025,584,Germany,Male,42,3,137479.13,1,1,0,25669.1,5.355613340033736,0.25,0,126
2025,629,France,Male,44,5,0.0,4,0,0,117572.59,0.0,0.6666666666666666,0,220
2025,773,Germany,Male,34,10,126979.75,1,0,0,36823.28,3.44826158176073,0.09090909090909091,0,340
2025,705,Spain,Male,46,7,0.0,2,1,0,117273.35,0.0,0.25,0,322
2025,631,Spain,Male,46,9,160736.63,1,0,1,93503.02,1.7190344329580696,0.1,1,414
2025,850,France,Female,47,9,137301.87,1,1,0,44351.77,3.0956774514872465,0.1,0,423
2025,809,France,Male,36,9,68881.59,2,0,1,109135.11,0.631153061988374,0.2,2,324
2025,732,Germany,Female,48,4,102962.62,1,1,0,120852.85,0.8519597844834896,0.2,0,192
2025,540,France,Female,40,3,165298.12,1,0,1,199862.75,0.8270540305583178,0.25,1,120
2025,763,Germany,Male,42,6,100160.75,1,1,0,33462.94,2.9930949553459634,0.14285714285714285,0,252
2025,700,Germany,Female,30,4,116377.48,1,1,1,134417.31,0.8657859185999288,0.2,1,120
2025,551,Spain,Male,76,2,128410.71,2,1,1,181718.73,0.7066415407947172,0.6666666666666666,2,152
2025,605,France,Male,52,1,63349.75,1,1,0,108887.44,0.5817858167496935,0.5,0,52
2025,611,France,Male,38,4,71018.6,2,1,0,2444.29,29.0430173926201,0.4,0,152
2025,665,France,Male,25,7,90920.75,1,0,1,112256.57,0.809929789144732,0.125,1,175
2025,604,Germany,Male,25,7,165413.43,1,1,1,35279.74,4.68849094435094,0.125,1,175
2025,722,Spain,Female,35,1,120171.58,1,1,0,125240.8,0.9595165511833909,0.5,0,35
2025,511,France,Female,33,3,0.0,2,1,0,132436.71,0.0,0.5,0,99
2025,613,Germany,Male,40,1,147856.82,3,0,0,107961.11,1.3695251046871908,1.5,0,40
2025,759,Spain,Male,31,8,0.0,2,1,1,99086.74,0.0,0.2222222222222222,2,248
2025,850,France,Female,46,2,157866.77,1,1,1,18986.12,8.314413665684949,0.3333333333333333,1,92
2025,757,Spain,Male,44,5,140856.16,2,1,0,158735.1,0.8873605940929631,0.3333333333333333,0,220
2025,850,Germany,Female,30,3,104911.35,2,1,1,42933.26,2.4435346038338612,0.5,2,90
2025,678,France,Female,41,9,0.0,1,0,0,13160.03,0.0,0.1,0,369
2025,589,Germany,Male,55,7,119961.48,1,1,0,65156.83,1.8410907791128095,0.125,0,385
2025,671,Spain,Male,34,10,153360.02,1,1,0,140509.86,1.0914460277305256,0.09090909090909091,0,340
2025,628,France,Male,69,5,0.0,2,1,1,181964.6,0.0,0.3333333333333333,2,345
2025,783,Germany,Female,41,5,106640.5,1,1,0,176945.96,0.6026692970594126,0.16666666666666666,0,205
2025,739,Spain,Male,60,4,0.0,1,1,1,51637.67,0.0,0.2,1,240
2025,520,France,Male,58,3,0.0,2,0,1,32790.02,0.0,0.5,2,174
2025,642,France,Male,35,4,125476.31,1,1,1,91775.51,1.3671941763747608,0.2,1,140
2025,846,Spain,Male,61,0,0.0,2,1,1,96202.44,0.0,2.0,2,0
2025,631,Germany,Male,37,9,131519.49,2,1,1,51752.18,2.5412832602750206,0.2,2,333
2025,576,France,Male,36,6,0.0,2,1,1,48314.0,0.0,0.2857142857142857,2,216
2025,582,Spain,Male,26,4,65848.36,2,1,0,30149.21,2.1840099952869316,0.4,0,104
2025,643,Spain,Male,35,2,0.0,2,0,0,67979.35,0.0,0.6666666666666666,0,70
2025,761,Spain,Male,27,8,0.0,2,1,0,63297.7,0.0,0.2222222222222222,0,216
2025,488,France,Female,31,8,97588.6,1,0,0,124210.53,0.7856645836340637,0.1111111111111111,0,248
2025,514,Spain,Male,66,9,0.0,2,1,1,14234.31,0.0,0.2,2,594
2025,763,France,Male,40,3,0.0,2,1,0,134281.11,0.0,0.5,0,120
2025,731,Spain,Male,41,4,0.0,2,1,0,22299.27,0.0,0.4,0,164
2025,628,Spain,Female,39,8,107553.33,1,1,0,117523.41,0.9151573702858836,0.1111111111111111,0,312
2025,647,Germany,Female,51,1,119741.77,2,0,0,54954.51,2.1788856112881128,1.0,0,51
2025,529,France,Female,38,2,0.0,1,1,0,146388.85,0.0,0.3333333333333333,0,76
2025,507,Spain,Male,32,7,0.0,2,1,0,67926.18,0.0,0.25,0,224
2025,733,France,Male,64,3,0.0,2,1,1,75272.63,0.0,0.5,2,192
2025,673,Spain,Female,37,0,0.0,2,0,0,82351.06,0.0,2.0,0,0
2025,637,Spain,Female,22,5,98800.0,1,1,0,122865.55,0.8041244748875914,0.16666666666666666,0,110
2025,673,France,Male,37,4,0.0,2,0,0,163563.07,0.0,0.4,0,148
2025,772,Spain,Female,39,4,122486.11,2,1,1,140709.25,0.8704846306505745,0.4,2,156
2025,526,France,Male,42,1,0.0,1,0,1,168486.02,0.0,0.5,1,42
2025,747,Germany,Male,36,8,102603.3,2,1,1,180693.61,0.5678271200231153,0.2222222222222222,2,288
2025,814,France,Male,49,8,0.0,2,0,0,157822.54,0.0,0.2222222222222222,0,392
2025,754,Spain,Male,39,6,170184.99,2,1,0,89593.26,1.899507736321501,0.2857142857142857,0,234
2025,698,Spain,Male,38,10,95010.92,1,1,1,105227.86,0.9028979312329336,0.09090909090909091,1,380
2025,712,France,Male,23,2,0.0,2,0,1,66795.78,0.0,0.6666666666666666,2,46
2025,484,Germany,Female,34,4,148249.54,1,0,1,33738.27,4.3939759218264065,0.2,1,136
2025,637,Germany,Male,43,1,135645.29,2,0,1,101382.86,1.3379377151353282,1.0,2,43
2025,564,Germany,Male,40,7,108407.34,1,1,1,83681.2,1.2954647463857307,0.125,1,280
2025,694,France,Female,29,5,99713.87,1,0,0,112317.89,0.8877747100242889,0.16666666666666666,0,145
2025,687,France,Male,35,8,0.0,2,1,0,10334.05,0.0,0.2222222222222222,0,280
2025,579,Germany,Female,64,6,145215.43,1,1,1,164083.72,0.8850027595500666,0.14285714285714285,1,384
2025,726,Spain,Male,30,8,134152.29,1,1,1,147822.44,0.907517035187383,0.1111111111111111,1,240
2025,537,France,Male,26,7,106397.75,1,0,0,103563.23,1.0273600257540658,0.125,0,182
2025,497,Germany,Male,35,7,110053.62,2,1,1,92887.06,1.1847983476024797,0.25,2,245
2025,507,Germany,Male,31,2,134237.07,1,1,1,166423.66,0.8065936262090005,0.3333333333333333,1,62
2025,664,France,Male,40,9,0.0,2,1,0,194767.3,0.0,0.2,0,360
2025,729,Spain,Female,34,9,53299.96,2,1,1,42855.97,1.2436707494720227,0.2,2,306
2025,713,France,Male,36,8,133889.35,1,1,1,143265.65,0.9345465256568783,0.1111111111111111,1,288
2025,546,France,Female,52,2,0.0,1,1,0,137332.37,0.0,0.3333333333333333,0,104
2025,701,France,Male,37,8,130091.5,1,1,1,120031.29,1.083804199686601,0.1111111111111111,1,296
2025,619,Spain,Female,32,4,175406.13,2,1,1,172792.43,1.0151203665556034,0.4,2,128
2025,537,France,Female,38,10,0.0,1,0,0,52337.97,0.0,0.09090909090909091,0,380
2025,765,France,Female,50,9,126547.8,1,1,1,79579.94,1.590177245958643,0.1,1,450
2025,753,France,Female,39,7,155062.8,1,1,1,16460.77,9.419570313520355,0.125,1,273
2025,678,France,Female,31,1,0.0,2,0,1,130446.65,0.0,1.0,2,31
2025,719,Spain,Female,32,7,0.0,1,0,0,76264.27,0.0,0.125,0,224
2025,620,France,Male,36,8,0.0,2,1,1,145937.99,0.0,0.2222222222222222,2,288
2025,649,Spain,Female,32,7,0.0,1,1,0,28797.32,0.0,0.125,0,224
2025,609,Germany,Male,38,6,140752.06,2,0,1,171430.16,0.8210412856099206,0.2857142857142857,2,228
2025,717,Spain,Male,35,1,0.0,3,0,0,174770.14,0.0,1.5,0,35
2025,530,Germany,Male,33,9,75242.28,1,0,1,101694.67,0.7398769288800595,0.1,1,297
2025,802,Germany,Male,37,9,115569.21,1,0,1,119782.89,0.9648143001533847,0.1,1,333
2025,796,France,Male,24,8,0.0,2,1,0,61349.37,0.0,0.2222222222222222,0,192
2025,695,Spain,Female,35,7,79858.13,2,1,1,127977.66,0.6239956724035085,0.25,2,245
2025,584,Spain,Female,37,8,0.0,2,0,1,100835.19,0.0,0.2222222222222222,2,296
2025,798,France,Female,37,4,111723.08,1,1,1,83478.12,1.3383356221292224,0.2,1,148
2025,793,Spain,Male,29,8,96674.55,2,0,0,192120.66,0.5031944341934168,0.2222222222222222,0,232
2025,656,Spain,Male,32,5,136963.12,1,1,0,133814.28,1.023523770977425,0.16666666666666666,0,160
2025,538,Spain,Female,49,9,141434.04,1,0,0,173779.25,0.8138671684498096,0.1,0,441
2025,596,Spain,Male,41,5,0.0,2,0,1,141053.85,0.0,0.3333333333333333,2,205
2025,735,France,Male,43,9,127806.91,1,1,1,73069.59,1.7490882446686145,0.1,1,387
2025,781,France,Female,48,0,57098.96,1,1,0,85644.06,0.6666929768044999,1.0,0,0
2025,713,Germany,Male,45,4,131038.14,1,1,0,74005.04,1.770641153073452,0.2,0,180
2025,500,France,Male,45,2,109162.82,1,1,1,126145.08,0.8653683095027607,0.3333333333333333,1,90
2025,735,Spain,Male,50,9,0.0,1,0,0,166677.35,0.0,0.1,0,450
2025,717,Spain,Female,34,1,0.0,2,1,0,119313.74,0.0,1.0,0,34
2025,834,Germany,Female,68,9,130169.27,2,0,1,93112.2,1.397967957282104,0.2,2,612
2025,831,France,Female,32,2,146033.62,1,1,0,191260.74,0.7635276140434569,0.3333333333333333,0,64
2025,700,France,Female,34,2,76322.69,1,1,0,128136.29,0.5956321536064951,0.3333333333333333,0,68
2025,705,France,Female,37,10,0.0,2,1,1,13935.53,0.0,0.18181818181818182,2,370
2025,695,Spain,Female,31,5,0.0,2,0,1,13998.88,0.0,0.3333333333333333,2,155
2025,573,Germany,Male,35,9,134498.54,2,1,1,119924.8,1.121514636550267,0.2,2,315
2025,644,France,Male,48,8,0.0,2,0,1,44965.54,0.0,0.2222222222222222,2,384
2025,626,Germany,Male,35,4,88109.81,1,1,1,32825.5,2.68410613376388,0.2,1,140
2025,658,Germany,Male,31,2,77082.65,2,0,0,13482.28,5.716906420396223,0.6666666666666666,0,62
2025,725,France,Male,46,6,0.0,2,1,0,161767.38,0.0,0.2857142857142857,0,276
2025,724,France,Female,69,5,117866.92,1,1,1,62280.91,1.8924743958558752,0.16666666666666666,1,345
2025,474,France,Male,54,3,0.0,1,1,0,108409.17,0.0,0.25,0,162
2025,660,France,Male,33,0,72783.42,1,0,0,181051.99,0.40200065185336076,1.0,0,0
2025,648,Germany,Female,51,2,116574.84,1,1,0,4121.04,28.28086093293612,0.3333333333333333,0,102
2025,486,France,Female,39,8,97819.36,1,0,1,120531.31,0.811561314970235,0.1111111111111111,1,312
2025,585,Germany,Male,44,7,163867.86,1,1,1,112333.22,1.45875281815283,0.125,1,308
2025,631,France,Male,36,1,0.0,2,0,0,133141.34,0.0,1.0,0,36
2025,634,Germany,Male,35,6,116269.01,1,1,0,129964.94,0.8946113881837041,0.14285714285714285,0,210
2025,350,France,Female,60,3,0.0,1,0,0,113796.15,0.0,0.25,0,180
2025,693,Germany,Female,37,6,95900.04,1,1,1,38196.24,2.51065364932126,0.14285714285714285,1,222
2025,583,Germany,Male,27,4,105907.42,2,1,1,195732.04,0.5410809539360345,0.4,2,108
2025,809,Spain,Female,48,2,0.0,1,1,0,160976.85,0.0,0.3333333333333333,0,96
2025,693,France,Male,40,4,130661.96,1,1,1,101918.96,1.2820056051827335,0.2,1,160
2025,612,Germany,Female,36,2,130700.92,2,0,0,77592.8,1.6844247865164483,0.6666666666666666,0,72
2025,498,Germany,Male,25,8,121702.73,1,1,1,132210.49,0.9205155315926021,0.1111111111111111,1,200
2025,646,Germany,Male,32,8,105397.8,1,1,0,78111.84,1.3493018561353038,0.1111111111111111,0,256
2025,666,France,Female,66,7,0.0,2,1,1,99792.82,0.0,0.25,2,462
2025,622,France,Female,31,1,89688.94,1,1,1,152305.47,0.5888715036202993,0.5,1,31
2025,520,France,Male,49,5,121197.64,1,1,0,72577.33,1.6698874168088464,0.16666666666666666,0,245
2025,421,Germany,Male,28,8,122384.22,3,1,1,89017.38,1.374819672072217,0.3333333333333333,3,224
2025,637,Germany,Female,36,10,145750.45,2,1,1,96660.76,1.5078398117311336,0.18181818181818182,2,360
2025,615,Spain,Male,61,9,0.0,2,1,0,150227.85,0.0,0.2,0,549
2025,619,France,Female,48,4,0.0,1,0,0,18094.96,0.0,0.2,0,192
2025,625,Germany,Male,26,3,130483.95,1,1,0,122810.53,1.062473124469665,0.25,0,78
2025,708,Spain,Female,35,8,122570.69,1,0,0,199005.88,0.6159118217420423,0.1111111111111111,0,280
2025,843,France,Female,38,8,134887.53,1,1,1,10804.04,12.48376035627818,0.1111111111111111,1,304
2025,580,Germany,Male,24,1,133811.78,1,1,0,17185.95,7.785661795722917,0.5,0,24
2025,659,Germany,Male,36,4,132578.92,2,1,0,84320.94,1.572294470454546,0.4,0,144
2025,661,France,Female,31,3,136067.82,2,1,0,65567.91,2.0751880731279506,0.5,0,93
2025,699,France,Male,30,9,0.0,1,1,1,108162.13,0.0,0.1,1,270
2025,590,Spain,Female,29,2,166930.76,2,1,0,122487.73,1.362825461575118,0.6666666666666666,0,58
2025,608,Spain,Male,66,8,123935.35,1,1,1,65758.19,1.8846848630586843,0.1111111111111111,1,528
2025,850,Spain,Female,38,3,0.0,2,0,1,179360.76,0.0,0.5,2,114
2025,656,France,Female,46,5,113402.14,2,1,1,138849.06,0.8167237378219354,0.3333333333333333,2,230
2025,850,France,Female,42,9,113311.11,1,1,1,198193.75,0.5717160015590725,0.1,1,378
2025,608,France,Female,56,10,129255.2,2,1,0,142492.04,0.90709833968031,0.18181818181818182,0,560
2025,599,Germany,Male,45,10,103583.05,1,1,0,132127.69,0.7839557782643573,0.09090909090909091,0,450
2025,479,France,Female,26,1,0.0,2,1,1,19116.97,0.0,1.0,2,26
2025,678,France,Female,35,4,0.0,1,1,0,125518.32,0.0,0.2,0,140
2025,760,France,Male,37,7,0.0,1,0,0,32863.24,0.0,0.125,0,259
2025,569,Germany,Male,25,9,173459.45,2,1,1,44381.06,3.908323543341612,0.2,2,225
2025,511,France,Female,30,5,0.0,2,1,0,143994.86,0.0,0.3333333333333333,0,150
2025,749,Germany,Female,44,0,71497.79,2,0,0,151083.8,0.4732295373194391,2.0,0,0
2025,543,France,Male,36,6,0.0,2,1,0,176728.28,0.0,0.2857142857142857,0,216
2025,658,France,Male,29,3,145512.84,1,1,0,20207.02,7.200747030139518,0.25,0,87
2025,624,Spain,Male,51,5,174397.21,2,1,1,172372.63,1.011739498669257,0.3333333333333333,2,255
2025,785,Spain,Male,41,7,0.0,2,1,1,199108.88,0.0,0.25,2,287
2025,602,France,Male,59,7,0.0,2,1,1,162347.05,0.0,0.25,2,413
2025,643,France,Female,31,3,167949.48,1,1,0,143162.34,1.173131892564116,0.25,0,93
2025,714,Germany,Female,36,1,101609.01,2,1,1,447.73,226.43685512446234,1.0,2,36
2025,693,France,Male,36,8,178111.82,1,0,0,58719.63,3.0332068984954694,0.1111111111111111,0,288
2025,670,Germany,Male,31,1,142631.54,2,1,1,175894.24,0.8108891406043734,1.0,2,31
2025,733,France,Male,42,9,120094.93,1,1,0,184056.45,0.6524861123524203,0.1,0,378
2025,599,Spain,Female,37,2,0.0,2,1,1,143739.29,0.0,0.6666666666666666,2,74
2025,573,France,Male,31,2,0.0,2,1,1,91957.39,0.0,0.6666666666666666,2,62
2025,755,France,Male,38,9,148912.44,1,1,0,80416.16,1.8517495519612979,0.1,0,342
2025,586,France,Male,32,1,0.0,2,0,0,31635.99,0.0,1.0,0,32
2025,543,Spain,Female,46,5,140355.6,1,1,1,85086.78,1.6495388644526865,0.16666666666666666,1,230
2025,663,France,Male,28,4,0.0,2,1,1,123969.64,0.0,0.4,2,112
2025,732,Germany,Female,29,1,154333.82,1,1,1,138527.56,1.11409387349439,0.5,1,29
2025,677,France,Male,27,2,0.0,2,1,1,20092.89,0.0,0.6666666666666666,2,54
2025,836,France,Female,29,9,133681.78,1,1,1,153747.73,0.8694821739340546,0.1,1,261
2025,715,France,Female,31,3,110581.29,1,1,1,94715.24,1.1675008425165525,0.25,1,93
2025,582,Germany,Male,26,6,114450.32,1,1,1,14081.64,8.127050041753536,0.14285714285714285,1,156
2025,543,Germany,Male,37,8,140894.06,2,1,1,118059.19,1.1934087180445838,0.2222222222222222,2,296
2025,654,Spain,Female,32,2,0.0,1,1,1,51972.92,0.0,0.3333333333333333,1,64
2025,594,France,Female,56,7,0.0,1,1,0,26215.85,0.0,0.125,0,392
2025,786,Spain,Male,31,9,0.0,2,1,1,18210.36,0.0,0.2,2,279
2025,650,France,Male,37,5,106967.18,1,0,0,24495.03,4.366714932991183,0.16666666666666666,0,185
2025,724,Germany,Male,33,5,103564.83,2,1,0,121085.72,0.8552947011860591,0.3333333333333333,0,165
2025,642,France,Male,25,7,0.0,2,1,0,102083.78,0.0,0.25,0,175
2025,808,Spain,Female,67,10,124577.15,1,0,1,169894.4,0.7332579339993902,0.09090909090909091,1,670
2025,809,Germany,Female,42,6,64497.94,3,0,1,182436.81,0.3535338425735323,0.42857142857142855,3,252
2025,500,France,Female,34,4,0.0,2,1,0,12833.96,0.0,0.4,0,136
2025,549,France,Male,29,3,0.0,2,1,0,146090.38,0.0,0.5,0,87
2025,555,Germany,Female,46,4,120392.99,1,1,0,177719.88,0.6774273793827714,0.2,0,184
2025,605,France,Male,32,9,0.0,2,1,1,55724.24,0.0,0.2,2,288
2025,537,France,Male,39,2,0.0,2,1,1,137651.6,0.0,0.6666666666666666,2,78
2025,678,Germany,Male,36,6,118448.15,2,1,0,53172.02,2.227598695729526,0.2857142857142857,0,216
2025,603,France,Female,34,9,0.0,2,1,0,167916.35,0.0,0.2,0,306
2025,669,France,Female,29,7,146011.4,1,0,0,50249.16,2.9056902505385054,0.125,0,203
2025,641,France,Male,50,6,153590.73,2,1,1,130910.78,1.1732384205607778,0.2857142857142857,2,300
2025,681,Spain,Male,30,2,128393.29,1,1,1,180593.45,0.7109481492925169,0.3333333333333333,1,60
2025,645,France,Female,55,7,0.0,2,1,1,18369.33,0.0,0.25,2,385
2025,696,France,Female,25,8,126442.59,1,1,0,121904.44,1.0372186015652787,0.1111111111111111,0,200
2025,641,Spain,Male,42,9,132657.55,1,1,0,35367.19,3.750758803320158,0.1,0,378
2025,563,Germany,Male,44,7,105007.31,2,1,1,197812.16,0.5308408702434155,0.25,2,308
2025,434,Germany,Male,71,9,119496.87,1,1,0,125848.88,0.949519141377012,0.1,0,639
2025,493,France,Male,38,3,134006.77,1,1,0,89578.32,1.4959565444345857,0.25,0,114
2025,719,France,Male,32,9,146605.27,1,1,1,77119.45,1.9009908526208028,0.1,1,288
2025,810,France,Male,33,6,0.0,2,1,1,77965.67,0.0,0.2857142857142857,2,198
2025,723,Germany,Female,49,0,153855.52,1,1,1,180862.26,0.8506731549569547,1.0,1,0
2025,692,France,Female,28,8,95059.02,2,1,0,44420.18,2.139948105836,0.2222222222222222,0,224
2025,654,France,Male,36,2,112262.84,1,1,0,12873.39,8.719857018468447,0.3333333333333333,0,72
2025,703,France,Male,50,8,160139.59,2,1,1,79314.1,2.0190302981399504,0.2222222222222222,2,400
2025,749,France,Male,24,1,0.0,3,1,1,47911.03,0.0,1.5,3,24
2025,753,Spain,Male,51,4,79811.72,2,0,1,68260.27,1.1692094213893178,0.4,2,204
2025,594,Germany,Female,26,6,135067.52,2,0,0,131211.86,1.029377150989621,0.2857142857142857,0,156
2025,723,France,Female,35,0,0.0,2,0,1,61290.99,0.0,2.0,2,0
2025,586,France,Female,38,6,0.0,2,1,1,37935.83,0.0,0.2857142857142857,2,228
2025,788,Spain,Female,70,1,0.0,2,1,1,41610.62,0.0,1.0,2,70
2025,562,France,Male,48,3,92347.96,1,1,1,163116.75,0.5661429243598567,0.25,1,144
2025,678,Spain,Female,40,3,128398.38,1,1,0,168658.3,0.7612884673421508,0.25,0,120
2025,733,Spain,Female,30,0,83319.28,1,0,0,57769.2,1.4422536186476764,1.0,0,0
2025,587,Spain,Female,34,1,0.0,2,1,1,97932.68,0.0,1.0,2,34
2025,643,Germany,Male,59,3,170331.37,1,1,1,32171.79,5.2942679201897,0.25,1,177
2025,805,Spain,Female,39,5,165272.13,1,1,0,14109.85,11.712414914764171,0.16666666666666666,0,195
2025,602,Germany,Male,32,7,184715.86,2,1,0,113781.99,1.6234048692163914,0.25,0,224
2025,656,France,Male,37,2,0.0,2,0,1,67840.81,0.0,0.6666666666666666,2,74
2025,585,France,Male,42,2,0.0,2,1,1,18657.77,0.0,0.6666666666666666,2,84
2025,619,France,Female,35,8,132292.63,1,1,0,65682.93,2.0140790905781674,0.1111111111111111,0,280
2025,618,France,Male,48,7,0.0,1,1,0,13921.82,0.0,0.125,0,336
2025,681,Germany,Female,44,4,91115.76,2,0,0,24208.84,3.7635837328953845,0.4,0,176
2025,763,Germany,Female,61,1,66101.89,1,1,1,143981.27,0.45909742914874174,0.5,1,61
2025,850,Spain,Male,37,2,0.0,2,1,0,119969.99,0.0,0.6666666666666666,0,74
2025,675,France,Male,35,8,0.0,2,1,1,56642.97,0.0,0.2222222222222222,2,280
2025,540,Germany,Male,35,7,127801.88,1,0,1,84239.46,1.517108049979784,0.125,1,245
2025,734,Spain,Female,39,6,92126.26,2,0,0,112973.34,0.8154618119477396,0.2857142857142857,0,234
2025,631,France,Male,29,2,0.0,2,1,1,18581.84,0.0,0.6666666666666666,2,58
2025,493,France,Female,36,5,148667.81,2,1,0,56092.51,2.6503566990191914,0.3333333333333333,0,180
2025,735,France,Male,49,5,121973.28,1,1,0,148804.36,0.8196833769966352,0.16666666666666666,0,245
2025,652,France,Female,31,3,103696.97,3,0,0,155221.05,0.6680556660603311,0.75,0,93
2025,753,Germany,Female,46,3,111512.75,3,1,0,159576.75,0.6987988613700845,0.75,0,138
2025,585,Spain,Male,36,10,0.0,2,1,1,180318.6,0.0,0.18181818181818182,2,360
2025,534,France,Male,41,9,0.0,2,1,0,13871.34,0.0,0.2,0,369
2025,540,Spain,Female,28,6,84121.04,1,0,1,80698.54,1.0423980111906461,0.14285714285714285,1,168
2025,776,France,Female,29,7,178171.04,2,1,1,115818.51,1.5383508357098041,0.25,2,203
2025,725,France,Male,45,1,129855.32,1,0,0,24218.65,5.361568808797815,0.5,0,45
2025,646,Spain,Female,42,3,99836.47,1,0,1,22909.56,4.3576617070905295,0.25,1,126
2025,581,Spain,Female,31,6,0.0,2,1,0,188377.21,0.0,0.2857142857142857,0,186
2025,677,Germany,Female,41,8,146720.98,2,1,1,4195.84,34.95986980680703,0.2222222222222222,2,328
2025,514,Spain,Male,30,7,0.0,1,0,1,125010.24,0.0,0.125,1,210
2025,641,France,Male,37,6,0.0,2,1,0,45309.24,0.0,0.2857142857142857,0,222
2025,818,Germany,Male,43,10,105301.5,1,1,1,78941.59,1.3338997365047183,0.09090909090909091,1,430
2025,746,Spain,Male,36,2,0.0,2,1,1,16436.56,0.0,0.6666666666666666,2,72
2025,613,Germany,Male,33,3,155736.42,2,1,1,57751.21,2.6966313496920726,0.5,2,99
2025,684,France,Male,35,6,135871.5,1,1,1,87219.41,1.5577947867935955,0.14285714285714285,1,210
2025,711,France,Female,41,3,145754.91,1,1,1,101455.07,1.4366307506293117,0.25,1,123
2025,586,France,Male,58,7,151933.63,1,1,0,162960.05,0.9323309465666797,0.125,0,406
2025,499,France,Female,57,1,0.0,1,0,0,131372.38,0.0,0.5,0,57
2025,542,Spain,Male,43,6,113567.94,1,1,0,89543.25,1.268288471900764,0.14285714285714285,0,258
2025,615,France,Male,39,4,133707.09,1,1,1,108152.75,1.2362686453312992,0.2,1,156
2025,659,France,Female,32,9,0.0,2,1,1,93155.75,0.0,0.2,2,288
2025,602,France,Female,42,10,0.0,2,0,0,169921.11,0.0,0.18181818181818182,0,420
2025,642,France,Male,40,1,154863.15,1,1,1,138052.51,1.1217617719390112,0.5,1,40
2025,512,France,Female,30,6,0.0,2,1,0,88827.31,0.0,0.2857142857142857,0,180
2025,659,France,Female,56,9,123785.24,1,1,0,99504.03,1.2440098756816615,0.1,0,504
2025,568,Germany,Female,26,10,109819.16,2,1,0,154491.39,0.7108386374241475,0.18181818181818182,0,260
2025,729,France,Female,32,7,38550.06,1,0,1,179230.23,0.21508561872838788,0.125,1,224
2025,850,France,Male,58,8,156652.13,1,0,0,25899.21,6.048295747408998,0.1111111111111111,0,464
2025,508,France,Female,64,2,0.0,1,1,1,6076.62,0.0,0.3333333333333333,1,128
2025,684,France,Male,34,9,0.0,2,1,1,65257.57,0.0,0.2,2,306
2025,648,Spain,Male,46,9,127209.0,2,1,0,77405.95,1.6433795673385918,0.2,0,414
2025,626,Spain,Female,37,6,108269.37,1,1,0,5597.94,19.33747637945754,0.14285714285714285,0,222
2025,654,France,Female,40,3,0.0,2,1,0,167889.1,0.0,0.5,0,120
2025,622,Spain,Female,26,8,0.0,2,1,1,124964.82,0.0,0.2222222222222222,2,208
2025,711,France,Male,34,8,0.0,2,0,0,48260.19,0.0,0.2222222222222222,0,272
2025,622,France,Female,38,4,98640.74,1,1,1,110457.99,0.8930078031674923,0.2,1,152
2025,748,Spain,Male,36,4,141573.55,1,1,0,82158.14,1.7231625111947373,0.2,0,144
2025,652,Germany,Female,45,9,110827.49,1,1,1,153383.54,0.7225466790851282,0.1,1,405
2025,572,Spain,Male,23,2,126873.52,1,0,1,67040.12,1.8924731567730373,0.3333333333333333,1,46
2025,709,Spain,Female,37,8,0.0,3,1,0,71738.56,0.0,0.3333333333333333,0,296
2025,814,Spain,Female,72,2,0.0,2,0,1,130853.03,0.0,0.6666666666666666,2,144
2025,614,Spain,Female,25,10,75212.28,1,1,0,58965.04,1.2755185866305419,0.09090909090909091,0,250
2025,746,France,Female,29,4,105599.67,1,1,1,43106.17,2.449700827031791,0.2,1,116
2025,751,France,Female,39,3,0.0,2,1,1,84175.34,0.0,0.5,2,117
2025,664,Spain,Male,44,7,77526.66,3,0,0,57338.56,1.3520623457870973,0.375,0,308
2025,635,Germany,Male,53,8,117005.55,1,0,1,123646.57,0.9462826483367203,0.1111111111111111,1,424
2025,558,Spain,Male,45,4,0.0,1,1,0,131807.14,0.0,0.2,0,180
2025,694,Spain,Female,39,9,0.0,2,0,0,99924.04,0.0,0.2,0,351
2025,706,Germany,Male,67,1,123276.69,2,1,1,86507.88,1.4250177554026824,1.0,2,67
2025,552,Spain,Male,45,9,0.0,2,1,0,26752.56,0.0,0.2,0,405
2025,535,France,Female,48,9,0.0,1,1,0,149892.79,0.0,0.1,0,432
2025,688,France,Female,51,5,0.0,1,1,0,91624.11,0.0,0.16666666666666666,0,255
2025,759,France,Female,46,2,0.0,1,1,1,138380.11,0.0,0.3333333333333333,1,92
2025,432,Spain,Male,38,7,0.0,2,1,0,150580.88,0.0,0.25,0,266
2025,576,France,Male,40,9,0.0,2,1,0,112465.19,0.0,0.2,0,360
2025,745,France,Female,32,2,0.0,4,0,1,179705.13,0.0,1.3333333333333333,4,64
2025,665,France,Female,40,6,0.0,1,1,1,161848.03,0.0,0.14285714285714285,1,240
2025,534,France,Female,34,7,121551.58,2,1,1,70179.0,1.7319974351667142,0.25,2,238
2025,666,France,Female,59,5,0.0,2,1,1,185123.09,0.0,0.3333333333333333,2,295
2025,771,France,Male,39,5,0.0,2,1,0,96270.64,0.0,0.3333333333333333,0,195
2025,639,France,Female,50,6,115335.32,2,1,1,53130.41,2.1707558673861658,0.2857142857142857,2,300
2025,651,France,Male,36,7,0.0,2,1,0,13898.31,0.0,0.25,0,252
2025,648,France,Female,43,7,139972.18,1,1,0,143668.58,0.97426455899711,0.125,0,301
2025,625,Spain,Female,69,1,107569.96,1,1,1,182336.45,0.5899498978405149,0.5,1,69
2025,620,France,Male,32,6,0.0,2,1,0,56139.09,0.0,0.2857142857142857,0,192
2025,647,Spain,Female,64,1,91216.0,1,1,1,41800.18,2.182139355874643,0.5,1,64
2025,559,France,Male,50,5,162702.35,1,0,0,150548.5,1.080723283704031,0.16666666666666666,0,250
2025,670,Spain,Male,67,6,158719.57,1,1,1,118607.4,1.3381815284583556,0.14285714285714285,1,402
2025,655,Germany,Male,52,9,144696.75,1,1,1,49025.79,2.9513812754210504,0.1,1,468
2025,619,Germany,Male,38,10,84651.79,1,1,1,184754.26,0.4581833827085626,0.09090909090909091,1,380
2025,604,France,Male,28,7,0.0,2,0,0,58595.64,0.0,0.25,0,196
2025,513,France,Female,43,9,0.0,2,1,0,152499.8,0.0,0.2,0,387
2025,707,France,Male,33,8,136678.52,1,1,0,54290.62,2.5174883342954213,0.1111111111111111,0,264
2025,581,Germany,Female,26,3,105099.45,1,1,1,184520.0,0.5695798852163169,0.25,1,78
2025,721,Germany,Female,36,3,65253.07,2,1,0,28737.78,2.2705581099824004,0.5,0,108
2025,677,France,Female,72,8,0.0,2,1,1,153604.44,0.0,0.2222222222222222,2,576
2025,768,France,Male,54,8,69712.74,1,1,1,69381.05,1.0047662183518649,0.1111111111111111,1,432
2025,630,France,Male,50,8,0.0,2,0,1,79377.45,0.0,0.2222222222222222,2,400
2025,800,Germany,Male,39,4,95252.72,1,1,0,13906.34,6.84909695168163,0.2,0,156
2025,605,France,Female,32,5,0.0,2,1,1,42135.28,0.0,0.3333333333333333,2,160
2025,675,France,Male,39,1,0.0,2,1,0,153129.22,0.0,1.0,0,39
2025,723,France,Male,25,3,0.0,2,1,1,134509.47,0.0,0.5,2,75
2025,555,Germany,Male,48,3,142055.41,2,0,1,79134.78,1.795084473799336,0.5,2,144
2025,660,France,Female,38,5,110570.78,2,1,0,195906.59,0.5644027370251454,0.3333333333333333,0,190
2025,620,France,Male,41,0,97925.11,1,1,0,85000.32,1.1520422271089437,1.0,0,0
2025,432,France,Female,27,6,62339.81,2,0,0,53874.67,1.1571050531714966,0.2857142857142857,0,162
2025,703,France,Female,45,5,0.0,2,1,0,131906.44,0.0,0.3333333333333333,0,225
2025,714,France,Male,35,3,0.0,2,1,1,95623.28,0.0,0.5,2,105
2025,850,France,Female,36,0,164850.54,1,1,1,62722.44,2.6282126745599412,1.0,1,0
2025,523,France,Male,39,3,0.0,2,1,0,6726.53,0.0,0.5,0,117
2025,724,France,Female,29,6,0.0,2,0,1,64729.51,0.0,0.2857142857142857,2,174
2025,636,Spain,Female,29,6,157576.47,2,1,1,101102.39,1.5585676207296313,0.2857142857142857,2,174
2025,850,Germany,Male,31,4,146587.3,1,1,1,89874.82,1.6309981928398536,0.2,1,124
2025,782,France,Male,36,5,81210.72,2,0,1,108003.38,0.7519206165527731,0.3333333333333333,2,180
2025,640,Spain,Male,29,5,197200.04,2,1,0,141453.62,1.3940869517022492,0.3333333333333333,0,145
2025,650,Germany,Female,28,5,122034.4,3,0,1,146663.43,0.8320654162703254,0.5,3,140
2025,627,Germany,Male,27,0,185267.45,2,1,1,77027.34,2.4051855459951494,2.0,2,0
2025,457,France,Male,40,10,134320.23,2,1,0,150757.35,0.890963784095541,0.18181818181818182,0,400
2025,657,Germany,Female,48,5,143595.87,1,0,0,101314.65,1.4173118368188924,0.16666666666666666,0,240
2025,741,France,Male,29,8,0.0,2,1,1,115994.52,0.0,0.2222222222222222,2,232
2025,555,France,Female,27,8,102000.17,1,1,1,116757.0,0.8736032648726425,0.1111111111111111,1,216
2025,724,Germany,Female,48,6,110463.25,2,1,1,80552.11,1.3713095621013267,0.2857142857142857,2,288
2025,554,France,Female,38,3,138731.95,1,1,1,194138.36,0.7145998111871803,0.25,1,114
2025,604,France,Male,53,8,144453.75,1,1,0,190998.96,0.7563025144089036,0.1111111111111111,0,424
2025,758,Germany,Male,32,4,162657.64,2,1,1,115525.13,1.4079727244390512,0.4,2,128
2025,653,Germany,Male,41,1,104584.11,1,1,0,15126.32,6.9135914358921475,0.5,0,41
2025,556,France,Female,40,8,0.0,2,1,0,62112.7,0.0,0.2222222222222222,0,320
2025,490,France,Female,35,7,107749.03,1,1,1,3937.37,27.358788026518585,0.125,1,245
2025,684,France,Male,38,5,105069.98,2,1,1,198355.28,0.5297033197033136,0.3333333333333333,2,190
2025,663,France,Female,27,9,0.0,2,1,0,150850.29,0.0,0.2,0,243
2025,850,France,Female,30,3,0.0,2,1,0,116692.8,0.0,0.5,0,90
2025,738,France,Male,39,5,0.0,2,1,1,114388.98,0.0,0.3333333333333333,2,195
2025,710,France,Female,31,1,0.0,2,1,0,20081.3,0.0,1.0,0,31
2025,671,Spain,Female,42,3,0.0,2,1,1,128449.33,0.0,0.5,2,126
2025,527,Germany,Female,28,2,123802.98,2,1,1,155846.69,0.794384440346854,0.6666666666666666,2,56
2025,550,France,Male,37,3,0.0,1,1,1,179670.31,0.0,0.25,1,111
2025,604,Spain,Female,26,3,0.0,2,1,0,155248.62,0.0,0.5,0,78
2025,595,Germany,Female,25,7,106570.34,2,0,1,177025.79,0.6020011999313776,0.25,2,175
2025,513,Spain,Male,39,7,89039.9,2,1,1,146738.83,0.6067875368262319,0.25,2,273
2025,579,Germany,Male,49,4,169377.31,1,1,1,123535.05,1.3710759733697166,0.2,1,196
2025,539,Germany,Female,38,8,105435.74,1,0,0,80575.44,1.3085182219517268,0.1111111111111111,0,304
2025,722,Spain,Female,29,9,0.0,2,1,1,142033.07,0.0,0.2,2,261
2025,547,France,Female,48,1,179380.74,2,0,1,69263.1,2.5898082845225736,1.0,2,48
2025,540,Germany,Male,37,3,129965.18,1,0,0,19374.08,6.707852561124908,0.25,0,111
2025,638,Germany,Female,37,7,124513.66,2,1,0,158610.89,0.7850209716308153,0.25,0,259
2025,651,Spain,Male,42,2,143145.87,2,1,0,43612.06,3.2821790078476494,0.6666666666666666,0,84
2025,763,France,Female,31,4,0.0,2,0,0,50404.72,0.0,0.4,0,124
2025,565,Germany,Female,38,2,158651.29,2,1,1,179445.28,0.8841157922025467,0.6666666666666666,2,76
2025,698,France,Male,38,2,130015.24,1,1,1,41595.3,3.1256443481751983,0.3333333333333333,1,76
2025,794,Spain,Female,22,4,114440.24,1,1,1,107753.07,1.0620502780080603,0.2,1,88
2025,613,Germany,Female,43,10,120481.69,1,0,0,94875.03,1.2698854494649492,0.09090909090909091,0,430
2025,721,Germany,Male,37,3,107720.64,1,1,1,158591.12,0.6792307209210647,0.25,1,111
2025,735,France,Female,25,3,91718.8,1,0,0,28411.23,3.2281450628831316,0.25,0,75
2025,582,France,Female,40,9,0.0,3,1,1,60954.45,0.0,0.3,3,360
2025,524,Spain,Female,64,5,0.0,1,1,0,136079.64,0.0,0.16666666666666666,0,320
2025,649,Spain,Male,29,2,45022.23,1,1,1,173495.77,0.25949895205541873,0.3333333333333333,1,58
2025,653,France,Male,46,0,119556.1,1,1,0,78250.13,1.5278514188868582,1.0,0,0
2025,470,France,Male,30,3,101140.76,1,1,1,50906.65,1.9867497321129535,0.25,1,90
2025,655,France,Female,20,7,134397.61,1,0,0,28029.54,4.794685011419687,0.125,0,140
2025,528,France,Female,27,7,176227.07,2,0,1,139481.53,1.2634347111426787,0.25,2,189
2025,577,Germany,Female,44,1,152086.15,1,0,1,44719.5,3.400815062443398,0.5,1,44
2025,646,Spain,Female,50,5,142644.64,2,1,1,142208.5,1.0030598518383091,0.3333333333333333,2,250
2025,613,France,Female,29,6,185709.28,2,1,1,77242.19,2.404215569035924,0.2857142857142857,2,174
2025,699,Spain,Female,29,9,127570.93,2,1,0,164756.81,0.7742936738476919,0.2,0,261
2025,571,France,Female,53,2,0.0,2,1,0,28045.77,0.0,0.6666666666666666,0,106
2025,628,Germany,Female,61,1,97361.66,1,1,1,149922.38,0.6494094516812521,0.5,1,61
2025,616,France,Male,34,10,0.0,2,1,0,25662.27,0.0,0.18181818181818182,0,340
2025,449,France,Male,52,6,0.0,2,0,1,123622.0,0.0,0.2857142857142857,2,312
2025,520,Spain,Female,42,6,0.0,2,1,1,34410.55,0.0,0.2857142857142857,2,252
2025,745,Germany,Male,35,4,98270.34,1,1,0,133617.43,0.7354549817716014,0.2,0,140
2025,850,Germany,Female,33,2,83415.04,1,0,1,74917.64,1.1134083587208736,0.3333333333333333,1,66
2025,835,France,Male,25,7,0.0,2,1,1,83449.65,0.0,0.25,2,175
2025,668,France,Female,35,6,102482.76,1,1,1,53994.64,1.89798213337225,0.14285714285714285,1,210
2025,565,France,Male,55,4,118803.35,2,1,1,128124.7,0.9272405926367623,0.4,2,220
2025,617,France,Female,35,2,104508.1,1,1,1,147636.46,0.707869804858469,0.3333333333333333,1,70
2025,850,Germany,Male,51,4,124425.99,1,0,0,118545.49,1.0495965759930976,0.2,0,204
2025,682,France,Male,37,5,0.0,2,0,1,112554.68,0.0,0.3333333333333333,2,185
2025,574,Germany,Male,33,3,129834.67,1,1,0,193131.42,0.6722572523038856,0.25,0,99
2025,756,Spain,Male,19,4,130274.22,1,1,1,133535.29,0.9755716592096425,0.2,1,76
2025,493,France,Female,37,8,142987.46,2,1,0,158840.99,0.9001867831043919,0.2222222222222222,0,296
2025,779,Spain,Female,55,0,133295.98,1,1,0,22832.71,5.8376838455073665,1.0,0,0
2025,701,Spain,Female,21,9,0.0,2,1,1,26327.42,0.0,0.2,2,189
2025,696,France,Male,19,1,110928.51,1,1,1,2766.63,40.080686363422856,0.5,1,19
2025,794,Spain,Male,45,8,88656.37,2,1,0,116547.31,0.7606834453455396,0.2222222222222222,0,360
2025,519,France,Male,42,8,0.0,2,1,1,101485.72,0.0,0.2222222222222222,2,336
2025,516,Spain,Male,50,5,0.0,1,0,1,146145.93,0.0,0.16666666666666666,1,250
2025,633,France,Female,39,9,129189.15,2,0,0,170998.83,0.7554928563379274,0.2,0,351
2025,623,Germany,Male,50,7,126608.37,1,0,1,645.61,195.80329719614605,0.125,1,350
2025,666,Spain,Male,35,2,104832.49,1,1,0,175015.12,0.5989876246828006,0.3333333333333333,0,70
2025,696,France,Male,34,9,150856.79,1,0,1,8236.78,18.312796651525048,0.1,1,306
2025,835,France,Female,56,2,0.0,2,1,1,39820.13,0.0,0.6666666666666666,2,112
2025,717,France,Male,42,5,0.0,2,1,0,172665.21,0.0,0.3333333333333333,0,210
2025,539,France,Male,39,6,0.0,2,1,1,86767.48,0.0,0.2857142857142857,2,234
2025,607,Spain,Female,62,8,108004.64,1,1,1,23386.77,4.617996499880065,0.1111111111111111,1,496
2025,778,Spain,Male,40,8,104291.41,2,1,1,117507.11,0.8875252099621039,0.2222222222222222,2,320
2025,849,Germany,Female,49,9,132934.89,1,1,0,171056.65,0.7771350185156877,0.1,0,441
2025,659,France,Male,67,4,145981.87,1,1,1,131043.2,1.1139895546693406,0.2,1,268
2025,585,France,Female,43,2,0.0,2,1,0,89402.54,0.0,0.6666666666666666,0,86
2025,672,France,Male,31,6,91125.75,1,1,0,177295.92,0.5139725495513402,0.14285714285714285,0,186
2025,592,France,Male,71,4,0.0,2,0,1,17013.54,0.0,0.4,2,284
2025,764,France,Male,24,7,98148.61,1,1,0,26843.76,3.656155242214868,0.125,0,168
2025,684,France,Female,38,5,133189.4,1,0,0,127388.06,1.0455324813606444,0.16666666666666666,0,190
2025,741,France,Male,38,9,0.0,2,1,0,14379.01,0.0,0.2,0,342
2025,703,France,Male,37,8,105961.68,2,0,1,74158.8,1.4288290960870982,0.2222222222222222,2,296
2025,547,Spain,Female,31,9,0.0,2,0,0,99294.22,0.0,0.2,0,279
2025,744,Germany,Male,41,7,190409.34,2,1,1,138361.48,1.3761631043329086,0.25,2,287
2025,565,Spain,Male,38,0,122447.76,1,0,0,67339.34,1.818341873533754,1.0,0,0
2025,732,France,Female,34,8,122338.43,2,1,0,187985.85,0.6507818499006712,0.2222222222222222,0,272
2025,556,France,Female,61,2,117419.35,1,1,1,94153.83,1.2470879082889321,0.3333333333333333,1,122
2025,618,France,Male,39,2,91068.56,1,1,0,26578.69,3.426246130033872,0.3333333333333333,0,78
2025,550,France,Female,40,8,150490.32,1,0,0,166468.21,0.9040129402908803,0.1111111111111111,0,320
2025,701,France,Male,37,1,0.0,2,1,0,163457.55,0.0,1.0,0,37
2025,645,France,Male,42,6,0.0,1,0,0,149807.01,0.0,0.14285714285714285,0,252
2025,638,France,Male,46,9,139859.54,1,1,0,38967.29,3.5890602333333077,0.1,0,414
2025,550,Germany,Male,36,2,113877.23,2,1,0,174921.91,0.6510138094546906,0.6666666666666666,0,72
2025,683,Germany,Male,35,5,144961.97,1,0,1,26796.73,5.40948692295952,0.16666666666666666,1,175
2025,632,France,Female,40,9,139625.34,1,1,0,93702.96,1.4900687228159832,0.1,0,360
2025,619,Germany,Female,52,8,124099.13,1,0,0,23904.52,5.191233238180972,0.1111111111111111,0,416
2025,680,France,Male,31,10,113292.17,1,1,1,122639.73,0.9237727955467976,0.09090909090909091,1,310
2025,582,Spain,Male,25,9,148042.97,2,1,0,52341.15,2.82837006122217,0.2,0,225
2025,707,France,Male,58,6,89685.92,1,0,1,126471.13,0.7091358388603085,0.14285714285714285,1,348
2025,519,Germany,Female,21,1,151701.45,3,1,1,170138.68,0.8916288663526346,1.5,3,21
2025,718,Germany,Male,43,5,132615.73,2,1,0,32999.1,4.0186463071324035,0.3333333333333333,0,215
2025,749,Germany,Female,40,8,141782.57,2,0,0,86333.63,1.642244485208311,0.2222222222222222,0,320
2025,585,Germany,Female,28,9,135337.49,2,1,1,40385.61,3.351048528212692,0.2,2,252
2025,760,Spain,Female,41,6,0.0,2,0,0,101491.23,0.0,0.2857142857142857,0,246
2025,718,France,Female,31,0,118100.59,2,1,0,103165.15,1.1447610480763313,2.0,0,0
2025,605,France,Female,51,3,136188.78,1,1,1,67110.59,2.0292885327258676,0.25,1,153
2025,632,Germany,Male,23,3,122478.51,1,1,0,147230.77,0.8318755524028544,0.25,0,69
2025,649,France,Female,56,8,156974.26,1,1,0,89405.26,1.7557412646497015,0.1111111111111111,0,448
2025,633,France,Female,44,7,0.0,2,1,0,29761.29,0.0,0.25,0,308
2025,660,Spain,Male,33,2,80462.24,1,0,0,150422.35,0.5349052524092835,0.3333333333333333,0,66
2025,777,France,Female,29,9,131240.61,1,1,1,163746.09,0.8014836172050446,0.1,1,261
2025,542,Spain,Male,35,2,174894.53,1,1,1,22314.55,7.837338985595246,0.3333333333333333,1,70
2025,634,Germany,Female,37,7,143258.85,2,1,0,192721.98,0.7433407785620584,0.25,0,259
2025,534,France,Male,52,1,0.0,3,1,1,104035.41,0.0,1.5,3,52
2025,444,France,Male,43,3,0.0,2,1,1,159131.21,0.0,0.5,2,129
2025,629,Germany,Female,38,9,123948.85,1,1,0,76053.07,1.6297464422351098,0.1,0,342
2025,699,France,Male,40,7,0.0,1,0,1,152876.13,0.0,0.125,1,280
2025,604,Spain,Female,39,7,98544.11,1,1,1,52327.57,1.8831798766906873,0.125,1,273
2025,814,Germany,Male,44,8,95488.82,2,0,0,107013.59,0.892297209193625,0.2222222222222222,0,352
2025,454,Spain,Male,40,2,123177.01,1,1,0,148309.98,0.8305319673566987,0.3333333333333333,0,80
2025,709,France,Male,39,8,0.0,2,1,0,56214.09,0.0,0.2222222222222222,0,312
2025,499,Spain,Male,39,6,0.0,2,1,1,81409.0,0.0,0.2857142857142857,2,234
2025,755,Germany,Female,45,7,135643.0,1,0,0,143619.52,0.944454176882245,0.125,0,315
2025,792,France,Male,19,7,143390.51,1,1,0,33282.84,4.308111984674846,0.125,0,133
2025,557,France,Female,32,3,123502.53,1,1,1,69826.8,1.7686727922116978,0.25,1,96
2025,739,France,Female,36,0,0.0,2,0,0,133465.57,0.0,2.0,0,0
2025,574,France,Female,34,7,152992.91,1,1,1,134691.2,1.1358705997823184,0.125,1,238
2025,578,France,Male,34,4,175111.11,1,1,1,74858.3,2.3392031451002078,0.2,1,136
2025,671,France,Female,31,6,0.0,2,1,1,15846.42,0.0,0.2857142857142857,2,186
2025,608,Germany,Female,44,5,126147.84,1,0,1,132424.69,0.9525934129548428,0.16666666666666666,1,220
2025,749,Germany,Female,29,7,137059.05,3,1,0,102975.72,1.330971213687909,0.375,0,203
2025,581,Germany,Male,31,6,116891.72,1,1,0,107137.3,1.0910357920556888,0.14285714285714285,0,186
2025,725,Germany,Male,19,0,75888.2,1,0,0,45613.75,1.6636767712198357,1.0,0,0
2025,508,France,Male,49,7,122451.46,2,1,1,75808.1,1.6152607008921092,0.25,2,343
2025,658,France,Female,32,9,0.0,2,1,0,156774.75,0.0,0.2,0,288
2025,685,France,Male,58,1,104796.54,1,1,1,154181.41,0.679691931135335,0.5,1,58
2025,704,Germany,Female,39,1,124640.51,1,1,0,116511.12,1.0697643300971607,0.5,0,39
2025,736,France,Female,36,6,0.0,1,1,0,70496.66,0.0,0.14285714285714285,0,216
2025,769,Spain,Male,39,9,0.0,1,1,1,47722.79,0.0,0.1,1,351
2025,564,Spain,Male,31,0,125175.58,1,1,1,72757.33,1.7204295370715628,1.0,1,0
2025,602,France,Female,72,3,0.0,2,1,1,171260.66,0.0,0.5,2,216
2025,706,France,Female,35,8,178032.53,1,0,1,42181.68,4.220512542114442,0.1111111111111111,1,280
2025,698,Germany,Male,56,1,112414.81,2,0,0,93982.02,1.1961182988161052,1.0,0,56
2025,695,France,Male,43,1,100421.1,1,1,1,101141.28,0.9928696485782208,0.5,1,43
2025,575,France,Male,36,1,0.0,1,0,1,94570.56,0.0,0.5,1,36
2025,556,France,Female,52,9,0.0,1,1,0,175149.2,0.0,0.1,0,468
2025,551,France,Male,42,1,50194.59,1,1,1,23399.58,2.145014781684898,0.5,1,42
2025,746,France,Male,24,3,137492.35,2,0,1,170142.09,0.808098348278499,0.5,2,72
2025,619,Spain,Female,38,10,119658.49,1,1,1,8646.58,13.837222668075924,0.09090909090909091,1,380
2025,618,Spain,Male,38,5,126473.99,1,1,0,91972.49,1.3751135245601749,0.16666666666666666,0,190
2025,648,Germany,Male,41,5,123049.21,1,0,1,5066.76,24.2807887508485,0.16666666666666666,1,205
2025,713,Germany,Female,24,7,147687.24,1,1,1,121592.5,1.2145981487497275,0.125,1,168
2025,471,Germany,Male,23,6,104592.55,2,1,0,131736.23,0.7939483014786328,0.2857142857142857,0,138
2025,712,Spain,Female,79,5,108078.56,1,1,1,174118.93,0.6207133209851394,0.16666666666666666,1,395
2025,611,France,Male,35,10,0.0,1,1,1,23598.23,0.0,0.09090909090909091,1,350
2025,596,France,Male,33,2,139451.67,1,0,0,63142.12,2.2085014170981734,0.3333333333333333,0,66
2025,571,France,Female,33,1,0.0,2,1,0,102750.7,0.0,1.0,0,33
2025,705,France,Male,25,9,0.0,2,0,1,112331.19,0.0,0.2,2,225
2025,659,Spain,Male,78,2,151675.65,1,0,1,49978.67,3.034746928100966,0.3333333333333333,1,156
2025,755,France,Female,43,9,0.0,2,1,0,18066.69,0.0,0.2,0,387
2025,542,France,Female,43,8,145618.37,1,0,1,10350.74,14.067042835310778,0.1111111111111111,1,344
2025,649,France,Female,46,2,0.0,2,1,1,66602.7,0.0,0.6666666666666666,2,92
2025,662,France,Female,32,4,133950.37,1,1,1,48725.68,2.749014913390364,0.2,1,128
2025,602,Spain,Female,42,1,138912.17,1,1,1,139494.75,0.9958165033701745,0.5,1,42
2025,649,Germany,Male,78,4,68345.86,2,1,1,142566.75,0.47939214864511787,0.4,2,312
2025,601,France,Male,46,2,99786.07,1,1,1,32683.88,3.052973423797181,0.3333333333333333,1,92
2025,683,Spain,Male,29,0,133702.89,1,1,0,55582.54,2.4054403515860994,1.0,0,0
2025,767,Germany,Male,23,2,139542.82,1,0,1,28038.28,4.97669055696152,0.3333333333333333,1,46
2025,650,Germany,Male,26,4,214346.96,2,1,0,128815.33,1.6639735039804346,0.4,0,104
2025,769,France,Male,31,4,61297.05,2,1,1,7118.02,8.610321364457468,0.4,2,124
2025,573,Spain,Male,41,5,0.0,2,0,1,14479.29,0.0,0.3333333333333333,2,205
2025,735,Spain,Male,38,7,86131.71,2,0,0,93478.96,0.9213922427865823,0.25,0,266
2025,661,Spain,Male,38,7,143006.7,1,1,1,15650.89,9.136704896341593,0.125,1,266
2025,622,France,Male,29,7,101486.96,1,1,1,8788.35,11.546583080660117,0.125,1,203
2025,662,Germany,Male,30,5,115286.68,2,1,1,149587.92,0.7706899682142232,0.3333333333333333,2,150
2025,680,Spain,Female,34,7,0.0,2,1,0,98949.85,0.0,0.25,0,238
2025,503,Spain,Male,32,9,100262.88,2,1,1,157921.25,0.6348876108338123,0.2,2,288
2025,656,France,Female,30,4,74323.2,1,1,1,22929.08,3.2412970212053334,0.2,1,120
2025,590,Spain,Female,23,7,0.0,2,1,0,196789.9,0.0,0.25,0,161
2025,498,Germany,Female,41,4,87541.06,2,1,1,12577.21,6.959739104371767,0.4,2,164
2025,801,Spain,Female,46,6,0.0,2,1,1,170008.74,0.0,0.2857142857142857,2,276
2025,749,France,Male,41,5,57568.94,1,1,1,61128.29,0.9417570529610274,0.16666666666666666,1,205
2025,449,Spain,Male,32,0,155619.36,1,1,1,166692.03,0.9335684881365465,1.0,1,0
2025,679,Germany,Male,52,9,135870.01,2,0,0,54038.62,2.5142665696020807,0.2,0,468
2025,555,Spain,Female,24,2,0.0,2,0,1,197866.55,0.0,0.6666666666666666,2,48
2025,682,France,Male,28,10,200724.96,1,0,1,82872.64,2.422060380116042,0.09090909090909091,1,280
2025,543,France,Female,32,7,147256.86,1,1,0,112771.95,1.305781749967523,0.125,0,224
2025,785,Germany,Female,32,3,124493.03,2,0,1,52583.79,2.3674722291369803,0.5,2,96
2025,612,Germany,Male,30,9,142910.15,1,1,0,105890.55,1.3495897453573962,0.1,0,270
2025,729,France,Male,32,6,93694.42,1,1,1,79919.13,1.1723506956257452,0.14285714285714285,1,192
2025,536,France,Female,22,5,89492.62,1,0,0,42934.43,2.084353644530869,0.16666666666666666,0,110
2025,683,France,Male,31,2,0.0,2,0,1,77326.78,0.0,0.6666666666666666,2,62
2025,709,France,Female,30,5,0.0,2,0,1,161388.22,0.0,0.3333333333333333,2,150
2025,649,Spain,Male,51,4,0.0,1,1,1,150390.57,0.0,0.2,1,204
2025,539,Germany,Male,42,1,177728.55,1,1,0,105013.63,1.6924170470343034,0.5,0,42
2025,664,France,Male,55,8,0.0,2,1,1,139161.64,0.0,0.2222222222222222,2,440
2025,559,France,Female,48,2,0.0,2,0,1,137961.41,0.0,0.6666666666666666,2,96
2025,812,Germany,Male,39,5,115730.71,3,1,1,185599.34,0.6235479417763998,0.5,3,195
2025,590,Spain,Female,51,10,84474.62,2,1,1,190937.09,0.4424189013307926,0.18181818181818182,2,510
2025,625,France,Female,36,8,129944.39,2,0,0,198914.8,0.6532632902966984,0.2222222222222222,0,288
2025,569,Germany,Female,28,3,100032.52,1,1,0,5159.21,19.385358347819178,0.25,0,84
2025,751,Germany,Male,34,9,108513.25,2,1,1,27097.82,4.004353326085785,0.2,2,306
2025,479,France,Male,40,1,0.0,2,0,0,114996.43,0.0,1.0,0,40
2025,693,Spain,Female,46,3,151709.33,1,1,0,180736.24,0.8393916494464561,0.25,0,138
2025,582,France,Male,50,2,148942.0,1,1,1,116944.3,1.273603984084867,0.3333333333333333,1,100
2025,767,France,Female,42,2,133616.39,1,1,0,28615.8,4.669159025467558,0.3333333333333333,0,84
2025,637,Spain,Female,54,5,0.0,1,0,1,150836.98,0.0,0.16666666666666666,1,270
2025,667,Spain,Female,23,6,136100.69,2,0,0,169669.33,0.8021478475346869,0.2857142857142857,0,138
2025,507,Germany,Male,36,9,118214.32,3,1,0,119110.03,0.9924716459928187,0.3,0,324
2025,657,France,Female,41,5,95858.37,1,1,1,68255.88,1.4043766723588889,0.16666666666666666,1,205
2025,705,France,Male,34,7,117715.84,1,1,0,2498.67,47.09255221689263,0.125,0,238
2025,615,France,Male,36,6,0.0,1,1,1,27011.8,0.0,0.14285714285714285,1,216
2025,549,Germany,Female,55,1,137592.31,2,0,1,116548.02,1.1805531269160392,1.0,2,55
2025,589,Germany,Female,50,5,144895.05,2,1,1,34941.23,4.146703000924669,0.3333333333333333,2,250
2025,619,France,Female,42,2,0.0,1,1,1,101348.88,0.0,0.3333333333333333,1,84
2025,673,Germany,Female,69,3,78833.15,2,1,1,37196.15,2.1193330671839106,0.5,2,207
2025,719,Spain,Male,44,2,0.0,2,1,0,196582.19,0.0,0.6666666666666666,0,88
2025,631,Spain,Female,41,0,0.0,1,0,0,87959.83,0.0,1.0,0,0
2025,707,France,Female,49,10,0.0,1,1,0,82967.97,0.0,0.09090909090909091,0,490
2025,648,France,Female,38,2,0.0,2,0,1,9551.49,0.0,0.6666666666666666,2,76
2025,574,France,Female,39,2,122524.61,2,1,0,88463.63,1.3850124055229756,0.6666666666666666,0,78
2025,616,Germany,Female,45,6,128352.59,3,1,1,144000.59,0.8913275888134291,0.42857142857142855,3,270
2025,705,Spain,Female,23,5,0.0,2,1,1,73131.73,0.0,0.3333333333333333,2,115
2025,492,France,Female,48,6,127253.98,1,1,1,92144.09,1.3810174801500548,0.14285714285714285,1,288
2025,613,Spain,Male,34,8,117300.02,1,1,0,139410.08,0.8413966809524753,0.1111111111111111,0,272
2025,485,France,Male,37,5,0.0,2,0,1,170226.47,0.0,0.3333333333333333,2,185
2025,756,France,Female,24,1,0.0,2,1,0,184182.25,0.0,1.0,0,24
2025,590,France,Male,47,0,117879.32,1,1,1,8214.46,14.34847470500739,1.0,1,0
2025,569,Spain,Female,34,6,144855.34,1,0,0,196555.32,0.7369660766949645,0.14285714285714285,0,204
2025,752,Germany,Male,29,4,129514.99,1,1,1,102930.46,1.2582643829204405,0.2,1,116
2025,662,France,Female,39,5,138106.75,1,0,0,19596.73,7.0470789218955465,0.16666666666666666,0,195
2025,673,France,Male,31,1,108345.22,1,0,1,38802.03,2.7921845278577475,0.5,1,31
2025,731,Spain,Male,42,9,101043.63,1,1,1,192175.52,0.525785512194726,0.1,1,378
2025,565,France,Male,49,7,0.0,2,1,1,89609.26,0.0,0.25,2,343
2025,695,France,Female,50,8,0.0,1,1,0,126381.6,0.0,0.1111111111111111,0,400
2025,643,France,Male,34,7,0.0,2,0,1,100304.13,0.0,0.25,2,238
2025,716,Germany,Female,18,3,128743.8,1,0,0,197322.13,0.6524516411228628,0.25,0,54
2025,811,France,Female,47,3,123365.34,2,0,0,171995.34,0.7172556113694047,0.5,0,141
2025,742,France,Female,29,4,0.0,2,1,1,180066.59,0.0,0.4,2,116
2025,750,France,Female,47,7,121376.15,2,1,0,54473.6,2.2281237494171595,0.25,0,329
2025,581,France,Male,30,1,0.0,2,1,0,199464.08,0.0,1.0,0,30
2025,721,France,Male,46,1,115764.32,2,0,0,102950.79,1.1244517458122876,1.0,0,46
2025,648,Germany,Female,32,8,157138.99,3,1,0,190994.48,0.8227366951301673,0.3333333333333333,0,256
2025,594,France,Male,37,2,0.0,2,0,1,95864.5,0.0,0.6666666666666666,2,74
2025,553,Germany,Male,46,3,82291.1,1,1,0,112549.99,0.731145057009272,0.25,0,138
2025,569,Germany,Female,32,8,145330.43,1,1,1,132038.65,1.1006574918973202,0.1111111111111111,1,256
2025,774,France,Female,35,3,121418.62,1,1,1,24400.37,4.97589356663171,0.25,1,105
2025,680,France,Female,34,1,0.0,2,1,0,167035.07,0.0,1.0,0,34
2025,576,France,Female,52,9,170228.59,2,0,0,148477.57,1.1464859204934421,0.2,0,468
2025,705,France,Female,35,5,0.0,1,1,0,133991.11,0.0,0.16666666666666666,0,175
2025,705,France,Female,39,3,92224.56,1,1,1,54517.25,1.6916272991154337,0.25,1,117
2025,850,France,Male,39,6,96863.13,1,1,1,121681.19,0.7960337498856653,0.14285714285714285,1,234
2025,581,Germany,Male,38,1,133105.47,1,1,0,105732.9,1.2588722254641134,0.5,0,38
2025,518,France,Male,59,5,138772.15,1,0,1,123872.0,1.1202776230494134,0.16666666666666666,1,295
2025,553,France,Male,31,6,0.0,2,0,0,124596.63,0.0,0.2857142857142857,0,186
2025,530,Germany,Female,42,0,99948.45,1,0,1,97338.62,1.0268013168738486,1.0,1,0
2025,619,France,Male,27,1,154483.98,1,1,0,156394.74,0.9877761376364856,0.5,0,27
2025,765,France,Male,43,9,157960.49,2,0,0,136602.8,1.1563403799894294,0.2,0,387
2025,636,Spain,Male,36,1,0.0,3,1,1,74048.1,0.0,1.5,3,36
2025,799,France,Female,32,3,106045.92,2,1,1,17938.0,5.911473326272367,0.5,2,96
2025,593,France,Male,33,1,0.0,2,0,0,9984.4,0.0,1.0,0,33
2025,638,France,Male,41,1,131762.94,1,1,1,47675.29,2.7636995244386675,0.5,1,41
2025,537,Germany,Male,84,8,92242.34,1,1,1,186235.98,0.4952955100539108,0.1111111111111111,1,672
2025,761,Germany,Male,62,5,98854.34,1,0,0,86920.97,1.137276801250593,0.16666666666666666,0,310
2025,678,Germany,Female,37,8,149000.91,2,1,1,21472.42,6.938853242753135,0.2222222222222222,2,296
2025,706,Spain,Male,38,8,0.0,2,0,1,46635.11,0.0,0.2222222222222222,2,304
2025,679,Germany,Male,58,8,125850.53,2,1,1,87008.17,1.4464053616417671,0.2222222222222222,2,464
2025,597,France,Female,29,1,132144.35,1,1,0,158086.33,0.8358946286207757,0.5,0,29
2025,667,France,Male,41,6,0.0,2,0,0,167181.77,0.0,0.2857142857142857,0,246
2025,460,Germany,Male,46,4,127559.97,2,1,1,126952.5,1.004777103427633,0.4,2,184
2025,703,Germany,Male,35,5,140691.08,2,1,0,167810.26,0.8383887946494173,0.3333333333333333,0,175
2025,638,Spain,Male,48,2,0.0,2,1,1,7919.08,0.0,0.6666666666666666,2,96
2025,651,Germany,Male,26,5,147037.32,1,0,0,141763.26,1.0371959759109948,0.16666666666666666,0,130
2025,658,France,Male,36,8,174060.46,1,1,1,94925.62,1.8336317041521124,0.1111111111111111,1,288
2025,667,Germany,Male,43,1,103018.45,1,1,0,32462.39,3.173373144332739,0.5,0,43
2025,767,France,Female,35,2,0.0,2,0,0,144251.38,0.0,0.6666666666666666,0,70
2025,684,Spain,Female,39,4,139723.9,1,1,1,120612.11,1.158447037805426,0.2,1,156
2025,521,France,Male,25,7,0.0,2,1,1,157878.67,0.0,0.25,2,175
2025,657,Germany,Male,30,1,139762.13,2,1,1,23317.88,5.993518127800306,1.0,2,30
2025,496,France,Female,34,1,102723.35,2,1,0,180844.81,0.5680162012047723,1.0,0,34
2025,683,France,Female,73,8,137732.23,2,1,1,133210.44,1.033936950159836,0.2222222222222222,2,584
2025,684,France,Male,33,4,140700.61,1,1,0,103557.93,1.3586526048502046,0.2,0,132
2025,510,Germany,Female,44,4,123070.89,1,1,0,28461.29,4.323998174426583,0.2,0,176
2025,652,France,Male,26,3,137998.2,2,0,1,168989.77,0.8166019954817652,0.5,2,78
2025,665,Germany,Female,43,2,116322.27,4,1,0,35640.12,3.263709726293674,1.3333333333333333,0,86
2025,786,France,Male,34,3,137361.96,1,0,0,183682.09,0.7478203899988833,0.25,0,102
2025,633,France,Male,25,1,0.0,1,1,0,100598.98,0.0,0.5,0,25
2025,594,Germany,Male,38,6,63176.44,2,1,1,14466.08,4.3669102541770695,0.2857142857142857,2,228
2025,578,France,Male,30,4,169462.09,1,1,0,112187.11,1.5105173801394818,0.2,0,120
2025,711,Germany,Female,35,2,133607.75,1,1,1,120586.32,1.1079751171184498,0.3333333333333333,1,70
2025,591,Spain,Female,27,5,107812.67,1,0,1,162501.83,0.6634510303605174,0.16666666666666666,1,135
2025,793,France,Female,33,0,0.0,1,0,0,175544.02,0.0,1.0,0,0
2025,671,Spain,Male,58,1,178713.98,1,1,1,21768.21,8.209483945444047,0.5,1,58
2025,741,Germany,Female,19,8,108711.57,2,1,0,24857.25,4.373259179548038,0.2222222222222222,0,152
2025,515,Spain,Male,35,10,176273.95,1,0,1,121277.78,1.45346077854675,0.09090909090909091,1,350
2025,656,Spain,Male,26,4,139584.57,1,1,0,36308.93,3.8442533488772908,0.2,0,104
2025,758,Germany,Female,61,8,125397.21,1,1,0,182184.09,0.6882956777637512,0.1111111111111111,0,488
2025,704,France,Male,24,2,148197.15,2,1,0,182775.08,0.8108126074265298,0.6666666666666666,0,48
2025,512,Germany,Male,42,9,93955.83,2,1,0,14828.54,6.335721134977889,0.2,0,378
2025,731,France,Female,38,10,123711.73,2,1,0,171340.68,0.7220177250509041,0.18181818181818182,0,380
2025,800,Spain,Male,38,9,0.0,1,1,0,78744.39,0.0,0.1,0,342
2025,699,France,Male,27,1,0.0,2,1,0,93003.21,0.0,1.0,0,27
2025,676,Germany,Female,48,2,124442.38,1,1,0,15068.53,8.257880637285966,0.3333333333333333,0,96
2025,631,France,Female,34,4,124379.14,1,1,0,106892.91,1.1635755488783224,0.2,0,136
2025,668,Germany,Female,32,10,92041.87,1,1,1,43595.9,2.11120217263154,0.09090909090909091,1,320
2025,479,Spain,Male,48,5,87070.23,1,0,1,85646.41,1.0166125280379172,0.16666666666666666,1,240
2025,666,Germany,Male,30,3,110153.27,1,0,1,74849.46,1.471644529639497,0.25,1,90
2025,621,Germany,Female,34,2,91258.52,2,1,0,44857.4,2.034368590943948,0.6666666666666666,0,68
2025,596,Spain,Male,32,4,0.0,2,0,1,146504.35,0.0,0.4,2,128
2025,737,France,Male,43,0,80090.93,1,1,0,39920.0,2.0062355652413517,1.0,0,0
2025,736,Germany,Male,50,9,116309.01,1,1,0,185360.4,0.6274715771460508,0.1,0,450
2025,700,Spain,Male,44,9,0.0,2,1,0,142287.65,0.0,0.2,0,396
2025,593,France,Female,29,2,152265.43,1,1,0,34004.44,4.477678571428571,0.3333333333333333,0,58
2025,829,Germany,Female,37,3,103457.76,1,0,0,1114.12,92.7772437047134,0.25,0,111
2025,558,France,Male,32,10,105000.23,1,1,0,190019.61,0.5525728498608651,0.09090909090909091,0,320
2025,551,France,Male,37,3,0.0,2,1,1,50578.4,0.0,0.5,2,111
2025,544,France,Female,40,7,0.0,1,0,1,161076.92,0.0,0.125,1,280
2025,508,Germany,Male,28,0,96213.82,2,1,0,147913.56,0.6504688923118861,2.0,0,0
2025,541,Germany,Male,40,7,95710.11,2,1,0,49063.42,1.9507029737638804,0.25,0,280
2025,746,France,Male,25,9,0.0,2,0,1,88728.47,0.0,0.2,2,225
2025,716,Spain,Female,29,8,0.0,2,0,0,78616.92,0.0,0.2222222222222222,0,232
2025,751,France,Male,30,3,165257.2,1,0,0,134822.05,1.225734026933822,0.25,0,90
2025,510,France,Female,26,6,136214.08,1,0,0,159742.33,0.8527059001461907,0.14285714285714285,0,156
2025,476,France,Female,32,6,111871.93,1,0,0,112132.86,0.9976641310662095,0.14285714285714285,0,192
2025,657,France,Female,37,2,0.0,2,1,1,7667.48,0.0,0.6666666666666666,2,74
2025,811,France,Male,46,9,180226.24,1,1,0,13464.64,13.38415700998987,0.1,0,414
2025,510,Germany,Male,31,0,113688.63,1,1,0,33099.41,3.4346592685709934,1.0,0,0
2025,614,Germany,Female,31,7,120599.38,2,1,1,46163.44,2.61238693678511,0.25,2,217
2025,695,France,Male,49,9,159458.53,1,1,0,135841.35,1.1738499076318982,0.1,0,441
2025,661,Spain,Female,35,5,128415.45,1,1,0,142626.49,0.9003555345466713,0.16666666666666666,0,175
2025,598,France,Male,60,4,0.0,1,1,0,197727.14,0.0,0.2,0,240
2025,587,France,Male,42,1,0.0,1,0,0,123006.91,0.0,0.5,0,42
2025,598,Spain,Male,44,8,0.0,2,1,0,148487.9,0.0,0.2222222222222222,0,352
2025,657,France,Male,33,1,84309.57,2,0,0,103914.4,0.8113289271849987,1.0,0,33
2025,576,France,Male,55,9,0.0,2,1,1,94450.97,0.0,0.2,2,495
2025,619,Spain,Female,31,3,141751.82,1,0,1,61531.86,2.3036767671777323,0.25,1,93
2025,529,France,Male,39,6,102025.08,2,1,0,12351.01,8.259795774129069,0.2857142857142857,0,234
2025,728,France,Female,28,4,142243.54,2,1,0,33074.51,4.300569817366384,0.4,0,112
2025,680,France,Male,44,3,0.0,2,1,0,86935.08,0.0,0.5,0,132
2025,826,France,Male,26,5,142662.68,1,0,0,60285.3,2.366419567961543,0.16666666666666666,0,130
2025,590,France,Female,60,6,147751.75,1,1,0,88206.04,1.6750562086654308,0.14285714285714285,0,360
2025,657,Germany,Male,40,7,99165.84,1,0,1,119333.95,0.8309874014276623,0.125,1,280
2025,684,France,Female,48,3,73309.38,1,0,0,21228.34,3.4532105096060453,0.25,0,144
2025,632,Germany,Female,50,5,107959.39,1,1,1,6985.34,15.452925279903354,0.16666666666666666,1,250
2025,472,Spain,Female,32,1,159397.75,1,0,1,57323.18,2.7806372459230992,0.5,1,32
2025,521,France,Male,39,7,0.0,2,0,1,653.58,0.0,0.25,2,273
2025,624,France,Male,71,7,0.0,2,1,1,108841.83,0.0,0.25,2,497
2025,577,Spain,Female,39,4,0.0,2,1,0,91366.42,0.0,0.4,0,156
2025,597,France,Male,44,8,78128.13,2,0,1,109153.04,0.7157603145059954,0.2222222222222222,2,352
2025,502,Germany,Female,57,3,101465.31,1,1,0,43568.31,2.3288252671433174,0.25,0,171
2025,658,Spain,Male,21,7,0.0,2,0,1,154279.87,0.0,0.25,2,147
2025,783,Germany,Female,42,2,139707.28,1,1,0,2150.22,64.94327869766923,0.3333333333333333,0,84
2025,790,France,Female,31,2,151290.16,1,1,1,172437.12,0.8773591361353279,0.3333333333333333,1,62
2025,654,France,Male,37,6,83568.55,1,1,0,47046.72,1.7762507938748149,0.14285714285714285,0,222
2025,519,France,Female,22,8,0.0,1,0,1,167553.06,0.0,0.1111111111111111,1,176
2025,611,Germany,Female,41,2,114206.84,1,1,0,164061.6,0.6961174576045972,0.3333333333333333,0,82
2025,757,Germany,Male,36,1,65349.71,1,0,0,64539.64,1.0125358223903576,0.5,0,36
2025,502,France,Male,33,7,0.0,2,0,1,4082.52,0.0,0.25,2,231
2025,661,Germany,Male,35,8,124098.54,1,1,0,86678.48,1.4316945602350175,0.1111111111111111,0,280
2025,445,Spain,Male,45,10,0.0,2,0,1,90977.48,0.0,0.18181818181818182,2,450
2025,492,France,Male,29,1,144591.96,1,1,1,196293.76,0.7366063159301858,0.5,1,29
2025,597,Spain,Female,26,7,0.0,2,1,0,110253.2,0.0,0.25,0,182
2025,535,Germany,Male,20,9,134874.4,1,1,1,118825.56,1.1350526346971586,0.1,1,180
2025,564,Spain,Female,35,9,0.0,2,1,1,105837.38,0.0,0.2,2,315
2025,532,Spain,Female,66,3,0.0,1,1,1,115227.02,0.0,0.25,1,198
2025,541,France,Male,46,6,0.0,2,1,1,83456.67,0.0,0.2857142857142857,2,276
2025,658,France,Female,40,7,140596.95,1,0,1,135459.02,1.0379221116311663,0.125,1,280
2025,501,Germany,Male,40,5,114655.58,1,0,0,126535.92,0.9061037679753862,0.16666666666666666,0,200
2025,755,Germany,Male,38,4,111096.91,1,1,1,19762.88,5.621209499349318,0.2,1,152
2025,502,France,Male,33,8,0.0,2,1,1,123509.01,0.0,0.2222222222222222,2,264
2025,610,France,Male,37,0,0.0,1,1,0,114514.64,0.0,1.0,0,0
2025,473,Germany,Female,35,7,131504.73,1,1,0,189560.43,0.69373147269463,0.125,0,245
2025,612,France,Female,33,9,0.0,1,0,0,142797.5,0.0,0.1,0,297
2025,605,France,Male,39,6,111169.91,1,0,0,9641.4,11.529277980585746,0.14285714285714285,0,234
2025,563,France,Male,33,8,0.0,2,0,1,68815.05,0.0,0.2222222222222222,2,264
2025,800,France,Female,38,2,168190.33,2,1,0,68052.08,2.4714580148319514,0.6666666666666666,0,76
2025,655,France,Female,60,3,0.0,2,1,1,86981.45,0.0,0.5,2,180
2025,550,Spain,Male,51,5,0.0,2,1,0,153917.41,0.0,0.3333333333333333,0,255
2025,686,Germany,Female,47,5,170935.94,1,1,0,173179.79,0.9870375345902972,0.16666666666666666,0,235
2025,760,Spain,Female,33,1,118114.28,2,0,1,156660.21,0.7539471959906349,1.0,2,33
2025,744,France,Male,56,9,0.0,2,1,1,169498.61,0.0,0.2,2,504
2025,771,France,Male,32,5,62321.62,1,1,1,40920.59,1.5229520651568038,0.16666666666666666,1,160
2025,629,Spain,Female,44,6,125512.98,2,0,0,79082.76,1.587089182406097,0.2857142857142857,0,264
2025,550,France,Male,32,8,97514.07,1,1,1,199138.84,0.4896763500462791,0.1111111111111111,1,256
2025,807,Germany,Male,47,1,171937.27,1,1,1,65636.92,2.619480781840741,0.5,1,47
2025,850,Germany,Male,38,7,101985.81,2,0,0,43801.27,2.3283224819170334,0.25,0,266
2025,609,Spain,Male,39,2,139443.75,2,1,0,9234.06,15.099387551353214,0.6666666666666666,0,78
2025,681,France,Female,79,0,0.0,2,0,1,170968.99,0.0,2.0,2,0
2025,689,Germany,Female,55,1,76296.81,1,1,0,42364.75,1.8009078087842183,0.5,0,55
2025,816,Spain,Male,67,6,151858.98,1,1,1,72814.31,2.0855364071099887,0.14285714285714285,1,402
2025,591,France,Female,34,3,96127.27,1,0,0,30972.06,3.103576785761562,0.25,0,102
2025,575,France,Male,24,2,0.0,2,1,1,119927.81,0.0,0.6666666666666666,2,48
2025,743,Spain,Male,41,7,0.0,1,1,0,163736.09,0.0,0.125,0,287
2025,700,Spain,Female,40,2,0.0,2,1,0,199753.97,0.0,0.6666666666666666,0,80
2025,705,France,Female,48,0,0.0,2,0,0,149772.61,0.0,2.0,0,0
2025,747,Germany,Male,38,2,129728.6,1,1,0,89289.54,1.4528817946447632,0.3333333333333333,0,76
2025,666,France,Female,36,8,0.0,1,0,1,158666.99,0.0,0.1111111111111111,1,288
2025,615,France,Male,41,4,130385.82,1,0,1,130661.95,0.9978790468147245,0.2,1,164
2025,508,France,Female,31,7,0.0,2,1,1,6123.15,0.0,0.25,2,217
2025,611,Spain,Male,46,6,0.0,2,1,0,45886.33,0.0,0.2857142857142857,0,276
2025,617,Spain,Male,42,0,70105.87,1,1,1,120830.73,0.5801942089217791,1.0,1,0
2025,481,France,Female,39,6,0.0,1,1,1,24677.54,0.0,0.14285714285714285,1,234
2025,654,France,Male,29,7,0.0,2,1,1,149184.15,0.0,0.25,2,203
2025,596,Germany,Male,40,5,62389.03,3,1,0,148623.43,0.4197764122627754,0.5,0,200
2025,618,Spain,Male,32,5,133476.09,1,0,1,154843.4,0.8620014026984508,0.16666666666666666,1,160
2025,689,France,Female,58,5,0.0,2,0,1,49848.86,0.0,0.3333333333333333,2,290
2025,641,France,Female,52,4,0.0,1,1,0,90964.54,0.0,0.2,0,208
2025,772,Spain,Male,30,4,78653.05,1,1,0,1790.48,43.90395092325898,0.2,0,120
2025,658,France,Male,31,5,100082.14,1,0,1,49809.88,2.0092425590553713,0.16666666666666666,1,155
2025,694,Spain,Female,37,3,0.0,2,1,1,147012.22,0.0,0.5,2,111
2025,666,Germany,Female,36,3,129118.5,2,0,0,139435.12,0.9260046822874877,0.5,0,108
2025,650,Spain,Male,41,9,0.0,2,0,1,191599.67,0.0,0.2,2,369
2025,644,France,Male,37,2,186347.97,2,1,0,92809.73,2.0078278664546656,0.6666666666666666,0,74
2025,735,France,Male,55,6,134140.68,1,1,0,2267.88,59.121980889249315,0.14285714285714285,0,330
2025,477,France,Male,27,1,128554.98,1,1,1,133173.19,0.9653145252845164,0.5,1,27
2025,631,Spain,Male,29,3,0.0,2,1,1,197963.46,0.0,0.5,2,87
2025,575,France,Male,36,7,0.0,1,1,1,55868.97,0.0,0.125,1,252
2025,709,Germany,Male,34,4,148375.19,2,1,1,21521.38,6.89399545960995,0.4,2,136
2025,748,France,Female,39,3,157371.54,1,0,1,97734.3,1.6101811730255087,0.25,1,117
2025,744,Germany,Male,38,6,73023.17,2,1,0,78770.86,0.9270210199429085,0.2857142857142857,0,228
2025,593,France,Female,39,0,117704.73,1,1,0,197933.5,0.5946650533383518,1.0,0,0
2025,629,Spain,Male,32,3,0.0,2,1,1,15404.64,0.0,0.5,2,96
2025,742,Germany,Female,43,6,97067.69,1,0,1,60920.03,1.593336324090384,0.14285714285714285,1,258
2025,807,Germany,Female,31,1,93460.47,2,0,0,172782.69,0.5409102560548394,1.0,0,31
2025,532,Germany,Male,52,3,110791.97,1,1,0,148704.77,0.7450415004071463,0.25,0,156
2025,533,Spain,Male,38,1,135289.33,2,0,1,152956.33,0.8844906615459357,1.0,2,38
2025,543,France,Female,71,1,104308.77,1,1,1,25650.04,4.066453835789894,0.5,1,71
2025,557,France,Female,39,7,49572.73,1,1,0,115287.99,0.4299866795606415,0.125,0,273
2025,537,France,Male,37,6,0.0,1,1,1,17802.42,0.0,0.14285714285714285,1,222
2025,850,Spain,Female,43,2,125510.82,1,1,1,79084.1,1.5870349787760274,0.3333333333333333,1,86
2025,697,France,Female,47,6,128252.66,1,1,1,168053.4,0.7631615714911363,0.14285714285714285,1,282
2025,581,Spain,Male,43,9,78022.61,1,0,1,30662.91,2.5444442668922522,0.1,1,387
2025,717,Spain,Female,42,5,190305.78,1,1,0,99347.8,1.915531742708518,0.16666666666666666,0,210
2025,470,France,Female,25,8,127974.06,2,1,1,183259.35,0.6983183214481473,0.2222222222222222,2,200
2025,667,France,Male,42,9,0.0,2,0,1,58137.42,0.0,0.2,2,378
2025,453,Germany,Female,38,8,120623.21,1,1,0,129697.99,0.9300242816077442,0.1111111111111111,0,304
2025,612,Spain,Male,35,1,0.0,1,1,1,83256.26,0.0,0.5,1,35
2025,652,France,Female,48,8,133297.24,1,1,0,77764.37,1.7140951042861365,0.1111111111111111,0,384
2025,687,Spain,Male,35,3,0.0,2,1,1,176450.19,0.0,0.5,2,105
2025,759,France,Female,31,1,109848.6,1,1,1,42012.55,2.614599337594657,0.5,1,31
2025,724,Germany,Male,41,2,127892.57,2,0,1,199645.45,0.6405952622748864,0.6666666666666666,2,82
2025,611,France,Male,49,3,0.0,2,1,1,142917.54,0.0,0.5,2,147
2025,609,Spain,Male,34,7,140694.78,2,1,0,46266.63,3.040890142849331,0.25,0,238
2025,809,Spain,Female,33,3,0.0,2,0,1,141426.78,0.0,0.5,2,99
2025,525,Germany,Female,47,1,118087.68,1,1,0,88120.78,1.3400510066864286,0.5,0,47
2025,717,France,Female,25,7,108664.85,2,1,0,190011.85,0.5718815859032692,0.25,0,175
2025,732,France,Male,36,5,0.0,2,1,0,161428.25,0.0,0.3333333333333333,0,180
2025,697,France,Male,36,7,0.0,2,1,1,74760.32,0.0,0.25,2,252
2025,627,Spain,Male,49,4,111087.5,1,0,1,146680.25,0.7573394690868805,0.2,1,196
2025,683,France,Female,26,7,0.0,2,1,0,86619.77,0.0,0.25,0,182
2025,645,Spain,Male,45,4,0.0,1,0,1,174916.85,0.0,0.2,1,180
2025,817,France,Female,55,10,117561.49,1,1,0,95941.55,1.2253321388685208,0.09090909090909091,0,550
2025,662,France,Female,37,6,0.0,2,1,0,51229.17,0.0,0.2857142857142857,0,222
2025,610,France,Female,31,6,107784.65,1,1,1,141137.53,0.7636798399416517,0.14285714285714285,1,186
2025,628,France,Male,25,7,0.0,2,1,1,195977.75,0.0,0.25,2,175
2025,642,Germany,Male,49,4,120688.61,1,1,0,24770.22,4.872130238236147,0.2,0,196
2025,740,France,Female,60,5,108028.08,2,0,0,25980.42,4.15789745133253,0.3333333333333333,0,300
2025,616,Spain,Female,44,7,193213.02,2,1,1,137392.77,1.406272060225147,0.25,2,308
2025,561,Germany,Female,45,2,168085.38,2,0,1,115719.08,1.452516970261341,0.6666666666666666,2,90
2025,615,France,Female,23,4,0.0,2,1,0,196476.19,0.0,0.4,0,92
2025,646,France,Male,30,5,98014.74,1,1,1,12757.14,7.682525822729646,0.16666666666666666,1,150
2025,757,France,Female,44,4,123322.15,1,1,0,137136.29,0.8992605147731881,0.2,0,176
2025,828,Spain,Male,34,9,0.0,2,1,1,81853.98,0.0,0.2,2,306
2025,794,France,Male,24,10,146126.75,1,1,1,88992.05,1.642001819243188,0.09090909090909091,1,240
2025,689,France,Male,40,8,160272.27,1,1,0,49656.24,3.227571045027875,0.1111111111111111,0,320
2025,740,Germany,Female,57,3,113386.36,2,1,1,65121.63,1.741120713337284,0.5,2,171
2025,595,Germany,Female,45,9,106000.12,1,0,0,191448.96,0.5536701078443683,0.1,0,405
2025,776,France,Male,39,8,125211.55,2,1,0,144496.07,0.8665334874956288,0.2222222222222222,0,312
2025,676,Spain,Male,36,1,82729.49,1,1,0,113810.12,0.7269016419485197,0.5,0,36
2025,726,France,Male,28,2,0.0,1,0,0,98060.51,0.0,0.3333333333333333,0,56
2025,528,France,Female,26,10,102073.67,2,0,0,166799.93,0.6119490460874529,0.18181818181818182,0,260
2025,664,Germany,Male,26,7,116244.14,2,1,1,95145.14,1.2217430996149712,0.25,2,182
2025,790,France,Female,47,10,148636.21,1,0,1,16119.96,9.22005947536623,0.09090909090909091,1,470
2025,591,France,Female,31,7,0.0,2,0,1,48778.46,0.0,0.25,2,217
2025,651,France,Male,34,4,91562.99,1,1,1,123954.15,0.7386783848835649,0.2,1,136
2025,609,Spain,Male,53,10,0.0,1,1,1,154642.91,0.0,0.09090909090909091,1,530
2025,784,Spain,Male,35,3,0.0,2,0,0,81483.64,0.0,0.5,0,105
2025,611,Germany,Female,49,9,115488.52,2,1,1,138656.81,0.8329031015274221,0.2,2,441
2025,693,France,Male,68,4,97705.99,1,1,1,61569.07,1.5869072424312658,0.2,1,272
2025,705,Germany,Male,35,4,136496.12,2,1,0,116672.02,1.1699030332805305,0.4,0,140
2025,644,France,Female,37,8,0.0,2,1,0,20968.88,0.0,0.2222222222222222,0,296
2025,635,Spain,Female,38,1,0.0,2,1,0,90605.05,0.0,1.0,0,38
2025,678,Germany,Male,83,6,123356.63,1,0,1,92934.41,1.32733723346139,0.14285714285714285,1,498
2025,683,France,Male,25,4,0.0,2,1,0,152698.24,0.0,0.4,0,100
2025,775,France,Male,28,9,111167.7,1,1,0,149331.01,0.7444331593742024,0.1,0,252
2025,779,France,Male,62,10,119096.55,1,0,1,116977.89,1.0181029243823394,0.09090909090909091,1,620
2025,701,Spain,Female,30,2,0.0,2,1,0,115650.63,0.0,0.6666666666666666,0,60
2025,520,Germany,Female,23,3,116022.53,2,1,1,37577.66,3.0874578816807197,0.5,2,69
2025,645,France,Male,19,9,128514.84,1,0,0,175969.19,0.7303216527753933,0.1,0,171
2025,426,France,Female,34,3,0.0,2,1,1,61230.83,0.0,0.5,2,102
2025,782,France,Male,39,8,0.0,2,1,1,33949.67,0.0,0.2222222222222222,2,312
2025,434,Germany,Male,55,8,109339.17,2,1,0,96405.88,1.1341428122142319,0.2222222222222222,0,440
2025,562,France,Male,75,5,87140.85,1,1,1,39351.64,2.2143584267789915,0.16666666666666666,1,375
2025,635,France,Male,27,3,127009.83,1,1,0,161909.95,0.7844424975580713,0.25,0,81
2025,725,France,Female,25,9,0.0,2,1,1,168607.74,0.0,0.2,2,225
2025,550,Germany,Male,49,0,108806.96,3,1,0,61446.92,1.7707183579200079,3.0,0,0
2025,841,France,Female,36,5,156021.31,1,0,0,122662.98,1.2719407115275405,0.16666666666666666,0,180
2025,578,France,Female,35,2,0.0,2,0,1,26389.92,0.0,0.6666666666666666,2,70
2025,696,Spain,Male,47,1,106758.6,1,1,1,80591.18,1.3246769103404328,0.5,1,47
2025,608,France,Female,62,8,144976.5,1,0,0,175836.03,0.8244935665712734,0.1111111111111111,0,496
2025,662,France,Female,47,6,0.0,2,1,1,129392.75,0.0,0.2857142857142857,2,282
2025,683,France,Male,47,1,0.0,2,1,0,148989.15,0.0,1.0,0,47
2025,571,Spain,Female,31,3,0.0,2,1,1,194667.92,0.0,0.5,2,93
2025,619,France,Female,49,9,145359.99,1,1,0,38186.85,3.806446029299895,0.1,0,441
2025,738,France,Female,26,3,0.0,2,1,0,67484.16,0.0,0.5,0,78
2025,792,France,Male,31,6,71269.89,2,0,1,125912.77,0.5660214129082148,0.2857142857142857,2,186
2025,604,France,Female,32,7,127849.38,1,1,0,15798.7,8.091886554808003,0.125,0,224
2025,571,Germany,Male,33,3,71843.15,1,1,0,26772.04,2.6834139866074227,0.25,0,99
2025,754,Spain,Female,32,7,0.0,2,1,0,89520.75,0.0,0.25,0,224
2025,579,France,Male,35,1,0.0,2,1,0,4460.2,0.0,1.0,0,35
2025,534,France,Male,27,9,0.0,2,1,0,161344.13,0.0,0.2,0,243
2025,544,France,Male,48,10,78314.63,3,1,1,103713.93,0.7550950475500491,0.2727272727272727,3,480
2025,618,France,Female,40,0,0.0,1,1,0,119059.13,0.0,1.0,0,0
2025,678,France,Male,43,1,133237.21,1,1,0,111032.79,1.1999699370795143,0.5,0,43
2025,653,France,Female,40,0,0.0,2,1,0,35795.85,0.0,2.0,0,0
2025,670,Spain,Male,37,0,178742.71,1,1,1,194493.57,0.9190113122438327,1.0,1,0
2025,850,Spain,Female,41,3,99945.93,2,1,0,71179.31,1.4041232751023422,0.5,0,123
2025,616,France,Male,31,3,94263.91,2,1,0,168895.06,0.5581178743897283,0.5,0,93
2025,757,France,Male,23,2,80673.96,2,1,0,93991.65,0.8583007288335844,0.6666666666666666,0,46
2025,507,France,Female,35,2,0.0,2,1,0,97633.93,0.0,0.6666666666666666,0,70
2025,835,Germany,Male,18,2,142872.36,1,1,1,117632.63,1.214553695231542,0.3333333333333333,1,36
2025,759,France,Female,33,2,0.0,2,1,0,56583.88,0.0,0.6666666666666666,0,66
2025,518,France,Female,45,8,0.0,2,1,1,36193.07,0.0,0.2222222222222222,2,360
2025,521,Spain,Female,49,4,82940.25,2,0,0,62413.01,1.3288723156868145,0.4,0,196
2025,644,Spain,Male,54,6,0.0,1,0,1,84622.37,0.0,0.14285714285714285,1,324
2025,749,France,Female,35,3,0.0,3,1,1,132649.85,0.0,0.75,3,105
2025,714,Germany,Male,21,6,86402.52,2,0,0,27330.59,3.1612694321845165,0.2857142857142857,0,126
2025,564,Germany,Female,32,10,139875.2,2,1,0,15378.23,9.095071729859038,0.18181818181818182,0,320
2025,618,France,Female,42,2,0.0,4,0,0,111097.39,0.0,1.3333333333333333,0,84
2025,677,France,Male,46,2,57037.74,1,1,1,158531.01,0.35978689729600977,0.3333333333333333,1,92
2025,645,Spain,Female,29,4,0.0,2,1,1,74346.11,0.0,0.4,2,116
2025,679,France,Female,39,4,0.0,1,0,0,172939.3,0.0,0.2,0,156
2025,526,Spain,Male,38,2,0.0,2,0,0,58010.98,0.0,0.6666666666666666,0,76
2025,586,Germany,Male,46,8,106968.96,1,1,1,79366.98,1.3477596380807475,0.1111111111111111,1,368
2025,533,Germany,Male,51,6,127545.56,2,0,0,79559.02,1.6031363491361614,0.2857142857142857,0,306
2025,574,Germany,Male,35,5,163856.76,1,1,1,15118.2,10.837660722789566,0.16666666666666666,1,175
2025,604,France,Female,56,0,62732.65,1,0,1,124954.56,0.5020396851488641,1.0,1,0
2025,742,Germany,Male,27,5,190125.43,2,0,0,21793.59,8.72351487226876,0.3333333333333333,0,135
2025,656,Germany,Female,27,3,150905.03,2,1,0,16998.72,8.876912678561764,0.5,0,81
2025,652,Spain,Male,28,8,156823.7,2,1,0,198251.52,0.7910300459232499,0.2222222222222222,0,224
2025,704,France,Male,32,7,127785.17,4,0,0,184464.7,0.6927313316242532,0.5,0,224
2025,500,Spain,Male,40,1,99004.24,1,1,1,152845.99,0.6477343125958843,0.5,1,40
2025,443,Germany,Female,29,9,99027.61,2,1,0,10940.4,9.050725684098927,0.2,0,261
2025,774,France,Female,32,4,0.0,2,0,0,114899.13,0.0,0.4,0,128
2025,612,Spain,Female,36,5,119799.27,2,1,0,159416.58,0.7514809219911631,0.3333333333333333,0,180
2025,634,Spain,Female,35,10,0.0,1,1,0,82634.41,0.0,0.09090909090909091,0,350
2025,785,Germany,Female,36,2,99806.85,1,0,1,36976.52,2.6991223316220236,0.3333333333333333,1,72
2025,546,Germany,Female,52,1,106074.89,1,1,1,23548.45,4.504346810647382,0.5,1,52
2025,676,France,Female,36,3,91711.59,1,1,1,95393.43,0.9613935530617459,0.25,1,108
2025,675,Spain,Male,36,9,106190.55,1,0,1,22994.32,4.617920081129552,0.1,1,324
2025,728,France,Male,33,8,129907.63,1,0,1,36083.96,3.6000491617560337,0.1111111111111111,1,264
2025,469,Spain,Male,35,5,0.0,2,1,0,186490.37,0.0,0.3333333333333333,0,175
2025,631,Spain,Female,31,2,88161.85,2,1,0,127630.88,0.6907510098574118,0.6666666666666666,0,62
2025,427,France,Male,29,1,141325.56,1,1,1,93839.3,1.5060220395714847,0.5,1,29
2025,697,France,Male,32,7,175464.85,3,1,0,116442.42,1.5068678848491397,0.375,0,224
2025,777,France,Male,37,1,0.0,1,1,1,126837.72,0.0,0.5,1,37
2025,698,France,Male,27,7,0.0,2,1,0,111471.55,0.0,0.25,0,189
2025,704,Germany,Female,39,10,102556.18,2,1,0,171971.25,0.5963530744058998,0.18181818181818182,0,390
2025,686,Germany,Male,39,3,129626.19,2,1,1,103220.56,1.2558053763186683,0.5,2,117
2025,560,France,Male,24,1,116084.32,1,1,0,89734.7,1.2936247223791648,0.5,0,24
2025,594,Spain,Female,24,0,97378.54,1,1,1,71405.17,1.3637272521408164,1.0,1,0
2025,678,France,Female,50,6,0.0,1,1,0,8199.5,0.0,0.14285714285714285,0,300
2025,537,France,Female,41,0,0.0,2,0,1,175262.49,0.0,2.0,2,0
2025,698,France,Female,37,2,166178.02,2,1,1,71972.95,2.3088634151661815,0.6666666666666666,2,74
2025,815,France,Male,45,7,0.0,1,0,1,52885.23,0.0,0.125,1,315
2025,710,Germany,Female,46,10,120530.34,1,1,0,166586.99,0.7235235865442641,0.09090909090909091,0,460
2025,565,France,Female,38,5,126645.13,1,1,1,168303.55,0.752475972871797,0.16666666666666666,1,190
2025,567,Spain,Male,43,2,115643.58,2,0,0,174606.35,0.6623064836617703,0.6666666666666666,0,86
2025,676,France,Female,40,2,147803.48,1,1,0,95181.06,1.552850190466565,0.3333333333333333,0,80
2025,464,Spain,Female,34,5,76001.57,1,1,1,158668.87,0.4789918211945343,0.16666666666666666,1,170
2025,738,Germany,Female,40,6,114940.67,2,1,1,194895.57,0.5897521439192079,0.2857142857142857,2,240
2025,660,Germany,Female,39,5,135134.99,1,1,0,173683.0,0.7780508855162248,0.16666666666666666,0,195
2025,677,France,Male,58,9,0.0,1,0,1,168650.4,0.0,0.1,1,522
2025,698,France,Female,57,9,111359.55,2,1,0,105715.01,1.0533839671020502,0.2,0,513
2025,763,Germany,Female,32,1,108465.65,2,1,0,60552.44,1.7912384498717164,1.0,0,32
2025,604,Spain,Female,34,3,0.0,2,1,0,38587.7,0.0,0.5,0,102
2025,537,Germany,Female,46,5,100727.5,1,0,1,140857.76,0.7150957455539151,0.16666666666666666,1,230
2025,588,France,Male,32,1,0.0,2,1,1,8763.87,0.0,1.0,2,32
2025,629,Germany,Female,37,1,35549.81,2,0,0,49676.33,0.7156143456180112,1.0,0,37
2025,774,Spain,Male,46,9,0.0,2,1,1,34774.26,0.0,0.2,2,414
2025,700,Spain,Male,29,8,0.0,2,0,1,152097.02,0.0,0.2222222222222222,2,232
2025,540,France,Female,31,7,0.0,1,0,1,183051.6,0.0,0.125,1,217
2025,653,Spain,Male,55,2,70263.83,1,0,1,62347.71,1.126949218355921,0.3333333333333333,1,110
2025,560,Spain,Male,47,1,0.0,1,0,0,128882.66,0.0,0.5,0,47
2025,595,France,Male,41,9,0.0,2,1,0,5967.09,0.0,0.2,0,369
2025,521,Germany,Female,40,9,134504.78,1,1,0,18082.06,7.438164779633535,0.1,0,360
2025,643,France,Male,45,5,0.0,1,1,0,142513.5,0.0,0.16666666666666666,0,225
2025,659,Spain,Female,42,2,0.0,1,0,0,162734.31,0.0,0.3333333333333333,0,84
2025,576,France,Male,41,1,0.0,1,1,1,188274.6,0.0,0.5,1,41
2025,498,Germany,Female,44,2,120702.67,2,1,1,98175.74,1.2294426358015147,0.6666666666666666,2,88
2025,718,France,Male,33,7,102874.28,1,0,0,117841.06,0.872984399627773,0.125,0,231
2025,624,Spain,Female,28,2,0.0,2,0,1,104353.26,0.0,0.6666666666666666,2,56
2025,707,France,Male,42,2,16893.59,1,1,1,77502.56,0.21797179381179393,0.3333333333333333,1,84
2025,526,France,Male,36,1,0.0,1,1,0,160696.72,0.0,0.5,0,36
2025,729,France,Female,34,9,132121.71,1,0,1,105409.31,1.2534040550682375,0.1,1,306
2025,611,France,Male,30,2,104145.65,1,0,0,159629.64,0.6524164157958646,0.3333333333333333,0,60
2025,580,France,Male,34,6,0.0,2,1,1,160095.31,0.0,0.2857142857142857,2,204
2025,551,France,Female,59,2,166968.28,1,1,0,159483.76,1.0469231041260618,0.3333333333333333,0,118
2025,601,Spain,Female,41,3,0.0,2,1,0,54342.83,0.0,0.5,0,123
2025,850,Germany,Female,47,4,99219.47,2,1,1,122141.13,0.8123279821630751,0.4,2,188
2025,820,Spain,Male,34,10,97208.46,1,1,1,59553.34,1.6322649197354888,0.09090909090909091,1,340
2025,636,France,Female,38,1,0.0,1,1,0,45015.38,0.0,0.5,0,38
2025,720,Germany,Female,37,8,156282.79,1,1,0,45985.52,3.3984478495002453,0.1111111111111111,0,296
2025,691,France,Male,50,6,136953.47,1,1,1,2704.98,50.611412501201045,0.14285714285714285,1,300
2025,789,Germany,Male,39,7,124828.46,2,1,1,124411.08,1.0033467811164318,0.25,2,273
2025,622,Spain,Female,36,0,108960.0,2,1,0,111180.3,0.9800209207843406,2.0,0,0
2025,627,France,Male,32,10,0.0,2,1,0,103287.62,0.0,0.18181818181818182,0,320
2025,642,Germany,Male,22,10,111812.52,2,1,1,183045.46,0.6108422965404521,0.18181818181818182,2,220
2025,794,Spain,Male,33,8,0.0,2,0,0,91340.02,0.0,0.2222222222222222,0,264
2025,650,France,Female,39,4,0.0,2,0,0,186275.7,0.0,0.4,0,156
2025,655,Germany,Female,72,5,138089.97,2,1,1,99920.41,1.3819858026422966,0.3333333333333333,2,360
2025,573,France,Female,33,0,90124.64,1,1,0,137476.71,0.6555581992164403,1.0,0,0
2025,487,France,Male,45,2,0.0,2,1,0,77475.73,0.0,0.6666666666666666,0,90
2025,671,Germany,Male,45,6,99564.22,1,1,1,108872.45,0.9144949480337033,0.14285714285714285,1,270
2025,613,Germany,Female,30,5,131563.88,2,1,0,170638.98,0.7710026688938899,0.3333333333333333,0,150
2025,599,Germany,Male,25,7,108380.72,1,1,1,79005.95,1.3717871655594855,0.125,1,175
2025,732,France,Female,35,3,0.0,2,1,0,90876.95,0.0,0.5,0,105
2025,474,Germany,Female,34,9,176311.36,1,1,0,160213.27,1.1004722613035656,0.1,0,306
2025,644,France,Male,50,9,76817.0,4,1,0,196371.13,0.39118076480608527,0.4,0,450
2025,527,Germany,Female,41,10,136733.24,1,1,1,57589.29,2.3742412132323,0.09090909090909091,1,410
2025,611,Germany,Female,36,10,103294.56,1,1,0,160548.12,0.6433829098533832,0.09090909090909091,0,360
2025,604,Spain,Male,41,3,0.0,1,0,0,11819.84,0.0,0.25,0,123
2025,479,France,Male,47,1,0.0,1,1,0,95270.83,0.0,0.5,0,47
2025,850,France,Male,37,4,126872.6,1,1,0,197266.58,0.6431497765623728,0.2,0,148
2025,528,France,Male,30,2,128262.72,2,1,0,50771.16,2.526241152631678,0.6666666666666666,0,60
2025,770,France,Female,37,9,0.0,2,0,0,22710.72,0.0,0.2,0,333
2025,671,France,Female,42,6,0.0,2,1,0,197202.48,0.0,0.2857142857142857,0,252
2025,600,Spain,Female,50,6,94684.27,1,1,1,50488.91,1.8753107304013812,0.14285714285714285,1,300
2025,615,Spain,Female,29,7,143330.56,2,1,1,126396.01,1.1339711279562705,0.25,2,203
2025,507,France,Male,41,3,58820.32,2,1,1,138536.09,0.4245817491907763,0.5,2,123
2025,698,France,Male,36,6,0.0,2,0,1,19231.98,0.0,0.2857142857142857,2,216
2025,744,Germany,Female,41,2,84113.41,1,1,0,197548.63,0.4257836878763073,0.3333333333333333,0,82
2025,781,France,Female,38,3,128345.69,2,1,0,63218.85,2.0301486004791216,0.5,0,114
2025,600,Germany,Male,43,8,133379.41,1,1,0,177378.66,0.7519430920095348,0.1111111111111111,0,344
2025,606,Germany,Male,65,10,126306.64,3,0,0,7861.68,16.06406975738552,0.2727272727272727,0,650
2025,824,France,Male,45,3,129209.48,1,0,0,60151.77,2.1480221110349533,0.25,0,135
2025,798,France,Male,36,1,0.0,2,1,1,159044.1,0.0,1.0,2,36
2025,457,Spain,Female,38,6,0.0,2,1,0,173219.09,0.0,0.2857142857142857,0,228
2025,670,France,Male,38,7,0.0,2,1,1,77864.41,0.0,0.25,2,266
2025,676,France,Male,38,1,0.0,2,0,1,35644.79,0.0,1.0,2,38
2025,586,France,Female,46,0,0.0,3,0,1,131553.82,0.0,3.0,3,0
2025,656,France,Female,45,7,145933.27,1,1,1,199392.14,0.7318871150732668,0.125,1,315
2025,675,France,Male,32,1,0.0,3,1,0,85901.09,0.0,1.5,0,32
2025,611,France,Female,37,6,0.0,2,1,0,110782.88,0.0,0.2857142857142857,0,222
2025,716,France,Female,38,1,0.0,2,1,1,99661.46,0.0,1.0,2,38
2025,634,France,Female,41,8,68213.99,1,1,1,6382.46,10.68605270495938,0.1111111111111111,1,328
2025,785,France,Male,28,8,0.0,2,1,0,77231.27,0.0,0.2222222222222222,0,224
2025,475,France,Female,45,0,134264.04,1,1,0,27822.99,4.825477582474692,1.0,0,0
2025,546,Germany,Female,25,3,132837.7,1,1,0,131647.31,1.009034601355688,0.25,0,75
2025,449,Spain,Female,33,8,0.0,2,0,0,156792.89,0.0,0.2222222222222222,0,264
2025,418,France,Male,28,7,98738.92,1,1,0,122190.22,0.808068861248787,0.125,0,196
2025,597,Spain,Male,38,6,115702.67,2,1,1,25059.05,4.61701672582457,0.2857142857142857,2,228
2025,655,France,Female,50,10,0.0,4,1,0,179267.94,0.0,0.36363636363636365,0,500
2025,658,Germany,Female,31,3,133003.03,1,0,1,146339.27,0.908861450098459,0.25,1,93
2025,721,Spain,Male,43,3,88798.34,1,0,0,45610.63,1.946835489106616,0.25,0,129
2025,796,Spain,Male,32,5,102773.15,2,0,1,117832.88,0.872186759869063,0.3333333333333333,2,160
2025,685,Spain,Female,42,2,0.0,2,0,0,199992.48,0.0,0.6666666666666666,0,84
2025,452,France,Male,30,7,112935.87,1,1,1,99017.34,1.140555072928914,0.125,1,210
2025,697,Germany,Male,51,1,147910.3,1,1,1,53581.14,2.7604403258249857,0.5,1,51
2025,659,France,Female,37,1,151105.68,1,1,1,140934.57,1.0721614138999827,0.5,1,37
2025,573,Spain,Male,38,4,0.0,2,1,1,196517.43,0.0,0.4,2,152
2025,850,France,Male,33,0,124781.67,1,0,1,33700.52,3.702553178610342,1.0,1,0
2025,612,Spain,Male,33,5,69478.57,1,1,0,8973.67,7.7416294972405675,0.16666666666666666,0,165
2025,704,Spain,Male,37,4,0.0,2,0,0,25684.93,0.0,0.4,0,148
2025,657,Spain,Male,67,5,119785.47,2,1,1,107534.32,1.1139174552137845,0.3333333333333333,2,335
2025,579,Spain,Male,43,2,145843.82,1,1,1,198402.37,0.7350874130817435,0.3333333333333333,1,86
2025,632,Spain,Male,38,1,120599.21,1,1,0,92816.86,1.299310391340632,0.5,0,38
2025,584,Germany,Female,29,7,105204.01,1,0,1,138490.03,0.7596449387371875,0.125,1,203
2025,786,Germany,Female,32,2,104336.43,2,0,0,59559.81,1.7517631140342114,0.6666666666666666,0,64
2025,576,Germany,Female,36,8,166287.85,1,1,1,23305.85,7.134720050114023,0.1111111111111111,1,288
2025,684,Spain,Male,34,9,100628.0,2,1,1,190263.78,0.5288840110082381,0.2,2,306
2025,833,France,Male,47,2,0.0,2,1,1,182247.77,0.0,0.6666666666666666,2,94
2025,771,France,Female,66,7,143773.07,1,1,1,130827.88,1.0989398518125355,0.125,1,462
2025,447,France,Female,32,10,0.0,1,1,1,151815.76,0.0,0.09090909090909091,1,320
2025,504,Spain,Male,44,4,113522.64,1,1,1,12405.2,9.150476374715867,0.2,1,176
2025,445,Germany,Female,61,2,137655.31,1,0,1,29909.84,4.602188036176851,0.3333333333333333,1,122
2025,536,Spain,Male,40,9,0.0,2,1,1,11959.03,0.0,0.2,2,360
2025,547,Germany,Male,41,3,151191.31,1,1,0,175295.89,0.8624871211348928,0.25,0,123
2025,792,France,Male,30,8,0.0,2,1,0,199644.2,0.0,0.2222222222222222,0,240
2025,723,France,Female,49,4,0.0,2,0,1,89972.25,0.0,0.4,2,196
2025,783,Spain,Male,38,1,0.0,3,1,1,80178.54,0.0,1.5,3,38
2025,847,France,Male,66,7,123760.68,1,0,1,53157.16,2.328159590173926,0.125,1,462
2025,596,Spain,Male,29,2,0.0,2,1,1,1591.19,0.0,0.6666666666666666,2,58
2025,850,Spain,Female,39,10,0.0,2,1,1,143030.09,0.0,0.18181818181818182,2,390
2025,617,Spain,Male,34,9,0.0,2,1,0,118749.58,0.0,0.2,0,306
2025,669,France,Male,46,3,0.0,2,0,1,8487.75,0.0,0.5,2,138
2025,647,Spain,Female,29,2,0.0,2,1,0,179032.68,0.0,0.6666666666666666,0,58
2025,766,Germany,Male,37,2,99660.13,2,0,1,147700.78,0.6747388555506915,0.6666666666666666,2,74
2025,767,Spain,Male,31,6,0.0,2,1,1,195668.0,0.0,0.2857142857142857,2,186
2025,485,Spain,Male,32,6,102238.01,2,1,1,194010.12,0.5269698458521347,0.2857142857142857,2,192
2025,638,Germany,Female,33,5,129335.65,1,1,1,56585.2,2.2856394315221733,0.16666666666666666,1,165
2025,544,Germany,Male,39,4,142406.43,2,1,0,146637.45,0.9711397658663193,0.4,0,156
2025,659,France,Male,54,8,133436.52,1,1,0,56787.8,2.349697827740681,0.1111111111111111,0,432
2025,567,Germany,Female,49,5,134956.02,1,1,0,93953.84,1.4363924200179574,0.16666666666666666,0,245
2025,680,Spain,Male,35,9,0.0,2,0,0,143774.06,0.0,0.2,0,315
2025,644,France,Male,33,8,0.0,2,1,1,155294.17,0.0,0.2222222222222222,2,264
2025,798,France,Male,32,7,0.0,2,0,1,37731.95,0.0,0.25,2,224
2025,736,Germany,Female,26,0,84587.9,1,0,1,188037.76,0.44984289409268596,1.0,1,0
2025,595,Spain,Female,43,5,0.0,2,0,0,105149.8,0.0,0.3333333333333333,0,215
2025,829,Germany,Female,27,9,112045.67,1,1,1,119708.21,0.9359820351333034,0.1,1,243
2025,515,France,Male,40,0,109542.29,1,1,1,166370.81,0.6584185746371335,1.0,1,0
2025,563,Germany,Male,41,2,100520.92,1,1,1,19412.8,5.1778075389671265,0.3333333333333333,1,82
2025,633,France,Male,35,3,0.0,2,1,1,36249.76,0.0,0.5,2,105
2025,606,France,Male,35,2,132164.26,1,0,1,164815.59,0.8018868731600381,0.3333333333333333,1,70
2025,789,Germany,Female,37,6,110689.07,1,1,1,71121.04,1.5563258590445384,0.14285714285714285,1,222
2025,744,France,Male,54,6,93806.31,2,0,1,140068.77,0.6697113160105853,0.2857142857142857,2,324
2025,652,France,Male,36,1,0.0,2,1,1,151314.98,0.0,1.0,2,36
2025,658,France,Male,29,4,80262.6,1,1,1,20612.82,3.893630583754006,0.2,1,116
2025,801,France,Male,43,4,158713.08,2,0,0,98586.14,1.6098760954014895,0.4,0,172
2025,682,Germany,Female,43,7,111094.05,2,1,1,64679.3,1.7175871169428714,0.25,2,301
2025,751,France,Female,30,6,0.0,2,1,0,15766.1,0.0,0.2857142857142857,0,180
2025,615,Spain,Female,41,9,109013.23,1,1,0,196499.96,0.5547719970426608,0.1,0,369
2025,630,Germany,Female,25,7,79656.81,1,1,0,93524.22,0.8517147567255121,0.125,0,175
2025,732,Germany,Female,42,2,118889.66,2,0,0,87422.15,1.3599333814899144,0.6666666666666666,0,84
2025,606,Germany,Male,40,9,95293.86,2,0,1,96985.58,0.9825468637001119,0.2,2,360
2025,497,Spain,Male,44,2,121250.04,1,0,1,79691.4,1.5214755735804166,0.3333333333333333,1,88
2025,620,France,Female,29,3,0.0,2,0,1,153392.28,0.0,0.5,2,87
2025,617,France,Male,30,3,132005.77,1,1,0,142940.39,0.9234957768355266,0.25,0,90
2025,789,Germany,Male,33,8,151607.56,1,1,0,4389.4,34.53160532069971,0.1111111111111111,0,264
2025,684,Spain,Male,24,8,143582.89,1,1,1,22527.27,6.373453887049472,0.1111111111111111,1,192
2025,847,Germany,Female,35,5,111743.43,1,1,1,183584.14,0.6086736105111774,0.16666666666666666,1,175
2025,681,France,Male,43,3,66338.68,1,1,1,18772.5,3.5336341119130688,0.25,1,129
2025,487,France,Male,37,2,0.0,2,1,1,126722.57,0.0,0.6666666666666666,2,74
2025,634,France,Male,34,3,145030.92,1,1,1,41820.65,3.467843090839314,0.25,1,102
2025,605,France,Female,51,9,104760.82,1,1,1,165574.54,0.6327071015441049,0.1,1,459
2025,726,Germany,Male,30,7,92847.59,1,1,0,146154.06,0.6352677081450344,0.125,0,210
2025,743,France,Male,71,0,0.0,2,0,1,29837.65,0.0,2.0,2,0
2025,745,Germany,Female,44,0,119638.21,1,1,1,34265.08,3.4914472271120593,1.0,1,0
2025,608,Spain,Male,37,2,130461.02,1,1,0,21967.15,5.93864390037395,0.3333333333333333,0,74
2025,672,Spain,Female,56,2,209767.31,2,1,1,150694.42,1.3919952577191794,0.6666666666666666,2,112
2025,529,Spain,Female,44,1,0.0,2,0,0,14161.3,0.0,1.0,0,44
2025,616,Germany,Female,42,6,117899.95,2,0,0,150266.81,0.784598843890784,0.2857142857142857,0,252
2025,737,Germany,Male,31,5,121192.22,2,1,1,74890.58,1.6182355880327268,0.3333333333333333,2,155
2025,687,Spain,Male,38,8,69434.4,2,1,1,66580.13,1.0428540338681545,0.2222222222222222,2,304
2025,719,France,Male,49,5,105918.1,1,1,1,16246.59,6.519003741477968,0.16666666666666666,1,245
2025,651,France,Male,45,1,0.0,1,1,0,67740.08,0.0,0.5,0,45
2025,496,France,Male,31,5,0.0,2,1,0,93713.13,0.0,0.3333333333333333,0,155
2025,528,France,Male,34,1,125566.9,1,1,1,176763.27,0.710363581961445,0.5,1,34
2025,753,France,Male,48,4,0.0,2,0,1,146821.42,0.0,0.4,2,192
2025,753,Germany,Female,46,9,113909.69,3,1,0,92320.37,1.233838817599869,0.3,0,414
2025,710,Spain,Female,30,10,0.0,2,1,0,19500.1,0.0,0.18181818181818182,0,300
2025,739,Germany,Female,25,5,113113.12,1,1,0,129181.27,0.8756087038879251,0.16666666666666666,0,125
2025,785,France,Female,47,9,122031.55,1,1,1,33823.5,3.6077857765820633,0.1,1,423
2025,492,France,Male,39,7,0.0,2,0,1,71323.23,0.0,0.25,2,273
2025,611,Spain,Female,28,3,96381.68,2,1,0,181419.29,0.5312618561022033,0.5,0,84
2025,663,Spain,Female,33,8,96769.04,1,1,1,36864.05,2.6249534450651764,0.1111111111111111,1,264
2025,475,France,Male,40,7,160818.08,1,0,1,169642.13,0.9479787363036746,0.125,1,280
2025,828,Germany,Female,25,7,144351.86,1,1,0,116613.26,1.2378577028229651,0.125,0,175
2025,756,France,Male,34,1,103133.26,1,1,1,90059.04,1.1451611613763442,0.5,1,34
2025,580,Spain,Male,67,3,153946.14,1,1,1,7418.92,20.74768191570799,0.25,1,201
2025,700,France,Female,30,9,0.0,1,1,1,174971.64,0.0,0.1,1,270
2025,524,Spain,Female,32,6,0.0,1,1,1,132861.9,0.0,0.14285714285714285,1,192
2025,800,France,Male,60,6,88541.57,2,1,1,131718.12,0.6721998294552834,0.2857142857142857,2,360
2025,529,France,Male,22,5,0.0,1,1,0,151169.83,0.0,0.16666666666666666,0,110
2025,534,Spain,Male,35,4,0.0,2,0,0,9541.15,0.0,0.4,0,140
2025,577,Spain,Male,43,3,0.0,2,1,1,135008.92,0.0,0.5,2,129
2025,658,France,Female,35,5,126397.66,1,0,0,156361.58,0.8083625890542354,0.16666666666666666,0,175
2025,773,Germany,Female,36,4,105858.71,1,0,1,4395.45,24.078224476566323,0.2,1,144
2025,850,France,Male,40,8,102800.65,1,1,0,60811.56,1.6904509528952572,0.1111111111111111,0,320
2025,497,France,Male,34,2,0.0,2,1,1,83087.13,0.0,0.6666666666666666,2,68
2025,489,France,Female,51,3,0.0,2,0,1,174098.28,0.0,0.5,2,153
2025,476,France,Female,34,10,0.0,2,1,0,26260.98,0.0,0.18181818181818182,0,340
2025,505,France,Male,26,8,112972.57,1,1,0,145011.62,0.7790533679068761,0.1111111111111111,0,208
2025,624,France,Male,44,3,0.0,2,1,0,88407.51,0.0,0.5,0,132
2025,683,Spain,Male,40,8,0.0,1,1,0,75848.22,0.0,0.1111111111111111,0,320
2025,523,Germany,Female,39,1,143903.11,1,1,1,118711.75,1.212195909874887,0.5,1,39
2025,484,Spain,Male,36,8,0.0,2,1,0,186136.48,0.0,0.2222222222222222,0,288
2025,591,Germany,Female,34,4,150635.3,1,1,1,72274.84,2.0841722489838928,0.2,1,136
2025,799,France,Female,52,4,161209.66,1,1,1,89081.41,1.8096688223859232,0.2,1,208
2025,617,France,Male,25,1,102585.88,2,1,1,115387.4,0.8890484658769859,1.0,2,25
2025,714,Germany,Male,42,2,177640.09,1,0,1,47166.55,3.7661504572529205,0.3333333333333333,1,84
2025,512,France,Female,37,1,0.0,2,0,1,156105.03,0.0,1.0,2,37
2025,666,Germany,Female,50,7,109062.28,1,1,1,140136.1,0.7782541525406191,0.125,1,350
2025,714,France,Male,63,4,138082.16,1,0,1,166677.54,0.8284339423659458,0.2,1,252
2025,850,France,Male,55,6,0.0,1,1,0,944.41,0.0,0.14285714285714285,0,330
2025,671,Spain,Female,34,10,0.0,1,1,0,23235.38,0.0,0.09090909090909091,0,340
2025,637,Germany,Male,30,6,122641.56,2,1,0,65618.01,1.868994366114332,0.2857142857142857,0,180
2025,845,Germany,Female,43,3,152063.59,2,1,0,97910.06,1.5530787839494333,0.5,0,129
2025,743,France,Female,39,8,0.0,1,1,0,94263.44,0.0,0.1111111111111111,0,312
2025,499,France,Male,60,7,76961.6,2,1,1,83643.87,0.9200994633621884,0.25,2,420
2025,694,France,Male,60,9,0.0,1,1,1,57088.97,0.0,0.1,1,540
2025,431,France,Male,37,0,120764.08,1,1,1,117023.08,1.0319592343729598,1.0,1,0
2025,505,Germany,Male,43,5,136855.94,2,1,0,171070.52,0.7999925411313351,0.3333333333333333,0,215
2025,585,Spain,Male,45,0,0.0,2,0,0,189683.7,0.0,2.0,0,0
2025,663,France,Female,37,7,0.0,1,1,1,185210.63,0.0,0.125,1,259
2025,770,Germany,Male,45,4,110765.68,1,1,0,26163.74,4.233395019403976,0.2,0,180
2025,682,France,Female,64,10,128306.7,1,0,1,66040.83,1.9428095799283573,0.09090909090909091,1,640
2025,492,Germany,Male,39,10,124576.65,2,1,0,148584.61,0.8384166542103236,0.18181818181818182,0,390
2025,592,Spain,Female,40,2,200322.45,1,1,1,113244.73,1.7689183512702864,0.3333333333333333,1,80
2025,695,France,Male,36,6,114007.5,2,1,0,118120.88,0.965168349843399,0.2857142857142857,0,216
2025,540,Germany,Female,42,9,87271.41,2,1,0,172572.64,0.5057053325177587,0.2,0,378
2025,654,Spain,Male,34,5,0.0,2,1,0,159311.46,0.0,0.3333333333333333,0,170
2025,487,France,Male,24,7,133628.09,2,1,1,98570.01,1.3556530464687335,0.25,2,168
2025,629,Spain,Male,35,4,174588.8,2,0,1,158420.14,1.1020549403949496,0.4,2,140
2025,706,Germany,Male,34,0,140641.26,2,1,1,77271.91,1.820059060801515,2.0,2,0
2025,542,Spain,Female,26,2,0.0,2,1,1,54869.54,0.0,0.6666666666666666,2,52
2025,686,France,Female,44,7,55053.62,1,1,0,181757.19,0.30289485167078306,0.125,0,308
2025,728,France,Female,69,1,0.0,2,1,1,131804.86,0.0,1.0,2,69
2025,646,France,Male,35,6,84026.86,1,0,1,164255.69,0.5115582202466152,0.14285714285714285,1,210
2025,623,Spain,Female,43,4,123536.52,2,0,0,154908.52,0.7974753262420542,0.4,0,172
2025,645,Spain,Female,37,7,0.0,2,1,0,13589.93,0.0,0.25,0,259
2025,662,France,Male,31,3,0.0,2,0,1,27731.05,0.0,0.5,2,93
2025,648,Spain,Male,35,7,0.0,2,1,1,78436.36,0.0,0.25,2,245
2025,695,France,Male,45,3,0.0,2,1,1,30793.61,0.0,0.5,2,135
2025,656,Germany,Female,46,7,141535.52,1,1,0,50595.15,2.7973575064505893,0.125,0,322
2025,672,France,Male,34,6,0.0,1,0,0,22736.06,0.0,0.14285714285714285,0,204
2025,832,Spain,Female,34,6,138190.13,2,0,1,146511.2,0.9431987916364644,0.2857142857142857,2,204
2025,580,France,Female,56,1,131368.3,1,1,0,106918.67,1.2286635377756028,0.5,0,56
2025,619,Spain,Female,45,0,0.0,2,0,0,113645.4,0.0,2.0,0,0
2025,594,France,Male,23,5,156267.59,1,1,0,160968.44,0.9707904183551859,0.16666666666666666,0,115
2025,599,France,Male,44,10,118577.24,1,1,1,31448.52,3.770399039476596,0.09090909090909091,1,440
2025,721,Germany,Male,28,9,154475.54,2,0,1,101300.94,1.524902089732931,0.2,2,252
2025,641,France,Male,57,5,0.0,2,1,1,122449.18,0.0,0.3333333333333333,2,285
2025,587,Germany,Female,49,7,155393.98,2,1,0,13308.2,11.675681483485109,0.25,0,343
2025,555,Spain,Male,50,7,128061.0,2,1,1,62375.1,2.053045958307749,0.25,2,350
2025,590,Germany,Female,40,2,117641.43,2,0,0,92198.05,1.2759505656511645,0.6666666666666666,0,80
2025,605,France,Female,64,2,129555.7,1,1,1,13601.79,9.52420055003422,0.3333333333333333,1,128
2025,733,Germany,Female,33,7,187257.94,1,0,1,190430.81,0.9833332992003805,0.125,1,231
2025,805,Germany,Female,26,8,42712.87,2,1,1,28861.69,1.479864489415228,0.2222222222222222,2,208
2025,565,Germany,Female,38,7,145400.69,2,1,1,83844.79,1.7341441949560021,0.25,2,266
2025,445,France,Male,25,6,0.0,2,1,0,119425.94,0.0,0.2857142857142857,0,150
2025,582,France,Female,39,1,132077.48,2,1,0,192255.15,0.6869870222617066,1.0,0,39
2025,559,France,Male,45,8,24043.45,1,0,1,169781.45,0.14161328217374647,0.1111111111111111,1,360
2025,445,Spain,Male,62,1,64119.38,1,1,1,76569.64,0.8373885865391748,0.5,1,62
2025,599,France,Male,25,6,120383.41,1,1,1,24903.09,4.833881101457632,0.14285714285714285,1,150
2025,724,Germany,Male,33,4,88046.88,1,0,1,186942.49,0.47098125749123443,0.2,1,132
2025,543,France,Male,43,9,0.0,2,1,1,78858.07,0.0,0.2,2,387
2025,678,Germany,Female,44,2,98009.13,2,0,1,31384.86,3.122716089347241,0.6666666666666666,2,88
2025,443,Spain,Male,36,6,70438.01,2,0,1,56937.43,1.2370908365404525,0.2857142857142857,2,216
2025,665,Spain,Female,51,8,0.0,1,1,1,38928.48,0.0,0.1111111111111111,1,408
2025,705,Germany,Male,42,8,166685.92,2,1,1,55313.51,3.0134212523983313,0.2222222222222222,2,336
2025,466,France,Male,40,4,91592.06,1,1,0,141210.18,0.6486176236187532,0.2,0,160
2025,672,France,Male,43,5,0.0,1,0,0,63833.09,0.0,0.16666666666666666,0,215
2025,653,France,Female,46,5,0.0,2,1,0,49707.85,0.0,0.3333333333333333,0,230
2025,661,Spain,Male,20,8,0.0,1,1,0,110252.53,0.0,0.1111111111111111,0,160
2025,543,France,Female,34,8,0.0,2,0,1,145601.8,0.0,0.2222222222222222,2,272
2025,704,Spain,Male,38,6,106687.76,1,1,0,173776.5,0.613933104113018,0.14285714285714285,0,228
2025,640,France,Female,31,9,138857.59,1,1,0,48640.77,2.854698544070251,0.1,0,279
2025,729,Spain,Male,37,10,0.0,2,1,0,100862.54,0.0,0.18181818181818182,0,370
2025,535,France,Female,44,2,114427.86,1,1,1,136330.26,0.8393369209673555,0.3333333333333333,1,88
2025,682,France,Female,27,1,97893.2,1,1,0,166144.98,0.5891999312893396,0.5,0,27
2025,782,Germany,Male,42,7,126428.38,1,1,0,39830.1,3.1741121887168573,0.125,0,294
2025,682,France,Male,69,6,0.0,2,0,1,149604.18,0.0,0.2857142857142857,2,414
2025,698,Germany,Female,64,1,169362.43,1,1,0,84760.32,1.9981098689826915,0.5,0,64
2025,683,France,Male,30,4,66190.33,1,1,1,115186.97,0.574628843619694,0.2,1,120
2025,568,Spain,Female,32,7,169399.6,1,1,0,61936.22,2.735021042274742,0.125,0,224
2025,848,Germany,Male,31,4,90018.45,2,1,0,193132.98,0.4660932788730393,0.4,0,124
2025,603,France,Male,43,5,127823.93,1,1,1,19483.35,6.560338425454275,0.16666666666666666,1,215
2025,583,Germany,Male,39,8,102945.01,1,0,0,52861.89,1.9473965573959349,0.1111111111111111,0,312
2025,563,France,Female,32,0,148326.09,1,1,0,191604.27,0.7741232274039227,1.0,0,0
2025,705,Spain,Female,40,5,203715.15,1,1,0,179978.68,1.1318786098519567,0.16666666666666666,0,200
2025,597,Germany,Female,43,7,119127.46,2,1,0,55809.92,2.1344830008177613,0.25,0,301
2025,569,France,Female,43,7,0.0,2,1,1,77703.19,0.0,0.25,2,301
2025,598,Germany,Male,41,3,91536.93,1,1,0,191468.78,0.4780750779574719,0.25,0,123
2025,511,France,Male,33,7,0.0,2,0,1,158313.87,0.0,0.25,2,231
2025,597,France,Female,53,4,88381.21,1,1,0,69384.71,1.273766745342809,0.2,0,212
2025,652,Germany,Female,37,9,145219.3,1,1,0,159132.83,0.9125608300887372,0.1,0,333
2025,625,France,Female,51,4,124620.01,2,1,0,92243.94,1.3509685192488605,0.4,0,204
2025,736,Spain,Male,32,7,0.0,1,0,1,79082.62,0.0,0.125,1,224
2025,803,Germany,Male,41,9,137742.9,2,1,1,166957.82,0.8250112213299063,0.2,2,369
2025,714,France,Male,34,10,0.0,2,1,1,80234.14,0.0,0.18181818181818182,2,340
2025,479,Spain,Male,27,2,172463.45,1,1,1,40315.27,4.277763047027912,0.3333333333333333,1,54
2025,850,Spain,Male,33,3,100476.46,2,1,1,136539.13,0.7358749402098855,0.5,2,99
2025,850,France,Male,40,9,0.0,2,0,1,119232.33,0.0,0.2,2,360
2025,850,Spain,Female,45,2,122311.21,1,1,1,19482.5,6.277681628044243,0.3333333333333333,1,90
2025,568,France,Male,28,5,145105.64,2,1,0,185489.11,0.7822823545686615,0.3333333333333333,0,140
2025,432,Germany,Male,38,2,135559.8,2,1,1,71856.3,1.8865139658740306,0.6666666666666666,2,76
2025,604,France,Male,26,8,149542.52,2,0,1,197911.52,0.7555990899413538,0.2222222222222222,2,208
2025,550,Spain,Male,39,2,116120.19,2,1,1,195638.13,0.5935427641699286,0.6666666666666666,2,78
2025,609,France,Female,35,2,147900.43,1,1,0,140000.29,1.0564219086838413,0.3333333333333333,0,70
2025,617,France,Male,74,10,0.0,2,1,1,53949.98,0.0,0.18181818181818182,2,740
2025,557,Germany,Male,68,2,100194.44,1,1,1,38596.34,2.595889768569544,0.3333333333333333,1,136
2025,795,France,Female,40,2,101891.1,1,1,1,183044.86,0.5566424720012789,0.3333333333333333,1,80
2025,577,Germany,Female,31,4,61211.18,1,1,1,145250.43,0.42141533477501736,0.2,1,124
2025,802,Spain,Male,38,7,0.0,2,0,1,57764.65,0.0,0.25,2,266
2025,664,France,Female,36,0,103502.22,1,1,1,146191.82,0.7079842908837793,1.0,1,0
2025,662,France,Female,38,2,96479.81,1,1,0,120259.41,0.8022574511428989,0.3333333333333333,0,76
2025,700,France,Female,27,6,137963.07,1,0,0,8996.79,15.332995102130633,0.14285714285714285,0,162
2025,633,France,Male,61,3,157201.48,1,0,1,50368.63,3.1209576087813238,0.25,1,183
2025,709,France,Male,38,5,0.0,2,1,1,81452.29,0.0,0.3333333333333333,2,190
2025,516,France,Male,46,2,0.0,2,1,1,169122.54,0.0,0.6666666666666666,2,92
2025,721,France,Female,55,3,44020.89,1,1,0,65864.4,0.6683462030140256,0.25,0,165
2025,688,Spain,Female,24,3,0.0,2,1,1,102195.16,0.0,0.5,2,72
2025,523,Spain,Female,24,5,172231.93,1,0,1,155144.12,1.1101343696791752,0.16666666666666666,1,120
2025,634,France,Female,45,2,0.0,4,1,0,101039.53,0.0,1.3333333333333333,0,90
2025,661,France,Female,31,3,133964.3,1,1,1,166187.1,0.8061004367942108,0.25,1,93
2025,763,Germany,Male,31,7,143966.3,2,1,1,140262.96,1.0263955188488902,0.25,2,217
2025,667,Germany,Female,48,1,97133.92,2,0,0,113316.77,0.8571817112179316,1.0,0,48
2025,778,France,Male,24,4,0.0,2,1,1,162809.2,0.0,0.4,2,96
2025,590,Germany,Male,36,6,92340.69,2,1,1,174667.58,0.5286622814475277,0.2857142857142857,2,216
2025,850,Germany,Female,31,1,108822.4,1,1,1,132173.31,0.8233248957380598,0.5,1,31
2025,483,France,Male,29,9,0.0,1,1,1,81634.45,0.0,0.1,1,261
2025,577,France,Female,32,1,0.0,2,1,0,9902.39,0.0,1.0,0,32
2025,421,France,Male,34,2,0.0,2,1,1,96615.23,0.0,0.6666666666666666,2,68
2025,635,France,Male,29,7,105405.97,1,1,1,149853.89,0.7033869231761473,0.125,1,203
2025,693,France,Male,37,1,0.0,2,1,1,82867.55,0.0,1.0,2,37
2025,580,France,Male,50,0,125647.36,1,1,0,57541.08,2.1835734822237916,1.0,0,0
2025,719,Spain,Male,35,1,100829.94,1,1,1,165008.97,0.6110536230022949,0.5,1,35
2025,643,France,Male,33,4,0.0,2,1,1,152992.04,0.0,0.4,2,132
2025,625,France,Female,58,10,53772.73,1,1,1,192072.1,0.2799597132550055,0.09090909090909091,1,580
2025,651,Spain,Male,23,4,115636.05,2,1,0,70400.86,1.6425141324391146,0.4,0,92
2025,793,Germany,Female,34,5,127758.09,1,1,0,143357.03,0.8911819589038716,0.16666666666666666,0,170
2025,616,Germany,Male,41,10,113220.2,2,1,1,114072.91,0.9925161678073452,0.18181818181818182,2,410
2025,788,France,Male,55,3,0.0,1,0,1,13288.46,0.0,0.25,1,165
2025,829,Germany,Male,28,3,132405.52,3,1,0,104889.2,1.2623249836495687,0.75,0,84
2025,685,France,Female,33,6,0.0,2,0,1,186785.01,0.0,0.2857142857142857,2,198
2025,735,France,Male,73,9,0.0,1,1,1,114283.33,0.0,0.1,1,657
2025,589,France,Female,37,6,138497.84,1,0,1,18988.58,7.2933598320763275,0.14285714285714285,1,222
2025,752,Germany,Female,42,3,65046.08,2,0,1,140139.28,0.46414977906423477,0.5,2,126
2025,637,Spain,Male,37,8,0.0,1,1,1,186062.36,0.0,0.1111111111111111,1,296
2025,654,France,Male,55,3,87485.67,1,1,1,3299.01,26.510728755367406,0.25,1,165
2025,739,Spain,Female,27,8,98926.4,1,1,1,106969.98,0.9247966130627203,0.1111111111111111,1,216
2025,786,France,Male,32,2,120452.4,2,0,0,79602.86,1.5131477292684048,0.6666666666666666,0,64
2025,677,France,Male,37,3,88363.03,1,0,1,117946.3,0.7491738259375161,0.25,1,111
2025,567,France,Female,41,9,137891.35,1,1,0,142009.46,0.9709943197141958,0.1,0,369
2025,699,Spain,Male,31,6,114493.68,1,0,0,138396.32,0.8272824936205411,0.14285714285714285,0,186
2025,777,France,Male,29,2,0.0,2,1,0,124489.88,0.0,0.6666666666666666,0,58
2025,571,France,Female,35,1,104783.81,2,0,1,178512.52,0.5869796864685656,1.0,2,35
2025,548,France,Female,36,3,0.0,1,1,0,65996.9,0.0,0.25,0,108
2025,616,France,Male,31,1,0.0,2,1,1,54706.75,0.0,1.0,2,31
2025,703,Spain,Male,20,3,165260.98,1,1,1,41626.78,3.9699686123064937,0.25,1,60
2025,568,Spain,Female,46,3,0.0,2,1,1,29372.62,0.0,0.5,2,138
2025,675,France,Female,49,0,0.0,1,1,1,80496.71,0.0,1.0,1,0
2025,709,France,Female,36,7,0.0,1,0,1,42085.58,0.0,0.125,1,252
2025,686,France,Female,41,10,0.0,1,1,1,144272.71,0.0,0.09090909090909091,1,410
2025,670,Spain,Female,20,4,0.0,2,1,0,119759.24,0.0,0.4,0,80
2025,806,Germany,Male,34,2,96152.68,2,1,0,143711.02,0.669064981481716,0.6666666666666666,0,68
2025,699,France,Male,64,9,113109.52,1,1,0,27980.8,4.042253178851968,0.1,0,576
2025,756,Spain,Male,29,2,117412.19,2,1,0,4888.91,24.011114723992875,0.6666666666666666,0,58
2025,682,France,Female,30,9,0.0,2,1,1,195104.91,0.0,0.2,2,270
2025,628,France,Female,37,9,0.0,2,1,1,34689.77,0.0,0.2,2,333
2025,627,Germany,Male,30,3,128770.88,2,1,1,40199.01,3.2032549245634514,0.5,2,90
2025,842,France,Male,44,3,141252.18,4,0,1,128521.16,1.099049222328663,1.0,4,132
2025,628,France,Female,50,4,143054.56,1,0,1,109608.81,1.305125517506143,0.2,1,200
2025,535,France,Female,31,7,111855.04,2,1,1,36278.89,3.0831140888244146,0.25,2,217
2025,623,France,Male,43,1,0.0,2,1,1,146379.3,0.0,1.0,2,43
2025,838,Spain,Male,43,9,123105.88,2,1,0,145765.83,0.8445397351372738,0.2,0,387
2025,602,Germany,Female,43,2,113641.49,4,1,0,115116.35,0.9871795172491376,1.3333333333333333,0,86
2025,675,France,Male,54,2,0.0,1,1,0,149583.67,0.0,0.3333333333333333,0,108
2025,611,Germany,Male,31,0,107884.81,2,1,1,183487.98,0.5879634297383962,2.0,2,0
2025,540,Germany,Male,44,3,164113.04,2,1,1,12120.79,13.538680343414628,0.5,2,132
2025,644,France,Female,40,9,137285.26,4,1,0,77063.63,1.781430209941967,0.4,0,360
2025,788,France,Female,33,5,0.0,2,0,0,116978.19,0.0,0.3333333333333333,0,165
2025,606,Germany,Female,27,6,172310.33,1,0,1,111448.92,1.546078543618515,0.14285714285714285,1,162
2025,656,France,Male,18,10,151762.74,1,0,1,127014.32,1.1948380715019258,0.09090909090909091,1,180
2025,740,France,Male,39,9,0.0,2,1,0,19047.23,0.0,0.2,0,351
2025,598,Germany,Female,27,10,171283.91,1,1,1,84136.12,2.035771012841894,0.09090909090909091,1,270
2025,631,France,Male,35,8,129205.49,1,1,1,79146.36,1.6324674632230312,0.1111111111111111,1,280
2025,588,France,Male,30,3,115007.08,1,0,0,176858.5,0.6502736918288246,0.25,0,90
2025,709,Spain,Male,35,2,0.0,2,1,0,104982.39,0.0,0.6666666666666666,0,70
2025,703,Germany,Female,29,3,122084.63,1,0,1,82824.08,1.4740055789864617,0.25,1,87
2025,671,France,Male,27,5,0.0,2,0,0,120893.07,0.0,0.3333333333333333,0,135
2025,734,France,Female,40,9,176914.8,1,1,1,12799.23,13.821220399945938,0.1,1,360
2025,791,Germany,Female,35,7,52436.2,1,1,0,161051.75,0.3255840089660065,0.125,0,245
2025,694,France,Male,39,5,77652.4,1,1,1,25407.59,3.056147546951641,0.16666666666666666,1,195
2025,569,Spain,Male,43,8,161546.68,2,0,1,178187.28,0.9066066522444686,0.2222222222222222,2,344
2025,671,Spain,Female,34,5,130929.02,4,1,1,28238.25,4.636419876590207,0.6666666666666666,4,170
2025,686,France,Male,41,5,128876.71,3,1,1,106939.34,1.2051271765172993,0.5,3,205
2025,807,Spain,Male,42,5,0.0,2,1,1,74900.9,0.0,0.3333333333333333,2,210
2025,710,France,Male,45,1,0.0,2,1,1,36154.66,0.0,1.0,2,45
2025,544,France,Male,44,1,0.0,2,0,0,69244.24,0.0,1.0,0,44
2025,730,Spain,Male,26,3,0.0,1,1,0,34542.41,0.0,0.25,0,78
2025,600,France,Male,29,8,0.0,2,0,1,34747.43,0.0,0.2222222222222222,2,232
2025,694,France,Female,38,5,195926.39,1,1,1,85522.84,2.290897953132133,0.16666666666666666,1,190
2025,619,France,Female,38,3,0.0,2,0,1,116467.35,0.0,0.5,2,114
2025,672,France,Male,34,9,0.0,2,1,0,161800.77,0.0,0.2,0,306
2025,648,France,Male,26,9,162923.85,1,1,0,98368.24,1.6562479287224339,0.1,0,234
2025,801,France,Male,38,5,0.0,2,1,0,66256.27,0.0,0.3333333333333333,0,190
2025,761,Spain,Female,32,4,103515.39,2,1,1,177622.38,0.5827802060742229,0.4,2,128
2025,777,France,Female,32,2,0.0,1,1,0,136458.19,0.0,0.3333333333333333,0,64
2025,468,Germany,Male,29,1,111681.98,2,1,1,195711.16,0.5706440519587541,1.0,2,29
2025,496,Germany,Female,55,4,125292.53,1,1,1,31532.96,3.9732570853771616,0.2,1,220
2025,682,Spain,Female,50,10,128039.01,1,1,1,102260.16,1.2520785995386712,0.09090909090909091,1,500
2025,749,France,Female,33,1,74385.98,1,1,0,20164.47,3.6887798796655864,0.5,0,33
2025,461,Spain,Female,35,8,0.0,1,1,0,132295.95,0.0,0.1111111111111111,0,280
2025,562,Germany,Female,31,9,117153.0,1,1,1,108675.01,1.0780024036583604,0.1,1,279
2025,765,Germany,Male,36,8,92310.54,2,1,1,72924.56,1.2658187335140108,0.2222222222222222,2,288
2025,678,France,Female,26,1,0.0,2,1,0,45443.68,0.0,1.0,0,26
2025,750,France,Male,38,5,151532.4,1,1,1,46555.15,3.254830994401384,0.16666666666666666,1,190
2025,500,Spain,Male,37,9,125822.21,1,1,0,111698.0,1.1264398965075784,0.1,0,333
2025,673,France,Female,40,5,137494.28,1,1,0,81753.92,1.681786001380712,0.16666666666666666,0,200
2025,657,Spain,Male,42,5,41473.33,1,1,0,112979.6,0.3670836409082621,0.16666666666666666,0,210
2025,843,France,Female,27,5,0.0,2,1,1,67494.23,0.0,0.3333333333333333,2,135
2025,552,France,Male,36,8,0.0,2,0,0,132547.02,0.0,0.2222222222222222,0,288
2025,523,Spain,Female,36,8,113680.54,1,0,0,13197.44,8.61318004248987,0.1111111111111111,0,288
2025,756,Spain,Male,38,6,119208.85,1,1,0,169763.89,0.7021996715575287,0.14285714285714285,0,228
2025,608,Germany,Female,30,2,91057.37,2,1,0,132973.17,0.6847748701871949,0.6666666666666666,0,60
2025,529,France,Male,43,6,93616.35,2,0,0,98348.66,0.951872634841849,0.2857142857142857,0,258
2025,587,France,Female,46,6,88820.29,1,0,0,70224.34,1.2647897468349742,0.14285714285714285,0,276
2025,700,Spain,Female,46,5,56580.95,2,0,1,45424.13,1.2455869691512165,0.3333333333333333,2,230
2025,678,France,Male,41,2,148088.11,1,1,0,14083.12,10.514544749689719,0.3333333333333333,0,82
2025,573,Spain,Male,33,1,160777.9,1,1,1,149536.15,1.0751702837722934,0.5,1,33
2025,779,France,Male,32,10,80728.15,1,1,0,86306.75,0.9353522713777151,0.09090909090909091,0,320
2025,734,France,Male,37,3,80387.81,1,0,1,77272.62,1.0403008167599759,0.25,1,111
2025,554,France,Female,48,7,0.0,2,1,1,63708.07,0.0,0.25,2,336
2025,652,Germany,Male,46,10,121063.8,3,1,0,151481.86,0.7991914068693977,0.2727272727272727,0,460
2025,652,Spain,Female,42,3,83492.07,2,1,0,37914.12,2.202078484783907,0.5,0,126
2025,721,Germany,Male,40,6,100275.88,1,1,0,138564.48,0.7236714367820903,0.14285714285714285,0,240
2025,652,France,Female,32,2,0.0,2,1,0,54628.11,0.0,0.6666666666666666,0,64
2025,680,France,Male,37,4,0.0,2,1,0,61240.87,0.0,0.4,0,148
2025,696,Spain,Male,60,8,88786.81,1,1,1,196858.4,0.4510163598995019,0.1111111111111111,1,480
2025,732,Spain,Female,67,1,0.0,2,1,1,177783.04,0.0,1.0,2,67
2025,772,France,Male,34,9,0.0,2,1,0,170980.86,0.0,0.2,0,306
2025,687,France,Female,61,7,80538.56,1,1,0,131305.37,0.6133636928657764,0.125,0,427
2025,600,France,Female,32,1,78535.25,1,1,0,64349.6,1.2204276261604399,0.5,0,32
2025,535,France,Female,38,0,135919.33,1,1,0,80425.65,1.6899787570413538,1.0,0,0
2025,654,France,Female,28,7,0.0,2,1,0,151316.37,0.0,0.25,0,196
2025,616,Spain,Female,36,6,0.0,1,1,1,12916.32,0.0,0.14285714285714285,1,216
2025,721,Spain,Male,38,7,0.0,1,0,1,53534.8,0.0,0.125,1,266
2025,725,Germany,Female,47,1,104887.43,1,0,0,86622.56,1.210841831021491,0.5,0,47
2025,555,France,Male,40,10,43028.77,1,1,0,170514.21,0.2523456411894282,0.09090909090909091,0,400
2025,618,Germany,Female,29,10,100315.1,2,1,1,32526.64,3.0839956418602767,0.18181818181818182,2,290
2025,698,Spain,Female,39,9,161993.89,1,0,0,90212.38,1.7956747657609105,0.1,0,351
2025,729,France,Male,39,4,121404.64,1,1,1,159618.17,0.7605893452522025,0.2,1,156
2025,730,Germany,Male,45,6,152880.97,1,0,0,162478.11,0.9409269290064428,0.14285714285714285,0,270
2025,747,France,Male,29,7,0.0,2,1,1,141706.43,0.0,0.25,2,203
2025,663,Germany,Male,42,5,90248.79,1,1,1,79169.73,1.139926207576967,0.16666666666666666,1,210
2025,518,France,Female,27,1,133801.49,1,1,1,143315.57,0.933607956149104,0.5,1,27
2025,608,France,Male,59,1,0.0,1,1,0,70649.64,0.0,0.5,0,59
2025,503,France,Male,42,8,104430.08,1,1,1,147557.71,0.707718846281592,0.1111111111111111,1,336
2025,579,France,Male,38,8,0.0,2,0,0,91763.67,0.0,0.2222222222222222,0,304
2025,634,Spain,Male,34,1,0.0,2,1,0,61995.57,0.0,1.0,0,34
2025,789,Germany,Male,43,8,119654.44,2,0,1,148412.24,0.806224835466162,0.2222222222222222,2,344
2025,688,Spain,Female,46,8,155681.72,1,1,0,26287.21,5.9221118516627795,0.1111111111111111,0,368
2025,644,Spain,Male,18,7,0.0,1,0,1,59645.24,0.0,0.125,1,126
2025,524,France,Male,52,2,87894.26,1,1,0,173899.42,0.5054286815408495,0.3333333333333333,0,104
2025,609,Spain,Male,61,1,0.0,1,1,0,22447.85,0.0,0.5,0,61
2025,512,Spain,Female,35,5,124580.69,1,1,1,18785.48,6.631401412079326,0.16666666666666666,1,175
2025,606,France,Male,34,5,0.0,1,1,0,161971.42,0.0,0.16666666666666666,0,170
2025,686,Germany,Male,43,2,134896.03,1,1,1,97847.05,1.3786276783236866,0.3333333333333333,1,86
2025,661,France,Male,47,5,0.0,1,0,1,107243.31,0.0,0.16666666666666666,1,235
2025,734,Germany,Female,52,6,71283.09,2,0,1,38984.37,1.828457444420817,0.2857142857142857,2,312
2025,633,France,Female,34,3,123034.43,2,1,1,38315.04,3.2110424250522756,0.5,2,102
2025,532,Germany,Male,52,9,137755.76,1,1,0,163191.99,0.8441279248575568,0.1,0,468
2025,573,Spain,Male,28,8,0.0,2,0,0,77660.03,0.0,0.2222222222222222,0,224
2025,765,Spain,Female,33,5,84557.82,1,1,1,69039.43,1.224758014977601,0.16666666666666666,1,165
2025,547,Germany,Male,25,4,98141.57,2,1,1,52309.8,1.8761244331954396,0.4,2,100
2025,597,France,Female,42,4,64740.12,1,1,1,106841.12,0.6059419262740201,0.2,1,168
2025,598,France,Male,28,8,129991.76,2,0,1,46041.08,2.8233250973891706,0.2222222222222222,2,224
2025,582,France,Female,29,0,0.0,1,1,1,84012.81,0.0,1.0,1,0
2025,696,France,Female,31,8,0.0,2,0,0,191074.11,0.0,0.2222222222222222,0,248
2025,695,Spain,Male,28,0,96020.86,1,1,1,57992.49,1.6557179090273755,1.0,1,0
2025,606,France,Male,37,6,82373.94,1,0,0,172526.9,0.4774528641454513,0.14285714285714285,0,222
2025,794,Germany,Female,55,6,115796.7,1,1,0,160526.36,0.7213517994689503,0.14285714285714285,0,330
2025,653,Spain,Male,35,9,0.0,2,1,1,45956.05,0.0,0.2,2,315
2025,677,Spain,Female,35,0,0.0,2,0,0,76637.38,0.0,2.0,0,0
2025,801,Spain,Male,42,4,141947.67,1,1,1,10598.29,13.392186646464056,0.2,1,168
2025,621,France,Male,27,4,137003.68,1,1,0,21254.06,6.4456971657572355,0.2,0,108
2025,584,France,Male,28,10,0.0,2,1,0,19834.32,0.0,0.18181818181818182,0,280
2025,580,Germany,Male,38,9,115442.19,2,1,0,128481.5,0.8985051660732006,0.2,0,342
2025,638,Spain,Male,30,9,136808.53,2,1,1,106642.97,1.282852935801246,0.2,2,270
2025,683,Germany,Female,49,7,108797.63,2,0,0,140763.18,0.7729070705345636,0.25,0,343
2025,544,France,Male,64,9,113829.45,1,1,1,124341.49,0.915450945207869,0.1,1,576
2025,695,Spain,Female,34,9,0.0,2,1,1,67502.12,0.0,0.2,2,306
2025,644,France,Male,33,2,0.0,1,1,0,96420.58,0.0,0.3333333333333333,0,66
2025,823,France,Male,37,5,164858.18,1,1,1,173516.71,0.950094258390109,0.16666666666666666,1,185
2025,622,Spain,Male,36,9,0.0,2,1,1,104852.6,0.0,0.2,2,324
2025,776,Spain,Male,35,8,106365.29,1,1,1,148527.56,0.7161268512937848,0.1111111111111111,1,280
2025,674,France,Male,46,2,174701.05,1,1,0,90189.72,1.937018021366278,0.3333333333333333,0,92
2025,645,France,Female,38,7,59568.57,1,1,1,167723.25,0.355157766393351,0.125,1,266
2025,623,Spain,Male,44,1,83325.77,1,0,1,80828.78,1.0308795842324452,0.5,1,44
2025,594,France,Male,35,2,0.0,2,1,0,103480.69,0.0,0.6666666666666666,0,70
2025,539,Spain,Male,39,2,0.0,2,1,1,48189.94,0.0,0.6666666666666666,2,78
2025,834,France,Male,23,4,131254.81,1,1,0,20199.3,6.4976663712915155,0.2,0,92
2025,633,France,Male,29,7,0.0,1,1,1,130224.73,0.0,0.125,1,203
2025,707,France,Female,42,10,0.0,2,1,1,152944.39,0.0,0.18181818181818182,2,420
2025,609,France,Male,41,6,0.0,1,0,1,112585.19,0.0,0.14285714285714285,1,246
2025,647,Spain,Male,33,7,121260.19,2,1,0,77216.48,1.570372278401212,0.25,0,231
2025,780,Germany,Female,37,10,95196.26,1,1,0,126310.39,0.7536633077982912,0.09090909090909091,0,370
2025,697,France,Female,76,7,0.0,2,0,1,188772.45,0.0,0.25,2,532
2025,850,France,Male,46,9,117640.39,1,1,0,88920.68,1.3229663452152503,0.1,0,414
2025,801,Spain,Male,58,1,79954.61,2,1,1,30484.19,2.622736154834528,1.0,2,58
2025,661,Spain,Male,42,2,178820.91,1,0,0,29358.57,6.090719652910448,0.3333333333333333,0,84
2025,509,France,Male,55,8,132387.91,2,1,1,170360.11,0.7771017105958045,0.2222222222222222,2,440
2025,680,France,Male,23,5,140007.19,1,0,1,31714.08,4.414530564009298,0.16666666666666666,1,115
2025,560,Spain,Female,28,1,0.0,2,1,1,120880.72,0.0,1.0,2,28
2025,716,France,Female,29,6,0.0,2,1,1,98998.61,0.0,0.2857142857142857,2,174
2025,570,France,Female,29,0,0.0,1,1,0,37092.43,0.0,1.0,0,0
2025,565,France,Female,40,2,0.0,2,1,1,129956.13,0.0,0.6666666666666666,2,80
2025,646,Germany,Male,39,9,111574.41,1,1,1,30838.51,3.61790475918716,0.1,1,351
2025,670,Germany,Female,32,4,102954.68,2,0,1,134942.45,0.762946849217209,0.4,2,128
2025,850,Germany,Female,38,2,102741.15,2,0,1,23974.85,4.285193225683344,0.6666666666666666,2,76
2025,536,France,Female,61,8,65190.29,1,1,1,64308.49,1.0136962678447614,0.1111111111111111,1,488
2025,608,Germany,Male,23,8,197715.93,2,1,1,116124.28,1.7026088548505545,0.2222222222222222,2,184
2025,758,France,Female,42,7,0.0,2,0,1,76209.56,0.0,0.25,2,294
2025,652,France,Female,80,4,0.0,2,1,1,188603.07,0.0,0.4,2,320
2025,672,France,Female,34,8,0.0,2,1,1,16245.25,0.0,0.2222222222222222,2,272
2025,613,France,Female,40,9,95624.36,2,1,1,60706.33,1.5751699177018657,0.2,2,360
2025,539,Germany,Female,38,8,82407.51,1,1,0,13123.41,6.278949682309528,0.1111111111111111,0,304
2025,758,Germany,Male,41,10,79857.64,1,1,1,78088.17,1.0226468023670887,0.09090909090909091,1,410
2025,717,France,Female,36,5,0.0,2,1,1,145551.6,0.0,0.3333333333333333,2,180
2025,830,Germany,Female,40,8,77701.64,1,0,1,19512.38,3.9819672450390446,0.1111111111111111,1,320
2025,731,Spain,Female,26,3,0.0,2,1,0,37697.29,0.0,0.5,0,78
2025,625,Spain,Female,31,8,0.0,2,1,0,151843.54,0.0,0.2222222222222222,0,248
2025,650,Germany,Female,55,2,140891.46,3,1,1,179834.45,0.783446534039868,1.0,3,110
2025,448,Spain,Male,25,2,0.0,2,0,0,95215.73,0.0,0.6666666666666666,0,50
2025,579,Spain,Male,37,4,0.0,2,1,1,32246.63,0.0,0.4,2,148
2025,823,France,Female,44,1,0.0,2,0,1,182495.7,0.0,1.0,2,44
2025,722,Germany,Female,32,5,106807.64,1,1,1,76998.69,1.3871177922924105,0.16666666666666666,1,160
2025,619,France,Female,30,7,70729.17,1,1,1,160948.87,0.43944844441315795,0.125,1,210
2025,532,France,Male,36,4,0.0,2,1,1,132798.78,0.0,0.4,2,144
2025,598,Spain,Male,34,0,104488.17,1,0,1,43249.67,2.41587401998628,1.0,1,0
2025,711,France,Female,81,6,0.0,2,1,1,72276.24,0.0,0.2857142857142857,2,486
2025,806,Spain,Female,37,2,137794.18,2,0,1,75232.02,1.8315651824159125,0.6666666666666666,2,74
2025,850,Spain,Male,30,2,141040.01,1,1,1,5978.2,23.588441597538136,0.3333333333333333,1,60
2025,842,Spain,Female,44,2,112652.08,2,1,0,126644.98,0.8895037963305271,0.6666666666666666,0,88
2025,754,France,Female,45,6,0.0,1,1,0,73881.68,0.0,0.14285714285714285,0,270
2025,470,Spain,Male,31,4,55732.92,2,1,1,103792.53,0.5369594810004054,0.4,2,124
2025,502,Germany,Female,42,0,132002.7,1,0,1,28204.98,4.679954392650069,1.0,1,0
2025,718,France,Female,67,7,0.0,3,1,1,82782.08,0.0,0.375,3,469
2025,622,France,Male,38,5,0.0,2,0,0,105295.77,0.0,0.3333333333333333,0,190
2025,697,France,Female,42,1,0.0,1,1,0,1262.83,0.0,0.5,0,42
2025,659,Spain,Male,32,3,107594.11,2,1,1,102416.84,1.0505407065800256,0.5,2,96
2025,624,Germany,Female,27,7,104848.68,1,1,1,167387.36,0.6263797554381918,0.125,1,189
2025,698,France,Female,39,4,0.0,2,0,1,47455.82,0.0,0.4,2,156
2025,646,Spain,Male,25,5,182876.88,2,1,1,42537.59,4.299081845449039,0.3333333333333333,2,125
2025,812,France,Male,24,10,0.0,2,1,1,156906.15,0.0,0.18181818181818182,2,240
2025,629,Spain,Female,30,2,34013.63,1,1,0,19570.63,1.73790481426432,0.3333333333333333,0,60
2025,754,Germany,Male,65,1,136186.44,1,1,1,121529.59,1.1205939179592563,0.5,1,65
2025,527,France,Male,32,0,0.0,1,1,0,109523.88,0.0,1.0,0,0
2025,850,France,Female,27,7,43658.33,2,1,1,3025.49,14.425400381299792,0.25,2,189
2025,667,Spain,Female,34,5,0.0,2,1,0,163830.64,0.0,0.3333333333333333,0,170
2025,659,Spain,Male,31,7,149620.88,2,1,1,104533.51,1.4313060825558948,0.25,2,217
2025,408,France,Male,40,3,0.0,2,0,0,124874.23,0.0,0.5,0,120
2025,505,Germany,Male,29,3,145541.56,2,1,1,58019.95,2.5084311787380247,0.5,2,87
2025,580,Germany,Female,36,3,74974.89,1,1,1,12099.67,6.195928820470272,0.25,1,108
2025,710,France,Male,33,10,118327.17,2,1,1,192928.82,0.6133171637230574,0.18181818181818182,2,330
2025,803,France,Female,26,4,0.0,2,1,1,181208.47,0.0,0.4,2,104
2025,596,Spain,Female,30,1,0.0,2,1,0,8125.39,0.0,1.0,0,30
2025,732,Germany,Female,45,6,98792.4,1,1,0,81491.7,1.2122852721777533,0.14285714285714285,0,270
2025,722,Spain,Female,32,4,0.0,2,1,1,113666.48,0.0,0.4,2,128
2025,649,France,Female,42,7,0.0,2,0,1,22974.01,0.0,0.25,2,294
2025,647,France,Male,41,4,138937.35,1,1,1,101617.64,1.3672427617610312,0.2,1,164
2025,593,Germany,Female,38,4,129499.42,1,1,1,154071.27,0.8405108849243281,0.2,1,152
2025,669,France,Male,26,4,0.0,2,1,1,197594.34,0.0,0.4,2,104
2025,684,France,Female,43,7,0.0,2,1,0,131093.99,0.0,0.25,0,301
2025,707,Spain,Male,32,9,0.0,2,1,0,126475.79,0.0,0.2,0,288
2025,668,France,Female,31,9,0.0,2,0,0,41291.73,0.0,0.2,0,279
2025,850,France,Male,33,7,140956.99,1,0,0,3510.18,40.1451905057559,0.125,0,231
2025,652,Spain,Male,41,8,115144.68,1,1,0,188905.43,0.6095328782614758,0.1111111111111111,0,328
2025,802,France,Female,39,7,120145.96,2,0,1,59497.01,2.019327369100244,0.25,2,273
2025,592,Germany,Male,36,2,104702.65,2,1,0,107948.72,0.9699205333742412,0.6666666666666666,0,72
2025,850,France,Male,35,9,102050.47,1,1,1,3769.71,27.063993253259998,0.1,1,315
2025,625,Germany,Male,56,0,148507.24,1,1,0,46824.08,3.171532008060637,1.0,0,0
2025,547,Spain,Female,22,7,141287.15,1,1,0,118142.79,1.195891464121813,0.125,0,154
2025,711,France,Male,52,5,0.0,1,1,1,159808.95,0.0,0.16666666666666666,1,260
2025,542,France,Male,39,3,135096.77,1,1,1,14353.43,9.41150362640662,0.25,1,117
2025,640,Spain,Male,34,1,137523.02,1,0,0,24761.36,5.5537121663686335,0.5,0,34
2025,639,France,Male,66,0,0.0,2,0,1,42240.54,0.0,2.0,2,0
2025,437,France,Female,39,0,102721.49,1,0,0,22191.82,4.628591138935926,1.0,0,0
2025,624,Germany,Female,35,0,180303.24,2,1,0,163587.9,1.1021728246843154,2.0,0,0
2025,688,Spain,Female,35,6,0.0,1,1,0,25488.43,0.0,0.14285714285714285,0,210
2025,712,Spain,Male,74,5,0.0,2,0,0,151425.82,0.0,0.3333333333333333,0,370
2025,667,France,Female,37,9,71786.9,2,1,1,67734.79,1.0598075256817703,0.2,2,333
2025,687,Spain,Male,35,8,100988.39,2,1,0,22247.27,4.539156977149235,0.2222222222222222,0,280
2025,802,Spain,Male,51,7,0.0,1,0,1,40855.79,0.0,0.125,1,357
